"cell50x50","ccv","log_ccv"
"29SMC3",8.19816621678899,1.99626274520377
"29SMD3",32.821538751436,2.98526608985829
"29SMD4",13.8404559603779,2.32311175459638
"29SME4",NA,NA
"29SNA1",NA,NA
"29SNA3",12.6938325634445,2.54090076272319
"29SNB1",15.8490135180162,2.59022107253182
"29SNB2",9.24606737207382,1.94488929052545
"29SNB3",24.0238251025504,2.95665275760072
"29SNB4",9.36789917556468,2.04117259297785
"29SNC1",36.8283040737437,3.37151032042374
"29SNC2",23.2992041650111,2.68044706595678
"29SNC3",19.2888203821594,2.69961919025793
"29SNC4",45.9317042240311,3.36292625698914
"29SND1",11.2317142564103,2.03845844473594
"29SND2",39.9874531318864,3.28802380831468
"29SND3",13.9641864908635,2.38071532548374
"29SND4",32.0767187551577,3.24020935972302
"29SNE2",19.7214182371047,2.52613029507076
"29SNE4",5.52448172376342,1.428644605861
"29SPA1",15.7401928202857,2.75621749325003
"29SPB1",21.1720269956638,2.84524346796222
"29SPB2",12.8204190148016,2.25567537365516
"29SPB3",11.6617067162364,2.0381931957062
"29SPB4",18.5318582407493,2.61712307132451
"29SPC1",17.9594256002269,2.74574733005822
"29SPC2",20.3960616612074,2.82175802609764
"29SPC3",20.2956364748289,2.6593336020167
"29SPC4",12.9006307653511,2.15783048659809
"29SPD1",13.8387567535401,2.32374686557548
"29SPD2",17.2556722362341,2.65001969810468
"29SPD3",18.1464957252678,2.29298717785164
"29SPD4",23.6900531616876,2.65568079688559
"29SPE2",8.01154459932258,1.67665039912728
"29SPE4",12.0268784898719,2.11331490413254
"29SQA1",36.0570888717263,3.34068837903427
"29SQA2",27.2834520813144,3.18379091758499
"29SQB1",7.69207556703168,1.87132533727557
"29TNH4",6.06348868060865,1.6500516658683
"29SQB2",26.1994108772474,2.94926619312921
"29SQC1",15.6420948507323,2.354381574329
"29SQC2",12.8827471648636,1.94668028048647
"29SQD1",18.4591725935769,2.44134543067604
"29SQD2",17.7259641289715,2.55687371000456
"29SQE2",12.2642542045672,2.16984833497554
"29TMH3",9.90632223776307,1.94014011835731
"29TMH4",5.78040839642393,1.43332007046097
"29TNE1",16.2377106618746,2.67677718479107
"29TNE3",6.87764962962764,1.65642831979339
"29TNF1",14.8803870206886,2.40763569195641
"29TNF2",10.5540985443119,2.20062186625048
"29TNF3",6.60523568332654,1.33825701448452
"29TNF4",4.44640809193859,1.18707609680383
"29TNG1",4.85283869282128,1.39940420587068
"29TNG2",7.06497487405405,1.57286806309102
"29TNG3",3.84576062903782,1.11015731137138
"29TNG4",3.68017857592469,1.01439546884512
"29TNH1",10.5898370271615,2.01336160732123
"29TNH2",6.60034972156571,1.51755759777723
"29TNH3",10.3191296827368,1.96586328246464
"29TNJ2",6.56980284524952,1.88248382371285
"29TNJ4",7.18126834610154,1.66775367935828
"29TPE1",3.81860066837245,0.890289254280328
"29TPE3",8.09769408736679,1.63277496418597
"29TPF1",4.00874880533754,1.21029403797961
"29TPF2",6.05416023409814,1.52734823485966
"29TPF3",5.69789825824024,1.4530276907066
"29TPF4",7.97467309159889,1.84457437351979
"29TPG1",4.24476913462846,1.15385608622214
"29TPG2",7.72939704296535,1.24896862253786
"29TPG3",2.71092137891361,0.803869535146394
"29TPG4",4.95304671046665,1.44153263136085
"29TPH1",10.5761460034109,2.01994734503735
"29TPH2",4.84351125345491,1.38366246158744
"29TPH3",6.03355861194396,1.1761181126351
"29TPH4",3.69039583524992,1.03665325440622
"29TPJ2",4.22264115201364,1.24888930441343
"29TPJ4",2.76612758695139,0.90546575568136
"29TQE1",4.19765746301061,1.13206704101882
"29TQF1",22.9429855668005,2.56261869902833
"29TQF2",21.8458577722197,2.793208689465
"29TQG1",6.11526211606463,1.590108035547
"29TQG2",9.81299665147407,2.11940166857156
"29TQH1",3.2763958744566,0.935694815555719
"29TQH2",3.36347827314066,1.06763163000528
"29TQJ2",5.15464441308213,1.381051546185
"29ULT3",NA,NA
"29UMA2",12.0643800446175,2.27662328500304
"29UMA4",6.54030244264122,1.69060133258247
"29UMS1",NA,NA
"29UMT1",3.59353449741307,1.03350567345689
"29UMT2",3.34451613141922,1.0480881423487
"29UMT3",4.84172500664127,1.31997491997904
"29UMT4",5.60988054545722,1.45316220555701
"29UMU2",14.1682545226995,2.64159702942212
"29UMU3",8.00608101400561,1.78269195382517
"29UMU4",8.59157487458462,1.80764427501175
"29UMV1",13.5763741712696,1.93545806799445
"29UMV2",7.13709581062552,1.48991637959923
"29UMV3",8.82510470936893,1.83953248500295
"29UMV4",8.91709351878026,1.75652614255758
"29UNA1",7.32289085598115,1.65339932790641
"29UNA2",8.2703928182209,1.57224535193521
"29UNA3",11.8871641741713,1.9875528921948
"29UNA4",9.06612017186946,1.81887844897661
"29UNB4",8.09431013466398,1.81387751722511
"29UNT1",8.39957578216195,1.7517527661747
"29UNT2",12.9780020253608,2.40650922396139
"29UNT3",6.88465312532811,1.5317479795518
"29UNU1",8.79804328542801,1.77245193934015
"29UNU2",8.48084924311998,1.93202949791602
"29UNU3",13.3930590058933,2.20471684559797
"29UNU4",14.3207228673541,2.00693359267836
"29UNV1",14.700280933311,2.40867215485069
"29UNV2",16.1501166153023,2.55363386904247
"29UNV3",17.6451254538118,2.43982561530677
"29UNV4",18.4752408654661,2.58556083549369
"29UPA1",7.88004444961353,1.77320293151148
"29UPA2",12.2035047091371,2.30012866528383
"29UPA3",11.4234169162591,2.10204779969706
"29UPA4",10.7808819834033,2.09983238783624
"29UPB2",6.19665262378732,1.63650222290472
"29UPB4",10.3784558446055,1.96354699559645
"29UPT1",14.4637126323379,2.06321827789023
"30STF3",13.0831108901516,2.05181235140418
"29UPU1",15.3872623172526,2.2376225308552
"29UPU2",7.77065862663775,1.64310112906994
"29UPU3",3.69156301647565,1.16631558060014
"29UPU4",8.79277826054065,1.94995467491476
"29UPV1",16.258621282068,2.55853831385326
"29UPV2",31.3995126936448,3.07281445285982
"29UPV3",11.1561961778914,2.17224266502318
"29UPV4",14.5635216215416,2.29035069067066
"29VPC3",8.45271028746175,2.0065984546383
"30SUK2",13.7487819309072,2.32485453539471
"29VPE4",9.36220372161406,2.03548630553705
"30SUG1",17.1011656341138,2.48069168332909
"30STG3",11.3910794302404,2.04694010889731
"30STG4",18.6862454749335,2.69700340836956
"30STH3",17.3130089016572,2.43139077704703
"30STH4",12.4896632722349,2.08417011088017
"30STJ3",5.81944860738814,1.55295790105269
"30STJ4",23.7981373355019,2.85747186557637
"30STK4",12.143070704248,1.69829530356997
"30SUF1",5.02273571005114,1.41455357939255
"30SUF2",2.27407984561473,0.733217889985121
"30SUF3",4.32753159521311,1.24160954050881
"30SUF4",2.24683179376317,0.809521132262851
"30SUG2",13.3829460067553,2.29247366689083
"30SUG3",13.4423622858416,2.24911266277075
"30SUG4",8.28348492279697,1.81924627316759
"30SUH1",11.2567820263921,2.29707232972782
"30SUH2",8.21083602310438,1.85541949459244
"30SUH3",8.50133619969574,1.86778172185034
"30SUH4",8.91488177512714,1.83458224489633
"30SUJ1",5.67396902573271,1.55842002530091
"30SUJ2",12.2542687635842,2.17665349288296
"30SUJ3",5.03266391700182,1.44975186093222
"30SUJ4",12.4817918763712,2.19117225041376
"30SUK4",21.3571138825272,2.45570713017609
"30SVF1",2.86221128779591,0.849850402141363
"30SVF3",1.98061702722051,0.331981909340396
"30SVG1",6.27570149429003,1.4782689618171
"30SVG2",4.52558357617947,1.36250161635968
"30SVG3",5.41577226501935,1.38229091866244
"30SVG4",2.87162346182937,0.7806481915969
"30SVH1",10.0570498978273,1.98538459724532
"30SVH2",11.9662543475958,1.97927700110148
"30SVH3",19.5094958537261,2.70196070719643
"30SVH4",6.19312597202668,1.68496348329657
"30SVJ1",13.107402223144,2.07658785725054
"30SVJ2",36.0828726459737,2.82373804830606
"30SVJ3",37.496311613041,3.22335106618357
"30SVJ4",44.0280474994053,3.24177769986494
"30SVK2",12.3816556592292,2.33835056628883
"30SVK4",13.1836979438142,2.36543224299114
"30SWF1",6.34945058873205,0.639932451529835
"30SWF3",6.50618807285024,1.45865255178119
"30SWG1",4.16537291332576,1.22115401800258
"30SWG2",2.52137458922856,0.66008785690622
"30SWG3",6.21464785869405,1.58035731231253
"30SWG4",3.90889310188606,1.17620876116783
"30SWH1",10.6666662223318,1.9950148089683
"30SWH2",4.13274691412451,1.15829056711676
"30TTN3",3.30902154803483,0.951667862507208
"30SWH3",6.11726481852144,1.5733079983887
"30SWH4",4.00877235568292,1.162222568819
"30SWJ1",21.5940367135801,2.72176304224496
"30SWJ2",22.0664264315991,2.67487181889149
"30SWJ3",21.0454299765698,2.49765475827678
"30SWJ4",28.0439240475708,2.94389284261079
"30SWK2",13.4863344195639,2.35913774826695
"30SWK4",8.64194023191227,1.89537517076774
"30SXF1",NA,NA
"30SXG1",5.97322740276693,1.37504969703066
"30SXG2",5.55384066113376,1.54976874226902
"30SXG3",8.60339735909516,1.95523749104764
"30SXH1",10.9358125731173,2.14799835959906
"30SXH2",6.56909221534996,1.67982817192704
"30SXH3",7.76377979905118,1.76051511466897
"30SXH4",11.1552924784368,1.95914850203327
"30SXJ1",9.1255172325374,2.03179878627448
"30SXJ2",18.4909559641826,2.46773516327161
"30SXJ3",5.66577116127437,1.52331196062561
"30SXJ4",6.09417547284155,1.51109712039586
"30SXK2",6.37371793157755,1.65967933529801
"30SXK4",3.94330639198651,1.09344034426439
"30SYG1",NA,NA
"30SYH1",3.56758350972314,1.05762835176476
"30SYH2",20.3699037651322,2.59469916112598
"30SYJ1",13.5023048417289,2.21299414239041
"30SYJ2",10.0034042406248,1.70445811421231
"30SYK2",4.69622123136034,1.31465372247249
"30TTK3",5.40455148430414,1.00386353709218
"30TTL3",18.0649837661756,2.72658699378831
"30TTL4",19.4570956253531,2.74728789609272
"30TTM3",35.2925942582861,3.14586059247194
"30TTM4",28.7302402549631,3.07245759638231
"30TTN4",7.75273951438393,1.7600403118474
"30TTP4",9.77140061759343,2.04629881714072
"30TUK1",3.26362892588151,0.789904612153339
"30TUK3",4.07614321025055,1.05953656894047
"30TUL1",32.8481890198007,3.36018637791966
"30TUL2",16.6537528889441,2.46292670217086
"30TUL3",34.8994573953701,3.30820609290811
"30TUL4",17.2532059062147,2.34352934394381
"30TUM1",32.7881556562921,3.32044085456214
"30TUM2",32.6380731405685,3.09176764101657
"30TUM3",24.8862041854428,3.04377817315482
"30TUM4",21.9347445232427,2.78118393288912
"30TUN1",3.35302942543672,0.978454415876728
"30TUN2",7.92746780740818,1.93473194727027
"30TUN3",2.48111707079889,0.748118476792949
"30TUN4",10.2753503961949,2.1386659088003
"30TUP2",7.28295609548458,1.73179998225102
"30TUP4",5.62969647320941,1.60281019471311
"30TUT3",NA,NA
"30TVK1",12.8692806435024,2.17249643617679
"30TVK3",10.1541686047415,2.15527754413244
"30TVL1",22.8770982627942,2.52328184323499
"30TVL2",3.13364898697369,0.842835500178457
"30TVL3",9.21003705663731,1.77187082037871
"30TVL4",6.10590573028642,1.66339576871224
"30TVM1",21.7594326497393,2.85689343929273
"30TVM2",22.281146844864,2.83517513051061
"30TVM3",6.1961762902303,1.54928779526011
"30TVM4",12.123460992111,2.29344566563653
"30TVN1",5.66183341507721,1.43825760888174
"30TVN2",15.2053858215221,2.44750056725044
"30TVN3",8.00595541077211,1.61644117378814
"30TVN4",8.55284812919094,1.85799416606678
"30TVP2",10.2025864435536,2.10583938017034
"30TVP4",6.85603481168446,1.80538751285642
"30TVT1",NA,NA
"30TVT3",18.2253116370267,2.83840147261754
"30TWK1",6.77639203737922,1.77582971586008
"30TWK3",5.18936711683441,1.51361580000677
"30TWL1",15.3194888095411,2.50256397020731
"30TWL2",11.3993728442107,2.2436069887942
"30TWL3",6.987422510821,1.82798154436579
"30TWL4",10.6149991967532,2.14359770266319
"30TWM1",4.02926172629213,1.1935797993223
"30TWM2",12.3570693040002,2.01653438528139
"30TWM3",7.32433922843164,1.62288151025828
"30TWM4",9.7916945478861,1.8861136330504
"30TWN1",6.02220807374137,1.51091767122868
"30TWN2",6.71113358253603,1.72722218960803
"30TWN3",4.53177364129144,1.30257548423934
"30TWN4",6.53446775684759,1.62555007565084
"30TWP2",6.04561405143955,1.74073140682328
"30TWP4",4.99203865802561,1.60529431604137
"30TWS3",33.0767628973674,3.2167590333315
"30TWS4",NA,NA
"30TWT1",30.6221123087073,3.17263738478874
"30TWT2",91.4879736799874,4.13877257794383
"30TWT3",36.3066980053834,3.40713798755892
"30TWT4",30.2149065495293,3.24661903689031
"30TXK1",10.7849720051064,1.63630564393072
"30TXK3",5.50873162354365,1.47208107307634
"30TXL1",7.78676907594393,1.79887470645111
"30TXL2",11.1194287391399,1.99872769429385
"30TXL3",6.99825967711594,1.83093361813047
"30TXL4",7.15832063415089,1.79594823623323
"30TXM1",20.0460829411267,2.54761640484212
"30TXM2",11.6429953809248,1.92350951379017
"30TXM3",14.3068112324534,2.08039237720161
"30TXM4",12.0137795388498,2.26333368712032
"30TXN1",7.01418830517087,1.64473371809391
"30TXN2",6.36105594947176,1.65148465208605
"30TXN3",9.4360406118657,1.57882540967577
"30TXN4",4.62543560830576,1.31462109607501
"30TXP1",24.6416489277049,3.18220661475943
"30TXP2",29.2842665413426,3.11347077537702
"30TXP3",34.6878898609851,3.3157866645882
"30TXP4",38.6416099840699,3.37787329260513
"30TXQ1",30.3388459618141,3.33527333814352
"30TXQ2",33.0966952857827,3.36761225707396
"30TXQ3",29.7742089094887,3.17514838534634
"30TXQ4",47.870610512032,3.68912193711727
"30TXR1",61.2645656993771,3.94596475242523
"30TXR2",48.0001213438828,3.78700024985581
"30TXR3",47.2890641038637,3.65436182263789
"30TXR4",70.0056745448418,3.79318280849473
"30TXS1",44.5066480744125,3.54927827156203
"30TXS2",30.3348751265351,3.29948572750781
"30TXS3",40.6880627876095,3.23355548094204
"30TXS4",42.6983884863587,3.53011510403807
"30TXT1",64.2786974504987,3.85171727601118
"30TXT2",43.5197438056239,3.41205633678001
"30TXT3",63.7130425543942,3.78135714036685
"30TXT4",38.6557371600963,3.47567972103965
"30TYK1",4.03622480290878,1.22751927174181
"30TYL1",17.7826262145219,2.56533651131484
"30TYL2",6.1479787636754,1.54233752302791
"30TYM1",11.5775817300674,1.90333760963343
"30TYM2",15.074776274246,2.46643432264685
"30TYN1",14.7701825374789,1.50183918597867
"30TYN2",2.67960350134742,0.764745845001117
"30TYP1",73.2977169075642,3.79318756170343
"30TYP2",37.0064492943344,3.34930741630618
"30TYQ1",32.6852050551464,3.29647360331912
"30TYQ2",50.8483528117303,3.68196638560716
"30TYR1",29.7052739330921,3.21574010764773
"30TYR2",43.3585920428,3.60123418663525
"30TYS1",39.7751519478409,3.5048199046618
"30TYS2",40.8826158738327,3.35858405898945
"30TYT1",47.5174708729493,3.59424706573683
"30TYT2",40.3206595087062,3.38616931144661
"30UUA2",7.97951362583316,1.84333377249063
"30UUA3",10.366317465812,2.06117756012223
"30UUA4",NA,NA
"30UUB3",NA,NA
"30UUB4",8.93916222422364,1.88535590147697
"30UUC3",12.2592507045499,2.2025507676396
"30UUC4",14.5852259648565,2.50804553567594
"30UUD1",NA,NA
"30UUD3",23.437910835823,3.07051454552349
"30UUD4",NA,NA
"30UUE1",2.02592364977086,0.706025719909505
"30UUF1",7.2039711643804,1.73788242895816
"30UUF2",16.7768273233028,2.48806799699428
"30UUF3",10.7280363703656,2.18926065274306
"30UUG1",5.64824445920163,1.45990153057524
"30UUG2",7.68151675085146,1.92297267719814
"30UUG3",4.51546969295029,1.27837319425795
"30UUG4",6.65459269161879,1.71725131033763
"30UUU3",22.8514427081526,2.97763879027955
"30UUU4",36.0982603836343,3.5026691005511
"30UVA1",9.6939207186132,1.83077944599468
"30UVB1",10.5228071818797,1.68640068908198
"30UVB2",11.0127597500365,2.07931222573141
"30UVB3",8.08885357310384,1.7959736938138
"30UVB4",7.97598158704429,1.92165190655484
"30UVC1",7.30072477730707,1.7633743456155
"30UVC2",8.01910876192911,1.82237191028114
"30UVC3",6.36171144751746,1.65212451580683
"30UVC4",5.9483273516624,1.55226707911724
"30UVD1",10.4209483075281,1.6369537986121
"30UVD2",4.1822427862094,1.28727651697179
"30UVD3",5.99636421639297,1.54565310636887
"30UVD4",7.60826007747296,1.84330618237418
"30UVE4",19.6779825708873,2.56745641931663
"30UVF1",10.978591056003,2.05893747290715
"30UVF3",10.4931735557531,1.91689841014058
"30UVF4",4.18933944537151,1.30050339644991
"30UVG1",7.20602632167028,1.82599950866134
"30UVG2",5.502820634909,1.55824479686238
"30UVG3",8.05841036780235,1.69044109700646
"30UVG4",6.36341024347984,1.58282943840434
"30UVU1",20.5941107561581,2.7233795194415
"30UVU2",21.2477120333692,2.79151822695469
"30UVU3",20.1190600112169,2.77393622236916
"30UVU4",23.9111193939859,2.92205841141798
"30UVV4",35.2600207644963,3.4657764252153
"30UWA1",NA,NA
"30UWB1",18.1859330056137,2.57327858225933
"30UWB2",19.7734453345201,2.58294804607106
"30UWB3",24.213549759868,2.92359695008275
"30UXB3",32.8375771998664,3.04289772586822
"30UWB4",20.2201789857915,2.85479715822095
"30UWC1",15.8703670423294,2.43270168967249
"30UWC2",14.6921755138526,2.26048397742052
"30UWC3",18.2078473754736,2.69988344674787
"30UWC4",20.4872646876815,2.7365664451417
"30UWD1",25.7785917492913,3.00788209015629
"30UWD2",13.9807104935274,2.37987837976624
"30UWD3",13.4534553143652,2.36616378995217
"30UWD4",19.7843697361882,2.73795251082071
"30UWE1",11.2654421555243,2.06217657034349
"30UWE2",20.157563136776,2.59287559604105
"30UWE3",11.5835079755977,2.18441654503471
"30UWE4",7.52771034825486,1.76515544390735
"30UWF1",7.08735839621557,1.66997872766594
"30UWF2",8.09953208359569,1.70233824585692
"30UWF3",10.9462060665352,2.08772491002967
"30UWF4",11.9856199841538,2.10611985982045
"30UWG1",10.8326315188306,2.08221133770784
"30UWG2",7.10004448811438,1.77649276154447
"30UWG4",9.8171456514654,2.12308294014813
"30UWU1",22.5818348320797,2.86219012394439
"30UWU2",29.952381919183,3.08918242428892
"30UWU3",31.6316396282115,3.19571289962501
"30UWU4",30.9556584122685,3.22510958068733
"30UWV2",NA,NA
"30UWV3",20.8537434079052,2.91939356195872
"30UXB1",36.7926198386258,3.06199990509235
"30UXB2",18.4587950750693,2.72781496074647
"30UXB4",22.2949329718876,2.87255199793808
"30UXC1",26.0186840722546,3.05629354780973
"30UXC2",25.4752637778552,2.92573507179093
"30UXC3",33.1393702471489,3.28517113246212
"30UXC4",20.5801695821892,2.8181871396855
"30UXD1",21.2243534961938,2.78609990413619
"30UXD2",21.8814099697421,2.87610142545106
"30UXD3",56.340326200231,3.63742888064354
"30UXD4",42.4923215657785,3.47536290075082
"30UXE1",35.0279937738839,3.28422785017157
"30UXE2",35.00642382596,3.09531553965313
"30UXE4",28.9894909937057,3.16471398665301
"30UXF2",12.1220255229309,2.13011709574548
"30UXU1",28.0662264871389,3.06788037589525
"30UXU2",54.9999778891715,3.79388507480428
"30UXU3",25.9950822073393,2.97568027521763
"30UXU4",34.2088822080443,3.3100523934541
"30UXV1",46.1433470018619,3.52180590239966
"30UXV2",24.9396584291432,2.82869565019511
"30UXV3",32.0650888313771,3.2616288278656
"30UXV4",25.0531612798377,2.92188865077627
"30UYU1",18.3113727837807,2.68828478236018
"30UYU2",29.0167202287316,3.14268858848244
"30VUH1",6.63725433356474,1.68563237040742
"30VUH2",5.60010034557164,1.60246597496289
"30VUH3",5.64601254708622,1.4151010308642
"30VUH4",5.13663274198911,1.39271246207354
"30VUJ1",7.62717171421794,1.69818881735214
"30VUJ2",7.58956799623507,1.72526299898238
"30VUJ3",6.23563708213293,1.63233981700116
"30VUJ4",6.51164335082235,1.62360127103033
"30VUK3",6.43935864463148,1.68436801314537
"30VUK4",6.69635946452796,1.64509460341916
"30VUL4",NA,NA
"30VVH1",6.16500546055934,1.52191481649558
"30VVH2",5.97187937229144,1.50736325064477
"30VVH3",6.50396841424748,1.67612425178338
"30VVH4",12.2558102896466,2.04243647563465
"30VVJ1",8.21166892701102,1.78755840507675
"30VVJ2",5.09485679909913,1.34710973960384
"30VVJ3",9.7191211402647,2.0079170456832
"30VVJ4",6.16241004548248,1.52309033078985
"30VVK1",10.3107261340994,2.04024726986914
"30VVK2",11.2585371313236,2.09844915977316
"30VVK3",22.8520046083044,2.88346388046228
"30VVK4",8.80148002852197,2.06251688559526
"30VVL4",19.5811730961711,2.63955899695943
"30VWH1",24.9195805579561,2.53224986285084
"30VWH2",13.7703612196481,2.44653512645753
"30VWJ1",17.0476353491843,2.55540679396949
"30VWJ2",10.7382249351109,2.0876836809728
"30VWJ3",36.5088392682258,3.25273918167125
"31SBC3",6.21838980417918,1.68970956789422
"31SBD4",4.85570083727173,1.56049960460363
"31SBE4",6.4991089672906,1.58970501110611
"31TCG4",9.78129162054346,2.10402018895766
"31TBE3",4.60123821952087,1.36321821282907
"31TBF3",11.0126907857449,2.22285342947859
"31TBF4",5.58076762535651,1.35934048245332
"31TBG3",7.08280599765148,1.61855640527838
"31TBG4",15.9780112136657,2.58089496470076
"31TBH3",9.67756986567875,1.72460693901598
"31TBH4",2.07468272836254,0.547790546141292
"31TBJ3",41.9735845196622,3.52766392565001
"31TBJ4",55.0128236945596,3.73285179613306
"31TBK3",43.2899820481352,3.51097127461703
"31TBK4",44.3838261601162,3.49708636093608
"31TBL3",29.0656138530473,3.20776803207091
"31TBL4",38.052460613636,3.40642893130467
"31TCF1",6.34588318990641,1.61617266083304
"31TCF2",8.5587894406918,1.70050879583104
"31TCF3",8.90108572022929,1.93527173443434
"31TCG1",4.38754653245252,1.15991902945213
"31TCG2",16.2629570557291,2.43839424772193
"31TCG3",4.86480278926057,0.935996580937073
"31TCH1",19.0834282287016,2.38335814154901
"31TCH2",2.64730975443388,0.625094695504228
"31TCH3",23.9923306193334,2.4915932239401
"31TCH4",2.88601843964295,0.73463494633128
"31TCJ1",37.8101221505103,3.39785997207217
"31TCJ2",63.7554669397388,3.7447311434773
"31TCJ3",44.7540571192645,3.36472843837974
"31TCJ4",43.020648231058,3.3557738566881
"31TCK1",30.2232997793601,3.13458141134475
"31TCK2",34.9353629925611,3.2581249699095
"31TCK3",20.0651487853695,2.7841085335026
"31TCK4",30.078039725786,3.10310697314811
"31TCL1",24.812605676754,3.00982752381686
"31TCL2",26.6251519029513,3.09386800083719
"31TCL3",19.158785656632,2.82159436726818
"31TCL4",17.628878772613,2.72051586468368
"31TCM1",48.4372069406013,3.60299570289576
"31TCM2",62.5443846607483,3.9085156753657
"31TCM3",67.2686397190554,3.94999549540237
"31TCM4",40.9244703048622,3.46781643663654
"31TCN1",32.4006929903805,3.26325551012885
"31TCN2",53.6769159379458,3.71701479380772
"31TCN3",70.5532654066502,3.8216223533464
"31TCN4",56.4614401447454,3.70357721565618
"31TDF1",11.2763120836341,2.18351286966127
"31TDF3",NA,NA
"31TDG1",3.6510603070451,1.03972775270761
"31TEJ1",10.8898404352755,1.83924045181102
"31TDG2",6.68927085359413,1.69014831967748
"31TDG3",6.7458606548494,1.60060524760707
"31TDG4",16.3152357969879,2.03260737842098
"31TDH1",14.2972999434762,2.36827466908898
"31TDH2",3.29723568482017,0.823667489992843
"31TDH3",10.8362650677648,2.14343336043186
"31TDH4",8.44222928530107,1.54153664236894
"31TDJ1",16.8052128149242,2.58312798516124
"31TDJ2",24.6873304491962,2.51976490010773
"31TDJ3",10.6928996524036,2.08459873056935
"31TDJ4",6.00756905424475,1.58506448905218
"31TDK1",11.0464569173289,2.17684302366816
"31TDK2",21.8327019420997,2.68381573064576
"31TDK3",7.53221359989328,1.79072498200491
"31TDK4",12.2181415002719,2.09210168825768
"31TDL1",11.9315844824833,2.36617833154501
"31TDL2",13.0888602501179,2.31061031256193
"31TDL3",21.8611359460199,2.42533662048658
"31TDL4",6.705339401004,1.72651242426932
"31TDM1",61.2879381358736,3.82500849016816
"31TDM2",22.9147653363934,2.94839877533127
"31TDM3",54.3051449881323,3.65738167802955
"31TDM4",19.2129829435455,2.7017852812544
"31TDN1",54.8633901484833,3.87290121987328
"31TDN2",54.0883566468348,3.70566312716927
"31TDN3",45.4176411330946,3.54722557121224
"31TDN4",49.8846359413577,3.55509338490148
"31TEG1",30.8735628682754,2.72077717694204
"31TEG2",9.18944437858882,2.15470986248453
"31TEH1",32.7559819012981,3.36528638578656
"31TEH2",9.11132240693344,1.43434719779239
"31TEJ2",9.83841857928509,1.98555689147817
"31TEJ3",11.7591442743615,2.09243851572234
"31TEJ4",22.124877253584,2.78803704452116
"31TEK1",8.32065730190191,1.83276516199052
"31TEK2",10.5035826013629,1.86904512529164
"31TEK3",6.22846544617809,1.60647188546089
"31TEK4",5.31849483717473,1.37341672321269
"31TEL1",13.1977878912246,2.10006449306107
"31TEL2",6.85933132670232,1.59491339496208
"31TEL3",9.6927323777052,1.79920278183766
"31TEL4",7.16301596161033,1.70480206296355
"31TEM1",56.8936048127297,3.77645535179185
"31TEM2",27.8379457573709,3.01644870234889
"31TEM3",29.8533239429751,3.07184179210307
"31TEM4",25.4367874940119,2.82246310859318
"31TEN1",36.6349002921755,3.41589003740746
"31TEN2",37.6319919983939,3.31545250026859
"31TEN3",30.4953909286456,3.19633225161433
"31TEN4",14.8412378731659,2.46377083362493
"31TFH1",NA,NA
"31TFJ1",19.0961956271772,2.69582238008337
"31TFJ2",52.4603711385867,3.70316122460625
"31TFJ3",12.5604762645189,1.92174682043106
"31TFJ4",19.2113133374339,2.63918697689622
"31TFK1",8.05696515013067,1.69445174606088
"31TFK2",11.9071845709881,2.1020157519447
"31TFK3",7.06489958053119,1.5211328820703
"31TFK4",7.04456101057039,1.78682325233811
"31TFL1",11.730081844664,2.12759925614422
"31TFL2",6.92997350364648,1.68843725413897
"31TFL3",76.0490038805066,2.78963478396675
"31TFL4",11.2423017072643,2.2101482787388
"31TFM1",27.4851377504386,2.94486461307774
"31TFM2",20.5676533769876,2.56594831403725
"31TFM3",74.6517589166107,3.74332363545032
"31TFM4",72.1580171564795,3.39304698158107
"31TFN1",38.181063266365,3.40261989089303
"31TFN2",28.4513814576822,2.81327359436018
"31TFN3",32.3948179671022,3.24784776994495
"31TFN4",50.7250261599418,3.68214961150473
"31TGH1",6.70791252503562,1.70810961530584
"31TGJ1",7.69576035099287,1.81642908449673
"31TGJ2",12.0205202579899,2.2487154547419
"31TGK1",2.92744077529388,0.84556379167632
"31TGK2",5.99495880111373,1.49825808305512
"31TGL1",8.27074744126101,1.69527071243015
"31TGL2",4.75374883424292,1.04730476303459
"31TGM1",11.1789146262994,2.07866762902442
"31TGM2",7.49951230665128,1.65798605462413
"31TGN1",36.3011874995698,3.3565501238275
"31TGN2",23.0061032795816,2.68739940887086
"31UCP1",25.237790338603,3.07050431927679
"31UCP2",25.6297604178427,3.12128727632047
"31UCP3",41.6359965091304,3.49307449038937
"31UCP4",46.0931464990774,3.6748765842768
"31UCQ1",22.6511406380203,2.87400808616967
"31UCQ2",35.6838840478417,3.26521024169394
"31UCQ3",35.0115852199578,3.06702289470361
"31UCQ4",52.4376298692634,3.56930048120731
"31UCR2",35.7125060262445,3.46945737271571
"31UCR4",28.1535978681533,3.19456693782558
"31UCS1",35.8355088513511,3.13203261413636
"31UCS2",52.3705640918938,3.22295849621271
"31UCS3",65.8617963705881,3.15532116793927
"31UCS4",35.6801133417457,3.56557039919885
"31UCT1",48.1043548167853,3.60369098903268
"31UCT2",34.748366531238,3.28481504585834
"31UCT3",69.1068626402216,3.96708539256265
"31UCT4",51.8094216337219,3.83843276677017
"31UCU1",81.4749337396458,4.08292914155081
"31UCU2",53.7186747898057,3.72924265223602
"31UCU3",51.5521797663163,3.76451272761675
"31UCU4",73.7843881354634,4.10234367819042
"31UCV2",62.7591824026749,3.85512305701282
"31UDP1",51.324356872502,3.75313856646054
"31UDP2",55.6554483696292,3.82145073567487
"31UDP3",47.4835590636258,3.63841985459364
"31UDP4",51.2486834871633,3.72418365485915
"31UDQ1",32.6245333680147,3.18686304086076
"31UDQ2",26.8032847006726,2.93005742600309
"31UDQ3",50.0636453801242,3.60062607603598
"31UDQ4",33.2488310450399,3.22284525255766
"31UDR1",26.6522329022122,3.16037866583784
"31UDR2",30.1863840616657,3.28891188586269
"31UDR3",39.4738536114707,3.46575196613502
"31UDR4",56.5930435829334,3.75363468264713
"31UDS2",28.780981903015,3.12332280304895
"31UDS3",78.2741592847439,4.11443105608557
"31UDS4",65.8257166343854,3.81493040237727
"31UDU1",NA,NA
"31UDU2",134.427669399639,4.49851716385952
"31UEP1",48.8452839834042,3.54844325636856
"31UEP2",45.2857816728426,3.30025360008225
"31UEP3",51.7368269739722,3.69877194546301
"31UEP4",28.8583409158061,3.2230006412857
"31UEQ1",46.5879151863947,3.57733879940346
"31UEQ2",57.0334991014266,3.74081597173382
"31UEQ3",64.8133955508279,3.76438218234442
"31UEQ4",34.9009783972023,3.29169270574713
"31UER1",46.3302332220146,3.6227131824254
"31UER2",74.7720779127274,3.8980631035211
"31UER3",37.366713522287,3.42973678389071
"31UER4",33.4859184747783,3.35497475412049
"31UES1",86.2167494672041,4.1895280225917
"31UES2",47.8267164246271,3.61220215450033
"31UES3",89.2220976520948,3.97222453695523
"31UES4",45.9877015838846,3.59614959563127
"31UET2",37.0148768332327,3.58823552723479
"31UET3",46.806874197892,3.44074673700926
"31UET4",69.9868225053988,4.01660345260219
"31UFP1",62.6422223854719,3.72429661501749
"31UFP2",32.5119313619442,3.30054145971924
"31UFP3",31.7560082530132,3.27181497722874
"31UFP4",42.614179474736,3.47952985216585
"31UFQ1",53.5503187845719,3.52033656730549
"31UFQ2",54.1785235788429,3.69287325081008
"31UFQ3",32.7267902595675,3.25344041414854
"31UFQ4",44.742732565256,3.31163786644048
"31UFR1",27.6575278234566,3.12116700266072
"31UFR2",24.014751799158,2.88396139846048
"31UFR3",21.857459835985,2.7886668957095
"31UFR4",30.9722952137716,3.1137192399897
"31UFS1",61.0450489899622,3.90725743651698
"31UFS2",41.700305612697,3.53775843208904
"31UFS3",73.1640617976851,3.88155112550096
"31UFS4",27.4582354196526,3.07217976467136
"31UFT1",89.4215919204166,3.95708862041215
"31UFT2",78.3822951105764,4.06816381494634
"31UFT3",71.8263308235941,3.91960318848075
"31UFT4",90.4520383946497,4.16714145075573
"31UFU1",108.682646956967,4.40904388946045
"31UFU2",52.4350334173891,3.63017594671076
"31UFU3",65.0141770191338,3.9867333589059
"31UFU4",60.8616676320915,3.87298884166918
"31UFV4",73.5418254783202,4.22589939221671
"31UGP1",27.66178389169,3.13160471565453
"31UGP2",34.6129446980528,3.27142485526989
"31VFE3",7.47587932153275,1.94336848055867
"31VFF1",26.0221864090087,3.06059815190234
"31VFF2",NA,NA
"31VFF3",8.56307837409782,1.79946842517041
"31VFF4",14.4797311251648,2.11292448534515
"31VFG1",5.82039317483801,1.36337360615726
"31VFG2",9.06828846241568,1.58331325233133
"31VFH1",7.4310032663022,1.57956915735356
"32TKR3",4.89114678607578,1.23084694039676
"31VFH2",12.2593134859647,1.83198114289005
"31VFJ1",5.59507930019343,1.38986274275763
"31VFJ2",4.93410250627723,1.39339410176583
"31VFK2",4.45170592873283,1.36413981925224
"32TKN3",7.72376821451818,1.92724487245377
"32TKP3",6.08463604325925,1.53573649187284
"32TKP4",14.504660041861,2.20018789451111
"32TKQ3",2.51584526636018,0.689462596597435
"32TKQ4",3.25193012053842,0.95583330543597
"32TKR4",2.05410221072003,0.459195276959291
"32TLN1",15.012837739372,2.59674991948524
"32TLP1",4.82812791694544,1.13775992844356
"32TLP2",6.32647830415462,1.56493313330261
"32TLP3",2.41790088609731,0.73765918997595
"32TLP4",4.16793690295153,1.35580006007971
"32TLQ1",2.52694277723231,0.707837519666177
"32TLQ2",2.65115897551026,0.761829796164326
"32TLQ3",23.35153141118,2.06652966554383
"32TLQ4",11.934877440623,1.57918316351596
"32TLR1",1.97175291343974,0.505800651840904
"32TLR2",2.41836396407592,0.616279287518573
"32TLR3",1.70340195614963,0.363096732666771
"32TLR4",2.84607866343235,0.730116168505237
"32TLS1",8.24641527616042,1.78377833007345
"32TLS2",3.44436614833469,0.899277374057563
"32TLS3",6.33072548420015,1.53952686011433
"32TLS4",2.3207194007615,0.487705689375783
"32TLT1",24.6488915326416,2.70563854529058
"32TLT2",13.2312674627272,2.15839192686086
"32TLT3",13.8899346305186,2.3816789050733
"32TLT4",11.8868606755099,2.07398429920385
"32TMP1",3.04432303985333,0.967071835994177
"32TMP3",3.65263730638758,1.29544945637627
"32TMQ1",25.2079883261694,3.02656058743404
"32TMQ2",15.037315056522,2.23931358032166
"32TMQ3",29.8939180959965,3.181927607643
"32TMQ4",15.4305878179977,1.71750326494449
"32TMR1",2.50095923967927,0.670430293677035
"32TMR2",19.7330527907137,2.6271379095493
"32TMR3",15.1764202718232,2.17690399767951
"32TMR4",43.7613887701029,3.5189145319142
"32TMS1",3.17608466195765,0.785005155852205
"32TMS2",1.76371390525091,0.317213227445563
"32TMS3",2.23912087326901,0.557223986442385
"32TMS4",2.47877797908016,0.712962862958656
"32TMT1",8.34289597578323,1.84737730223363
"32TMT2",11.8697747225984,2.1137859562684
"32TMT3",17.4182966762565,2.52536107607422
"32TMT4",7.59630548998029,1.68354919119492
"32TNP1",6.06389036076396,1.80235156782767
"32TNP3",5.80206880457137,1.44464973657922
"32TNQ1",23.2860641785189,2.47525484881517
"32TNQ2",4.92260039723207,1.329621101851
"32TNQ3",52.2822170830323,3.42472730935746
"32TNQ4",5.55371338689663,1.53694443277968
"32TNR1",8.00636101073615,1.60559444167499
"32TNR2",62.5141851671251,3.712447048003
"32TNR3",6.43396942070294,1.05333698357881
"32TNR4",133.17819330465,4.47521112994321
"32TNS1",2.22833574078281,0.550030277049957
"32TNS2",1.86584826741382,0.407096773035809
"32TNS3",2.99168697912706,0.804580264523344
"32TNS4",2.19312711527739,0.392589756116342
"32TNT1",12.550019575152,2.28245216163207
"32TNT2",3.88501821470858,0.997540075847444
"32TNT3",10.7481178421575,2.03576857781352
"32TNT4",3.2941520372419,0.875352858811467
"32TPM3",NA,NA
"32TPN1",11.2360786824917,2.28769014446483
"32TPN2",18.2636258502142,2.70414933691383
"32TPN3",18.2295304147357,2.43368043073784
"32TPN4",20.9064783853109,2.61658409785017
"32TPP1",6.5284576828421,1.42838710543117
"32TPP2",23.5747388745436,2.7312067537652
"32TPP3",8.29019501613456,1.69792882082329
"32TPP4",13.5137175840576,2.36214027188023
"32TPQ1",69.5265590642658,4.09292268797577
"32TPQ2",11.3957260212229,1.98354870192426
"32TPQ3",97.8969270891249,4.17396749463171
"32TPQ4",29.2222666412792,2.71875090939867
"32TPR1",2.95660563645198,0.798131896440278
"32TPR2",50.4696341702375,3.51208904912657
"32TPR3",3.88814322364241,1.00130237867217
"32TPR4",42.6492397579232,3.10585656386859
"32TPS1",1.80456221164383,0.397773174411981
"32TPS2",1.97535315264928,0.430991941942612
"32TPS3",2.12618200413198,0.472722693830831
"32TPS4",2.67783365008146,0.731130544562217
"32TPT1",12.1641977612771,1.98890832735578
"32TPT2",2.36895553101896,0.608195577166732
"32TPT3",10.6515240864065,1.7468479811404
"32TPT4",1.91200436709153,0.471754649206977
"32TQM1",19.4145866244666,2.7227719103309
"32TQN1",22.3129198103357,2.51053667407153
"32TQN2",10.9161086550559,2.07493037656735
"32TQP1",8.63289976545757,1.91518022903627
"32TQP2",9.24133514160164,1.76028912987793
"32TQQ1",64.7686064426701,3.93553036171556
"32TQQ2",57.9455873750328,3.60700105027936
"32TQR1",23.2420983519234,2.13217714963436
"32TQR2",57.8259410555706,3.73708514612441
"32TQS1",3.43052528640498,0.864280991747943
"32TQS2",3.50721040811596,0.985522660510737
"32TQT1",6.59562172422461,1.6081754505776
"32TQT2",2.46930934814419,0.703273113215715
"32ULA1",18.1948731170966,2.73453621927327
"32ULA2",23.5554749107417,2.67300632383567
"32ULA3",13.4710722812247,2.31496086736666
"32ULA4",20.1862050939089,2.42923051948273
"32ULB1",45.1080018589367,3.48104433438109
"32ULB2",20.884962212623,2.66619668182337
"32ULB3",19.4733303272022,2.65054546843347
"32ULB4",22.1338015577928,2.76159499906181
"32ULC1",76.2348122264812,4.12910341109992
"32ULC2",49.582034455573,3.67599381043615
"32ULC3",58.3825487207079,3.8568077988568
"32ULC4",42.1685335883366,3.44223984712312
"32ULD1",76.2058092319275,4.15560840276235
"32ULD2",64.7088116201615,3.99917832097086
"32ULD3",139.866411584803,4.6681105840964
"32ULD4",74.6014606362628,4.13254390748717
"32ULE2",110.30994172307,4.35535033809116
"32ULE4",86.3547050289262,4.3326244741945
"32ULU1",53.8964150539637,3.51995609502328
"32ULU2",14.2748170654609,2.38975753405464
"32ULU3",19.0495239808064,2.39509243673986
"32ULU4",34.0909434786562,2.60591792722009
"32ULV1",20.1009239436789,2.71210121922182
"32ULV2",39.3966140878787,3.40404100521426
"32ULV3",24.306167273192,2.90378732305247
"32ULV4",51.5079151268896,3.34845721845139
"32UMA1",16.4277043355942,2.50075994848725
"32UMA2",21.080166986405,2.69265815188417
"32UMA3",19.2417844473355,2.70418388073519
"32UMA4",29.549234827072,3.02497299108097
"32UMB1",18.4134612229309,2.66623354081893
"32UMB2",17.3477352074946,2.64285724363189
"32UMB3",17.3758538741772,2.63679061846833
"32UMB4",16.4691609273526,2.67206494976674
"32UMC1",48.7000536505878,3.66285450385173
"32UMC2",63.0375595604699,3.57564548131169
"32UMC3",27.1172371339315,3.15449896508816
"32UMC4",33.8238986384494,2.97147901431806
"32UMD1",86.9102852541747,4.30698439312547
"32UMD2",64.7476226419265,3.97997561216064
"32UMD3",72.2246813127847,4.01551754008015
"32UMD4",65.7218499235314,3.96965435320772
"32UME1",76.5046438842842,4.17781080239333
"32UME2",114.111294811583,4.56145339358655
"32UME3",68.3373419939569,4.1183798462054
"32UME4",75.9449401727209,4.05160916034342
"32UMF3",78.1019324067054,4.17286561275339
"32UMF4",91.9733256125431,4.31534301992835
"32UMG1",41.1561365869194,3.70406503636171
"32UMG3",34.1657853146225,3.43363013953452
"32UMG4",68.8532488903616,3.79111035163493
"32UMU1",22.5093741017671,2.56528273481903
"32UMU2",12.3339659428997,1.94339690111057
"32UMU3",19.9312295918094,2.73989255104537
"32UMU4",16.0038013750742,2.49854717492206
"32UMV1",25.3609449825344,2.7966052524774
"32UMV2",32.6140524219878,3.14376127393853
"32UMV3",27.0123201677358,2.9330936779014
"32UMV4",26.189626824735,2.75655803150231
"32UNA1",15.1767806710428,2.48779594017076
"32UNA2",21.0314729524118,2.65131282010556
"32UNA3",22.0947520521894,2.79699117957034
"32UNA4",35.5632773593807,3.25985468697038
"32UNB1",17.8408110999968,2.59656082685976
"32UNB2",20.5139438528425,2.76990445478351
"32UNB3",19.1648231589257,2.74100845354018
"32UNB4",21.4660994309018,2.75804850629891
"32UNC1",21.094615130363,2.75955265729682
"32UNC2",17.6831023088832,2.65772039195204
"32UNC3",41.0105694470514,3.17534534609042
"32UNC4",14.7714964056229,2.45654677317418
"32UND1",110.445526101769,4.41978652457643
"32UND2",82.094217125805,4.00323978390318
"32UND3",53.893440500784,3.74131737465225
"32UND4",67.5317095196945,3.82680583737567
"32UNE1",92.6050626226977,4.32097204993411
"32UNE2",151.232474599238,4.57236076810154
"32UNE3",91.5376815665839,4.21083493812199
"32UNE4",45.5886447199897,3.45455427676149
"32UNF1",70.6510799355218,4.11558221486654
"32UNF2",131.801732532203,4.44293094003261
"32UNF3",53.7539979916023,3.83309099051799
"32UNF4",92.0637138080687,4.2234771821463
"32UNG1",52.6017393133104,3.74352858352475
"32UNG2",85.2486753596297,3.99908649944473
"32UNG3",32.2177809808475,3.3253174630404
"32UNU1",17.7735699971481,2.51616166385984
"32UNU2",24.1100068905527,2.8337673351519
"32UNU3",18.7591368587985,2.7017402103207
"32UNU4",26.8497857686978,3.07437588798525
"32UNV1",21.1721387181861,2.91168497107898
"32UNV2",19.2214098776658,2.75166833669496
"32UNV3",33.4423144304213,3.32670540118423
"32UNV4",50.2432696388318,3.17990555893147
"32UPA1",32.0714130345725,3.090289159159
"32UPA2",39.1803112221581,3.25842696516737
"32UPA3",15.2471305545488,2.5443472884598
"32UPA4",25.0049836992037,2.88100963953851
"32UPB1",25.106108994503,2.85920222980515
"32UPB2",20.6130290833507,2.45435691623339
"32UPB3",25.0420976253638,2.99567473358249
"32UPB4",17.2137691599003,2.62507872234771
"32UPC1",31.693464852508,3.11016966310285
"32UPC2",13.0226694472537,2.23487272640763
"32UPC3",56.8095967861715,3.6502499034565
"32UPC4",38.801751988781,3.22836299476212
"32UPD1",69.9497965929943,3.92301491615985
"32UPD2",63.3561474022641,3.90142944696471
"32UPD3",82.0606617229601,4.24263184699813
"32UPD4",71.5435797486154,3.91998779158757
"32UPE1",89.7432353729213,4.18111453397593
"32UPE2",78.8469960032943,4.1066813482648
"32UPE3",59.064266913764,3.80641778122235
"32UPE4",83.8920358821273,4.21089605057531
"32UPF2",85.531236692485,3.89737982128785
"32UPF4",NA,NA
"32UPU1",29.0057746193916,3.15915490313555
"32UPU2",32.7765385915877,3.31269690671889
"32UPU3",39.5965085355016,3.40336429478863
"32UPU4",22.1210388094299,2.8671255285446
"32UPV1",48.9251836973688,3.61722201007316
"32UPV2",36.4534207567109,3.19617351182945
"32UPV3",27.6853367852061,3.08661855303698
"32UPV4",31.7182293260523,3.15304605431774
"32UQU1",41.0205550877149,3.53010097676925
"32UQU2",38.3523422012174,3.42417828442614
"32VLK3",9.60121289824166,1.98997474965912
"32VLK4",8.47129775915183,2.09129279017061
"32VLL3",11.5927037862521,1.73097430450602
"32VLL4",9.13309683072183,1.8598746662579
"32VLM3",4.50276345985433,1.00864290056783
"32VLM4",3.84894691280207,1.09571628669919
"32VLN3",3.80446147491312,0.753420467412687
"32VLN4",5.33933722069801,0.952065763312331
"32VLP3",4.17587854605214,1.05785164069908
"32VLP4",2.36353349397599,0.650903188828137
"32VLQ3",9.55516381273693,1.95682810439679
"32VLQ4",4.71369262613435,1.20666959665541
"32VMH1",67.955210875772,4.12158057540114
"32VMH2",33.2546223029181,3.33401058372971
"32VMH3",59.8773858707447,3.87828026906963
"32VMH4",36.2661608392523,3.47545170661958
"32VMK1",12.4876345156844,2.2789973485072
"32VMK2",10.0286887879637,2.26404403399957
"32VMK3",16.238495921453,2.61366529848767
"32VMK4",9.66093276754115,2.26427340314145
"32VML1",7.6511515319336,1.5436513183057
"32VML2",8.46881157698087,1.78242678586446
"32VML3",5.62253164069277,1.48352287318907
"32VML4",11.3959655065746,2.18463991372012
"32VMM1",19.0292536234248,2.64454149936829
"32VMM2",6.57959288517385,1.62703935524035
"32VMM3",10.4042658698422,2.01180385341575
"32VMM4",7.54412872624679,1.67782058005081
"32VMN1",3.25718536728628,0.90377921519305
"32VMN2",6.9704197812199,1.56855430630912
"32VMN3",6.40134307040972,1.59770330361746
"32VMN4",8.44311201431767,1.85895866545571
"32VMP1",4.05437130702113,1.1508012939029
"32VMP2",3.18647804250894,0.814340280185408
"32VMP3",4.01245095048378,1.10299255057294
"32VMP4",5.29446310017894,1.25237752908033
"32VMQ1",6.72482825545144,1.71206447869681
"32VMQ2",3.32928219509668,0.987870812528543
"32VMQ3",4.87025844755287,1.24457397027058
"32VMQ4",3.37212877018489,0.949399233958885
"32VMR4",9.59673419572105,1.9321042218034
"32VNH1",85.1342477484597,4.10622513559106
"32VNH2",48.7792253827824,3.72130045784644
"32VNH3",67.7438090578748,4.00977629379991
"32VNH4",51.6653422517292,3.65118143014435
"32VNJ2",78.030901230839,4.13036134190175
"32VNJ4",69.0035444912858,3.90641846454994
"32VNK1",8.31165047792922,2.11765820261553
"32VNL1",8.72961479732683,1.85745759526905
"32VNL2",12.6406329664018,2.42110960150879
"32VNL3",18.6928296764116,2.65534458313145
"32VNL4",19.1839471977644,2.90634487088155
"32VNM1",6.06595586153992,1.5743415559405
"32VNM2",7.1451872323015,1.72132800854591
"32VNM3",8.04182994903013,1.83659623686462
"32VNM4",9.3558497849677,1.88526053934064
"32VNN1",10.9925969065212,2.07339491299166
"32VNN2",7.76193589167997,1.74393709068921
"32VNN3",7.47183770216913,1.74685620738483
"32VNN4",10.9578455433496,1.96276734056099
"32VNP1",6.14167763484163,1.54631387305093
"32VNP2",7.46068165164176,1.6865932085193
"32VNP3",8.09771111501396,1.77901461533377
"32VNP4",7.65502650371665,1.78601300539289
"32VNQ1",5.2334454326714,1.47991793829473
"32VNQ2",8.24586702150006,1.40449641105533
"32VNQ3",8.01930862395705,1.83227287015495
"32VNQ4",9.39147346665641,2.01016558743648
"32VNR1",12.3183177064338,2.34798548855445
"32VNR2",9.3627036749253,1.95327715112539
"32VNR3",12.2499805539045,2.22554543901331
"32VNR4",9.4857092469989,1.92274837859522
"32VPH1",51.479935861308,3.76894125583681
"32VPH2",55.0496028310961,3.88801672199974
"32VPK3",47.2737734266326,3.44357044345963
"32VPK4",31.3258631176484,3.19686036396897
"32VPL1",21.1118587306351,2.78424023869458
"32VPL2",23.2472782927594,2.71908806294407
"32VPL3",32.1461523776205,3.18379044059596
"32VPL4",34.8421703005371,3.29485053090578
"32VPM1",16.2457517318585,2.47504836977839
"32VPM2",20.3268328320846,2.77871014913226
"32VPN1",12.2474374897799,2.17408094880477
"32VPN2",11.1896597472095,2.09603024263007
"32VPP1",11.2342290129517,2.04722851507825
"32VPP2",9.11295634836016,1.89416458206781
"32VPQ1",11.5945523127729,1.9286707138413
"32VPQ2",14.3616292429025,2.26382021554544
"32VPR1",10.1957785146844,1.89710263899053
"32VPR2",7.15907558913016,1.75758201112254
"32WNS2",NA,NA
"32WNS3",13.8046930110648,2.36679804387795
"32WNS4",10.7745974887093,2.09023850409366
"32WPS1",14.0299757276675,2.28239469086928
"32WPS2",14.2348515936817,2.09748652216949
"32WPT2",9.05904256976837,2.04247259843873
"33SWC3",3.56255759309947,1.0426350036058
"33SWC4",1.51471744092671,0.284836875232422
"33SWD3",1.65285730134337,0.344303146912703
"33SWD4",1.44944966544012,0.231770377840517
"33SWE2",2.18334891196343,0.663586915176605
"33SWE4",3.07960001576069,0.73122595955373
"33SXC1",2.27064567267641,0.558414789996364
"33SXC2",1.81020748431873,0.458804014625376
"33SXD1",4.98229296603484,0.926289162640458
"33SXD2",2.46187564801327,0.626092048500214
"33SXD3",2.7544818217263,0.913049807709763
"33SXD4",6.31148670109832,1.46385406529776
"33SXE2",3.03691345879969,0.824340042634191
"33SYE2",NA,NA
"33TTF3",NA,NA
"33TTG3",14.165436726379,2.3483325474814
"33TTG4",27.1146022977431,3.09678011044577
"33TTH3",22.1516134034779,2.71105824007466
"33TTH4",11.484207326863,2.08632311618873
"33TTJ3",21.5058601292194,2.48883954006637
"33TTJ4",11.5938921252264,2.16147381768334
"33TTK3",117.102790606142,4.53764951252106
"33TTK4",37.5706036218706,3.53929238979954
"33TTL3",48.0056376984391,2.98182952699407
"33TTL4",95.2002191487645,4.30959285000118
"33TUF1",26.3453327492282,2.71454755634392
"33TUF3",5.31051019717703,1.36376218265456
"33TUG1",7.46585115646181,1.6285784835243
"33TUG2",7.95910463576162,1.5724977481037
"33TUG3",4.1787691110044,1.06542974008081
"33TUG4",4.93721677946183,1.20885845525315
"33TUH1",9.01226919987563,1.85484114025413
"33TUH2",6.11926580329509,1.47640316989993
"33TUH3",15.0462560449829,2.38426314367331
"33TUH4",5.08783321337139,1.27969296154363
"33TUJ1",40.6147605781052,3.5397846020391
"33TUJ2",26.5480941530606,2.85077122150124
"33TUJ4",34.2658391442733,3.33585965396534
"33TUK3",8.34479368937972,2.12112247540278
"33TUL1",63.0372604735463,3.86763714942482
"33TUL2",82.720355192774,4.37839878600277
"33TUL3",28.3001041830696,3.03586023937298
"33TUL4",11.7060355579139,2.33520356662182
"33TUM1",3.53468108479709,0.997122224782518
"33TUM2",4.95484996263989,1.29022411455622
"33TUM3",4.38890646168338,1.09302111424759
"33TUM4",5.652352049463,1.40415589098546
"33TUN1",4.65845589583387,1.32759817729295
"33TUN2",2.70766614004499,0.745642386181537
"33TUN3",5.26762239603311,1.26811672447229
"33TUN4",4.30703884136683,1.08555664768651
"33TVE1",NA,NA
"33TVE3",8.06899309047046,1.77545826804506
"33TVF1",8.98492456951851,1.62069268422041
"33TVF2",20.0337969130145,2.7103973108789
"33TVF3",5.93976476146226,1.50066839118338
"33TVF4",4.64387268872297,1.18925782566313
"33TVG1",6.42981536892438,1.39712232696357
"33TVG2",3.86636117107161,1.10973527819261
"33TVG3",9.55698100251052,2.14881880315415
"33TVG4",7.94969511139354,1.82110959350245
"33TVH1",9.45490653311626,2.23907483889001
"33TVH2",13.0125136009695,2.48774996701952
"33TVK1",10.7464771259636,2.28279555713794
"33TVK3",7.91465235880387,1.49793611152465
"33TVK4",5.18233333747113,1.3018290765202
"33TVL1",8.78253342888485,1.79163332166096
"33TVL2",7.89471520835173,1.66545270525357
"33TVL3",14.1800775996188,2.26851911348378
"33TVL4",5.98481039982547,1.43505264713843
"33TVM1",6.93212105831081,1.61670710419262
"33TVM2",5.67738489931435,1.44705214580771
"33TVM3",9.26555117470116,1.68486591588648
"33TVM4",9.35627201578012,1.85316333070127
"33TVN1",3.97437834428865,1.12262024314335
"33TVN2",47.7606148792809,1.44013163983887
"33TVN3",6.25760628530742,1.60688235983442
"33TVN4",4.46149331478961,1.25233965986105
"33TWE1",3.35492458676689,0.874178164717989
"33TWE3",4.04295486631257,1.21802098596043
"33TWF1",11.2895988512531,1.97334286301056
"33TWF2",5.30108466624837,1.21227076724184
"33TWF3",22.1135255200356,2.92106416981053
"33TWF4",6.88534928727691,1.7410232469419
"33TWG1",NA,NA
"33TWG2",20.2190909803364,2.67531598678907
"33TWG4",11.0360774702011,1.9371957463166
"33TWJ1",26.768666803808,2.89614558187864
"33TWJ3",9.31069931208556,1.99518778019027
"33TWJ4",10.5297021653987,2.19451365670648
"33TWK1",9.87579866286297,1.99059448242327
"33TWK2",11.7359171593586,1.73811634268643
"33TWK3",16.1100093990113,2.36799075465733
"33TWK4",8.57127091087381,1.77907133458236
"33TWL1",12.8441001231595,2.18972974440549
"33TWL2",23.3853375110654,2.66872107410358
"33TWL3",33.1473306623968,3.05084047454639
"33TWL4",44.0984683117594,3.5077233376656
"33TWM1",26.8683324215535,2.50261425661253
"33TWM2",16.8371545846214,2.3148608716361
"33TWM3",45.1934350797969,3.66219299636475
"33TWM4",42.7107522386219,3.26601220260573
"33TWN1",6.74043895521586,1.69936809884036
"33TWN2",14.8862054599636,2.03530483045504
"33TWN3",8.48365431579946,1.83623269125374
"33TWN4",49.910372477689,3.42145478873729
"33TXE1",12.8925653812873,1.97826750330489
"33TXE3",11.192530694576,2.05480254359441
"33TXF1",9.24508846445073,2.19366080585405
"33TXF2",16.0954726521052,2.47911821283597
"33TXF3",14.6474640425025,2.68426721757819
"33TXF4",11.5608019798491,2.26352191475218
"33TXH3",5.2353883226596,1.43334071070048
"33TXJ1",5.29587626865849,1.31018814783551
"33TXJ2",7.20601110911957,1.57045387151767
"33TXJ3",8.64377988456238,1.85290781318641
"33TXJ4",6.19226337223301,1.55500398763827
"33TXK1",18.0261740919043,2.54705634366886
"33TXK2",6.14333664288746,1.60748702490214
"33TXK3",25.8124330347829,2.8119454933393
"33TXK4",7.32146110151247,1.80626516568344
"33TXL1",62.1165414589396,3.82284391714127
"33TXL2",53.8692388929324,3.59171977532451
"33TXL3",40.3754933738867,3.47209180907706
"33TXL4",41.2163995447488,2.96830311900965
"33TXM1",55.8328835788398,3.70708546540122
"33TXM2",43.4447374008219,3.44173934603138
"33TXM3",69.3489119533585,3.77382312745086
"33TXM4",39.1927491984883,3.54703073521657
"33TXN1",44.7591328093171,3.37377117619066
"33TXN2",58.4847142269027,3.81845583261544
"33TXN3",109.099186278661,4.39660997839285
"33TXN4",66.7454977379607,3.74424921802492
"33TYE1",25.5450868825884,3.02099274769517
"33TYF2",9.18717309152549,2.07321587547629
"33UUT2",63.880327040138,3.86139557563494
"33TYH1",10.3006678951607,2.01078826621378
"33TYH2",5.60282528817053,1.48406381849565
"33TYJ1",5.72257045352205,1.51818361329492
"33TYJ2",4.17463866736752,1.0576127044739
"33TYK1",39.0886195682748,3.42681573115044
"33TYK2",7.66227168912697,1.72779156725384
"33TYL1",73.2939259975169,4.03575740106117
"33TYL2",21.5268352872478,2.67371491971435
"33TYM1",82.45173188274,3.83854320792502
"33TYM2",47.9914983614995,3.54031379043893
"33TYN1",74.7171659464266,3.94351471601429
"33TYN2",32.2016186897474,2.97694477341696
"33UUA2",62.8261103547735,3.99949704062726
"33UUA4",127.288789479808,4.52926603927889
"33UUB3",26.8830851235349,3.16745502202275
"33UUB4",47.259397753217,3.74826083001639
"33UUP1",68.2630649422086,3.97750608041823
"33UUP2",40.7554435491369,3.40958079251806
"33UUP3",35.9366526639593,3.27056943209477
"33UUP4",24.8361339150197,2.88823706395135
"33UUQ1",26.6594586183473,2.95850133593825
"33UUQ2",33.0336255545983,3.06572460770303
"33UUQ3",17.8487496466219,2.70091732384671
"33UUQ4",10.36787641327,2.08013504084907
"33UUR1",12.4208876228843,2.27233306518364
"33UUR2",20.3414467290151,2.72179230765863
"33UUR3",11.6877272609719,2.14103235627265
"33UUR4",19.7541977855832,2.8238376434201
"33UUS1",43.3240821884965,3.53909659769549
"33UUS2",21.6015376511295,2.86821637239212
"33UUS3",40.1550486281744,3.47562125751657
"33UUS4",13.5404758954266,2.41439566800566
"33UUT1",52.4327260524608,3.63171656686649
"33UUT3",70.2974699874277,3.95760327038329
"33UUT4",64.3310265353305,3.82483329750375
"33UUU1",56.3957647635205,3.89656078188556
"33UUU2",122.722391979176,4.11045603612316
"33UUU3",67.8965523457615,3.98921661521466
"33UUU4",46.5039245446575,3.56065234561136
"33UUV1",83.7776683240289,4.11306088514429
"33UUV2",92.3253670990671,4.12679368492256
"33UUV3",109.173559146089,4.33678345919395
"33UUV4",67.521442157781,3.86535020408793
"33UVA2",78.1344452585415,3.9828137522685
"33UVB1",27.7719642660212,3.09333972422417
"33UVB2",32.2903576858963,3.43878225982643
"33UVP1",14.7830782763646,2.46192849477298
"33UVP2",22.8816043945963,2.74706425096167
"33UVP3",12.3932295707949,2.33579474809955
"33UVP4",19.4606915866661,2.60288766450155
"33UVQ1",20.7336821659823,2.84669421012711
"33UVQ2",12.284227991068,2.29595784179674
"33UVQ3",22.8535394225054,2.9473204475724
"33UVQ4",28.1315614252213,3.03934942958465
"33UVR1",21.9057825584484,2.81993514809815
"33UVR2",19.1465656831674,2.73519547132318
"33UVR3",27.3969171783882,3.07362494119987
"33UVR4",30.9736258820569,2.93762627960274
"33UVS1",40.550377156056,3.3720515502575
"33UVS2",8.59749892179437,1.99238525244394
"33UVS3",51.1839987788493,3.56257227843061
"33UVS4",20.685230744606,2.73354114369444
"33UVT1",120.279662011824,4.30894254627364
"33UVT2",74.8044050627716,3.94262016378894
"33UVT3",74.916419642625,3.93181591456193
"33UVT4",57.5225299068819,3.90484320271218
"33UVU1",68.0086446522143,3.91422425235618
"33UVU2",67.4031431234156,3.88411912638309
"33UVU3",89.1011104109352,4.15511024314467
"33UVU4",78.0134475039022,3.85564723981623
"33UVV1",125.069811483172,4.44754079748116
"33UVV2",91.7342636483953,4.15194122437551
"33UVV3",143.078075191672,4.66594225860581
"33UVV4",88.458262471212,4.10996551605847
"33UWA2",42.6545882372373,3.75313484698473
"33UWA4",85.821833618283,3.99490304189182
"33UWP1",16.8023703798725,2.41808852767748
"33UWP2",12.4092239368116,2.2030396341717
"33UWP3",27.8849687604438,3.01855502861734
"33UWP4",16.4519776862141,2.49884938106754
"33UWQ1",26.543432792767,3.05719842440683
"33UWQ2",25.547586680359,2.98447419223703
"33UWQ3",20.1701459647669,2.8918983846213
"33UWQ4",20.3003919025881,2.87348693475206
"33UWR1",30.6444167044163,3.20235373414832
"33UWR2",22.7166076848171,2.89489146381099
"33UWR3",31.8067391643233,2.80602099943297
"33UWR4",25.8565113435473,2.82307691886689
"33UWS1",42.415621690073,3.49928068211348
"33UWS2",11.0655937077855,2.12312548301959
"33UWS3",68.7227243535928,3.76062338396495
"33UWS4",16.7662479737406,2.53116399262498
"33UWT1",127.774026296951,4.23750969972243
"33UWT2",87.9488609784086,4.2391860541028
"33UWT3",126.672936626934,4.46037008753161
"33UWT4",71.1313555063729,3.95264002128449
"33UWU1",127.668322947448,4.60505512025772
"33UWU2",93.8034236140923,4.11538711326183
"33UWU3",99.8407995674795,4.3584316252892
"33UWU4",115.67916237787,4.39163846027085
"33UWV1",83.2367569974455,4.24185275827803
"33UWV2",101.112040516028,4.36784182425311
"33UWV3",42.6025727072277,3.65701664376791
"33UWV4",83.8493045866423,4.17452064359458
"33UXA1",81.9522867268503,4.01496085479503
"33UXA2",77.6723280442069,4.01287163348488
"33UXA3",43.3180830126005,3.64684525019561
"33UXA4",95.9748857806755,3.79662868151921
"33UXP1",53.0120283496114,3.61905678431934
"33UXP2",56.2177100669762,3.68145840799369
"33UXP3",18.9996603089621,2.70613839752594
"33UXP4",117.057738587826,4.1166000628771
"33UXQ1",13.4264670704434,2.33772903005389
"33UXQ2",31.2292810651613,3.17664432476154
"33UXQ3",26.0647878803618,2.86140878573097
"33UXQ4",16.8194113268866,2.51888720623576
"33UXR1",10.2193647805,2.03300025492329
"33UXR2",18.5045732300852,2.47104566402374
"33UXR3",29.2611052057865,2.90944728422518
"33UXR4",16.7748072644259,2.46315354648264
"33UXS1",59.8690491866493,3.86799815675794
"33UXS2",41.4216502242305,3.22409196115577
"33UXS3",65.9853855434306,3.9721927525108
"33UXS4",73.9238036232678,4.0710980444283
"33UXT1",111.111909150664,4.49108582362527
"33UXT2",102.450267347362,4.43770477909992
"33UXT3",76.6651013532053,4.19112230564753
"33UXT4",87.8701283307158,4.20335893652329
"33UXU1",115.874756128398,4.44263855812854
"33UXU2",142.133042962548,4.54137961900106
"33UXU3",123.489079197131,4.46983922242503
"33UXU4",115.592682719629,4.44786043855346
"33UXV1",56.4151021094252,3.88603179144874
"33UXV2",86.2270302674189,4.2869406309402
"33UXV3",94.6296757606454,4.30802942102424
"33UXV4",77.3854891640995,4.22715215005637
"33UYP1",19.4925986640912,2.71349320046735
"33UYP2",82.6149683058908,4.22283345260334
"33VUC2",81.0945162643659,4.01920720781842
"33VUC3",23.3430936559171,2.90331725946119
"33VUC4",31.7934499949025,3.23858351346328
"33VUD1",31.1914433961397,3.24749425784066
"33VUD2",31.3868640136044,3.29614231261898
"33VUD3",59.9924272441648,3.64383588150031
"33VUD4",64.1917012288465,3.7074921595217
"33VUE3",93.9740667898892,4.07179836811406
"33VUE4",42.8508885794257,3.46109442643569
"33VUF3",32.5246159100177,3.23866376354761
"33VUF4",63.9381661921132,3.73759426752497
"33VUG3",16.9876542764996,2.57158584859654
"33VUG4",22.7923795641535,2.89770586648919
"33VUH3",21.8428503100589,2.7471802302057
"33VUH4",16.1093664656211,2.54911247361264
"33VUJ3",19.9461623142142,2.71488137564379
"33VUJ4",14.4822380847206,2.35842317635726
"33VUK3",10.7693085981456,2.09975065967225
"33VUK4",20.2916528644586,2.69530643283889
"33VUL3",12.1291810390464,2.09872984779605
"33VUL4",9.98458456091525,2.04579300748975
"33VVC1",75.2356154834392,3.97038267304162
"33VVC2",37.4702833760215,3.41061945705508
"33VVC3",60.0120034261544,3.84568896708369
"33VVC4",31.3971737383091,3.24580195771591
"33VVD1",35.9295683857018,3.41290052502911
"33VVD2",66.7161628113156,3.89863949512927
"33VVD3",50.7798841978971,3.66529880246962
"33VVD4",44.1051835884973,3.5880658020501
"33VVE1",37.5005277222863,3.34956255968146
"33VVE2",42.0675673100041,3.42473614186299
"33VVE3",44.5265265842681,3.41442453028892
"33VVE4",38.2926006402294,3.3169657580986
"33VVF1",29.9859557825912,3.20124963081923
"33VVF2",62.4218434992351,3.88682456715779
"33VVF3",36.22834415282,3.26836499362909
"33VVF4",41.5816215038256,3.33407163352506
"33VVG1",21.8623041942336,2.88962346545859
"33VVG2",20.803522437455,2.8909277209022
"33VVG3",30.9581786123561,3.16722285648397
"33VVG4",30.1099961047604,3.20201870098199
"33VVH1",18.9634947270767,2.72161380919662
"33VVH2",23.4552509807305,2.89287282253319
"33VVH3",16.649597860319,2.62525977779466
"33VVH4",29.5656334930029,3.04328109461381
"33VVJ1",19.4788752430248,2.76135881103139
"33VVJ2",24.821343782977,2.93712031797427
"33VVJ3",26.9317570292067,3.09362453254577
"33VVJ4",24.9462056138934,2.83488956959588
"33VVK1",12.3778613346818,2.29609563766803
"33VVK2",18.5750857024343,2.68523593870498
"33VVK3",24.3305232338917,2.96305596424345
"33VVK4",33.5623107572251,3.23568403095008
"33VVL1",18.2732973091675,2.12170586592944
"33VVL2",14.4666632305262,2.39108075608766
"33VVL3",19.2560685721809,2.70404663906967
"33VVL4",30.637822991241,3.17686082189715
"33VWC1",47.2408292995154,3.71443850859484
"33VWC2",29.1796927766124,3.25692187146017
"33VWC3",34.677580497815,3.43759757300968
"33VWD1",41.5404522434606,3.58686050067484
"33VWD2",32.478723197266,3.38568568386322
"33VWD3",63.8038310856952,3.90235932825571
"33VWD4",69.7759384692895,3.91677037470215
"33VWE1",51.7002371478332,3.75134673985696
"33VWE2",53.5649423596537,3.61748685501902
"33VWE3",106.213902902763,4.2898195172926
"33VWE4",48.3520654188593,3.76770027271383
"33VWF1",45.8332644940952,3.59351375274173
"33VWF2",62.1190966396782,3.90064871725886
"33VWF3",62.5769092637083,3.91408144688711
"33VWF4",73.9813785136614,4.01679582210267
"33VWG1",33.6480109904099,3.2070940672228
"33VWG2",28.8305871769117,3.22093464088718
"33VWG3",42.3919447727046,3.47686784232752
"33VWG4",36.1671340055757,3.46768321878941
"33VWH1",26.702825428879,3.06859710239853
"33VWH2",29.0899069456069,3.06567563299532
"33VWH3",32.9810737088593,3.2575535923507
"33VWH4",29.0273821020527,3.15627876606976
"33VWJ1",35.1645911191668,3.16243880295283
"33VWJ2",43.7317602658222,3.41611083030834
"33VWJ3",20.4786796126063,2.83787558721708
"33VWJ4",26.2742799762963,2.91645956630844
"33VWK1",50.4265999072821,3.46172504653298
"33VWK2",38.667478182908,3.13234707907577
"33VWK3",26.3387752588662,3.02607888758574
"33VWK4",23.3228383475103,2.94370088520418
"33VWL1",41.6768228100334,3.49646610876266
"33VWL2",34.0874769686874,3.32321368132039
"33VWL3",34.8318398960758,3.2913699676799
"33VWL4",24.1850518553753,3.00026805207485
"33VXD2",42.6876183450717,3.60489780312231
"33VXF1",73.2451825094926,3.90848671710543
"33VXF2",65.7031700100525,3.95745992958559
"33VXF3",46.6589683412309,3.57873057349152
"33VXF4",42.1694624782797,3.57643591177594
"33VXG1",105.711237928651,4.38273621562095
"33VXG2",48.7726648100058,3.77875641862391
"33VXH1",37.7435089420457,3.45014480310374
"33VXH2",76.3179405052997,4.07153654349795
"33VXJ1",24.0790470350946,3.00330126867443
"33VXJ2",29.0325579938209,3.18386798103581
"33VXK1",20.4250277414236,2.81904409714672
"33VXK2",21.1257073193975,2.87280078126579
"33VXL1",38.6187390462688,3.42446197927472
"33VXL2",27.609395009373,3.01574846358157
"33WUM3",7.60806823405016,1.69145241419054
"33WUM4",8.6830046923301,1.86699827078586
"33WUN3",4.28314218901102,1.18308072374413
"33WUN4",6.05192897789382,1.44845373835649
"33WUP4",11.4274472914174,2.05827585423465
"33WVM1",10.650991793147,2.0755189960485
"33WVM2",10.6741562997641,2.0676478909072
"33WVM3",14.7323611684737,2.43283115236245
"33WVM4",14.6644486051535,2.31699947057078
"33WVN1",5.02008822557174,1.3145852650059
"33WVN2",6.07152516126258,1.53869139337404
"33WVN3",11.463721333334,2.08937099040527
"33WVN4",14.1359176478359,2.34393889518947
"33WVP1",4.90708337273896,1.20546462954531
"33WVP2",4.65189228423837,1.30703377403687
"33WVP3",4.82510531213378,1.29795734332996
"33WVP4",5.79506603195528,1.54453038794624
"33WVQ2",6.20102713730763,1.53418541396658
"33WVQ3",7.62402473251479,1.74106884499726
"33WVQ4",4.44769701202391,1.18329042582025
"33WVR4",4.98269076196996,1.47896164329596
"33WWM1",18.8802287001672,2.63690391539772
"33WWM2",25.6337486768044,2.90526817737385
"33WWM3",34.1964297961457,3.23166301189697
"33WWM4",39.8973813488711,3.36340374035379
"33WWN1",11.9603536589454,2.15574651461922
"33WWN2",18.8401786374839,2.39690143270899
"33WWN3",18.0499799986018,2.70714315644621
"33WWN4",25.1333396514547,2.95836454029062
"33WWP1",8.06956396635331,1.81631265795664
"33WWP2",9.34772272749854,1.95683848771068
"33WWP3",11.961713459986,2.23336127022922
"33WWP4",18.1010265902872,2.63370946844177
"33WWQ1",5.5364167029374,1.43746599120626
"33WWQ2",5.53932019309071,1.41302096186667
"33WWQ3",9.2737131003113,1.93124428965328
"33WWQ4",8.30567470872565,1.85236381885472
"33WWR1",9.80737607453709,1.84773583537844
"33WWR2",7.75816155212914,1.63430515077685
"33WWR3",7.01182342305415,1.39681687213194
"33WWR4",8.87842514602925,1.74509241091004
"33WWS3",7.37550899947799,1.7494119955955
"33WWS4",5.71385967520544,1.51695775593644
"33WXM1",35.2950468416972,3.38762265045948
"33WXM2",42.2840448095897,3.54187850064178
"33WXN1",33.2264002605275,3.20889429515179
"33WXN2",50.9276548130595,3.37129625360584
"33WXP1",20.2184464113066,2.66879609366176
"33WXP2",28.6484092523422,2.91392508355227
"33WXQ1",5.82815289463798,1.51111152287114
"33WXQ2",11.2070258080847,2.07166804128465
"33WXR1",8.19673018738799,1.65214028217444
"33WXR2",7.11543698551275,1.66718610482991
"33WXS2",6.2171810657463,1.48524639402428
"34SBK4",36.7433498046172,3.34728448073333
"34SCK4",5.1528579444161,1.32556734813435
"34SDH3",4.12006095986374,1.16668544895531
"34SDJ1",6.66889422487009,1.70275708098285
"34SDJ2",NA,NA
"34SDJ3",5.92545336970489,1.47108391083879
"34SDJ4",16.9536847776866,2.11626894112246
"34SDK2",4.03185949212499,1.07346787680128
"34SDK4",3.85238847608665,1.11593131537721
"34SEF3",6.31110039264835,1.68605724186303
"34SEG1",17.4137545642228,2.63170596501052
"34SEG3",4.79077011294573,1.36901144989675
"34SEG4",4.82936076637528,1.29244698084684
"34SEH1",8.81765761663997,1.75650436247177
"34SEH2",20.1232345789442,2.41165125112933
"34SEH3",4.40942646008678,1.2881867844688
"34SEH4",4.50374809556592,1.20485037352968
"34SEJ1",3.56367104435532,1.03106547762504
"34SEJ2",4.75832450615274,1.31919558140819
"34SEJ3",45.4724650751224,2.39582364255306
"34SEJ4",5.46137557856361,1.31102637765129
"34SEK2",7.27838930590025,1.63771003586135
"34SEK4",5.62568545785217,1.52256371439452
"34SFF1",5.34662452471095,1.15198647548296
"34SFF2",5.75832459419498,1.74912566727814
"34SFF3",5.39878432587888,1.42076394273955
"34SFF4",7.67373502629434,1.88010858223426
"34SFG1",4.46076287769041,1.30272374452085
"34SFG2",4.79282019945233,1.30348838055845
"34SFG3",5.88427072257571,1.52868480712705
"34SFG4",5.16619539392213,1.25791785178322
"34SFH1",2.44553480929653,0.633755819832107
"34SFH2",2.41911275761898,0.801887418410826
"34SFH3",10.7426149188742,1.96493767574522
"34SFH4",5.45937591151467,1.39930446515988
"34SFJ1",34.9171873338814,2.96375834273298
"34SFJ2",8.33751070811971,1.51868026757719
"34SFJ3",7.38610495550834,1.5345001645868
"34SFJ4",5.88616351497862,1.56975918401404
"34SFK2",3.99179141672996,0.954037343411611
"34SFK4",1.57875047486726,0.439308033369259
"34SGG1",9.40818035806946,2.01526205522995
"34SGG2",6.15544103976175,1.60789544470228
"34SGH1",5.38925872032739,1.46938629749982
"34SGH2",6.77095433182901,1.65241226288006
"34SGJ2",3.24356917481736,1.14671601879586
"34SGK2",12.6646009930871,2.09647664895756
"34TBK3",71.8829343887044,4.10342815756245
"34TBL4",NA,NA
"34TBM3",NA,NA
"34TBN3",6.21961734711994,1.57779132244072
"34TBN4",5.51568596876124,1.36564415517302
"34TBP3",12.5976079561692,1.9480032045476
"34TBP4",4.49050320187186,1.27420285096343
"34TBQ3",33.1292686535112,3.06048885741368
"34TBQ4",12.2143873478478,2.21742466415021
"34TBR3",113.968353484077,4.4159241909473
"34TBR4",78.7898847940156,3.8138934285283
"34TCK3",7.19559007348122,1.49354626813961
"34TCL3",19.1632625510835,2.62399004701559
"34TCL4",29.9998067794275,3.07909186167582
"34TCM1",4.46866494560579,1.23955664358921
"34TCM2",5.74434203525061,1.74821537650002
"34TCM3",11.6851813726815,1.67031687137992
"34TCM4",32.7425578426765,2.36950948509992
"34TCN1",5.24823172347434,1.40247313595569
"34TCN2",6.24743972212713,1.41999572855352
"34TCN3",7.36075707538301,1.67531573364122
"34TCN4",4.34463831415701,1.10761952820113
"34TCP1",12.0380413652291,2.08610129811998
"34TCP2",6.93622678579051,1.69552622064659
"34TCP3",8.02995061021437,1.84675435308114
"34TCP4",11.4268575376416,1.95251007588438
"34TCQ1",87.3266844449233,3.93291350813089
"34TCQ2",14.2490686724182,2.34892130256186
"34TCQ3",105.678994076298,4.28588535443716
"34TCQ4",21.578939811258,2.73473734132393
"34TCR1",132.077362719411,4.54281946990503
"34TCR2",151.879028183101,4.69666679701001
"34TCR3",178.647642059831,5.04058813100227
"34TCR4",223.887838381334,4.82838561713628
"34TCS1",110.48358467331,4.19694451171908
"34TCS2",71.5710767514538,3.90306849086951
"34TCS3",116.523764379059,4.58308635199517
"34TCS4",109.436345544651,4.40426585323937
"34TCT1",23.171307003332,2.77581594357774
"34TCT2",130.202419250815,4.40000895325794
"34TCT3",28.9132663977114,3.0829759745652
"34TCT4",88.2747965884652,4.10074126275177
"34TDK1",4.28717083548607,1.20662957376345
"34TDK3",4.55071622272732,1.28493478836189
"34TDL1",3.75626732661447,1.06017399069299
"34TDL2",6.85933363294062,1.45312551244538
"34TDL3",5.31692578079349,1.14373447784725
"34TDL4",6.42904816817304,1.2695462567294
"34TDM1",5.15212622602554,1.32562104232244
"34TDM2",5.34291079779451,1.10679505796853
"34TDM3",6.01301409393551,1.32259832795261
"34TDM4",3.3318820262363,0.923594514406731
"34TDN1",13.4867175641659,2.12619408249422
"34TDN2",5.16896882356682,1.29180553255127
"34TDN3",7.07871626883407,1.58588448402428
"34TDN4",13.4734422627656,2.2576071655828
"34TDP1",12.2392418714481,2.28695541057128
"34TDP2",9.72373923136758,2.09258335720301
"34TDP3",20.738493427473,2.52336085050661
"34TDP4",7.65779746483861,1.67226995695768
"34TDQ1",78.3999712880873,4.02922871648387
"34TDQ2",40.2743519647625,3.42730135045696
"34TDQ3",78.5601438600694,4.0249715424628
"34TDQ4",34.948272082805,3.26920551048662
"34TDR1",169.479145149373,4.87889106735788
"34TDR2",127.990418741757,4.53285696019796
"34TDR3",105.320372733752,4.43038170868983
"34TDR4",168.457400292817,4.90849346759538
"34TDS1",253.452010812803,5.06553615626842
"34TDS2",121.069910865992,4.60870287014003
"34TDS3",345.312778172917,5.61212163473189
"34TDS4",173.70755063256,4.97973151547953
"34TDT1",99.5310423560642,4.06292486716035
"34TDT2",146.379309533703,4.59439405236321
"34TDT3",76.2713955000835,4.17355814333814
"34TDT4",277.820409927655,5.31683662745016
"34TEK1",6.58693417676704,1.58698663334873
"34TEK3",6.52061306143327,1.39088172354638
"34TEL1",15.6595590816738,1.94872543511312
"34TEL2",10.3523107249661,1.59156183595676
"34TEL3",5.90388344512128,1.48491692814838
"34TEL4",5.1110254397271,1.13661152610748
"34TEM1",8.16764155804168,1.61468292271883
"34TEM2",7.02584030019672,1.11634543955887
"34TEM3",10.367093233043,2.0548005758925
"34TEM4",12.5640939987931,2.18426161348828
"34TEN1",7.62481619006312,1.81469226633925
"34TEN2",13.7140387309825,2.31831175913491
"34TEN3",16.1571878834235,2.34829534729082
"34TEN4",6.89340318683956,1.63258487256041
"34TEP1",18.180710936344,2.5510127878027
"34TEP2",15.6886104453717,2.38602260847602
"34TEP3",12.3880145918256,2.22831983353034
"34TEP4",9.11162384415968,1.96892637289556
"34TEQ1",52.3499781741917,3.45234356999279
"34TEQ2",35.9111605149869,3.19523943130962
"34TEQ3",8.9852231551824,1.88703641766945
"34TEQ4",14.1999733840482,2.24363092231076
"34TER1",64.359859782152,3.9805798021088
"34TER2",52.6397482504425,3.82951665305475
"34TER3",41.7630259822952,3.36666763051951
"34TER4",21.5228471615828,2.53438592692917
"34TES1",260.621071249078,5.17458104845289
"34TES2",168.083081878837,4.7575099846873
"34TES3",97.062391646228,3.67385716590512
"34TES4",53.082922427283,2.95306950156916
"34TET1",96.1888429957695,4.40878228128228
"34TET2",139.297997432284,4.78090318707242
"34TET3",86.0667356995666,4.30099574778429
"34TET4",102.539621652774,4.06512710891537
"34TFK1",24.2488773991437,2.22692492307719
"34TFK3",8.89905628281313,1.96529117090272
"34TFL1",6.40016537589433,1.54379726913321
"34TFL2",37.6602048212114,2.78423101156071
"34TFL3",6.99116205492121,1.42402207835548
"34TFL4",9.37504178011922,2.00717023387656
"34TFM1",10.4205229511752,1.55389559960537
"34TFM2",7.32754193134645,1.60654150039103
"34TFM3",6.6131371628692,1.51309131320413
"34TFM4",4.75683977528689,1.23797575321148
"34TFN1",8.37897238257815,1.85689443915501
"34TFN3",8.82986949710626,1.84760758852328
"34TFN4",11.6817168777116,2.13992104206587
"34TFP1",28.1326660114043,3.03150437186438
"34TFP2",11.7404513468559,2.02123232811124
"34TFP3",113.243098255553,4.27921764544258
"34TFP4",33.5849566871281,3.18033691859038
"34TFQ1",9.50712474931294,1.96544059629105
"34TFQ2",36.2585893880256,2.93526614257242
"34TFQ3",33.2215623544159,3.21514254726903
"34TFQ4",54.8002606042808,3.83222262787874
"34TFR1",12.3272465749563,2.21667452255678
"34TFR2",4.8406319616503,1.39137781066402
"34TFR3",10.722305208689,2.04291352210237
"34TFR4",4.78967436218343,1.36668571991575
"34TFS1",8.06421105718697,1.78202070260314
"34TFS2",11.8531209766933,2.05760685871463
"34TFS3",16.5475762709162,2.37341873277832
"34TFS4",12.5962943274761,2.14779734392555
"34TFT1",86.9895251876423,4.15687979667627
"34TFT2",24.8903184379607,2.79243137990111
"34TFT3",42.3257310350123,2.86709343227735
"34TFT4",34.9724146734338,3.15164392803168
"34TGK1",5.46378602747671,1.56997171972163
"34TGL1",5.73776782192613,1.36212319158809
"34TGL2",21.1788371250646,2.2322186524104
"34TGM1",5.32142359929518,1.34466461759946
"34TGM2",5.71701312476865,1.37261539541878
"34TGN1",14.0615788332845,2.26210906926513
"34TGN2",11.0716840272873,2.08299218544874
"34TGP1",77.1232773811621,4.0015557883862
"34TGP2",48.9179128025376,3.65400672270878
"34TGQ1",29.6345149996741,3.22431493107171
"34TGQ2",64.7307856984738,3.78731684533377
"34TGR1",12.3169649161017,2.05944023062891
"34TGR2",5.81201693465239,1.5097200550857
"34TGS1",48.5649591230091,3.5431808829457
"34TGS2",34.4769798102377,3.2646965315273
"34TGT1",11.0297260700163,2.0502153699062
"34TGT2",30.745143166632,3.11731742007028
"34UCA1",48.260006825359,3.70084118006265
"34UCA2",39.9218265998921,3.27130462121029
"34UCA3",37.5066128819778,3.4309705140907
"34UCA4",43.5105640967281,2.64406935062435
"34UCB1",117.943101716824,4.41657293463266
"34UCB2",69.7815349671593,4.02374697678644
"34UCB3",94.068037968275,4.2382426127062
"34UCB4",78.3547495121459,4.02803303383765
"34UCC1",85.4659906871361,4.07975213406573
"34UCC2",104.146569926977,4.23014104652023
"34UCC3",84.0185088315495,4.27940027194784
"34UCC4",75.3551628286381,4.08749840628312
"34UCD1",59.7471252524231,3.88631040299309
"34UCD2",78.380578048709,4.22821261808793
"34UCD3",92.2563399132456,4.28386831048402
"34UCD4",95.3440680596451,4.17909678170586
"34UCE1",92.9672132670107,4.214074786652
"34UCE2",58.1762675470736,3.90772985736373
"34UCE3",81.8883804591069,4.04623853912465
"34UCE4",142.204304378193,4.51319049399754
"34UCF1",31.6312693808373,3.33608548336595
"34UCF2",34.8298916174064,3.20083599538548
"34UCF4",168.119082682388,4.77708700058491
"34UCU1",8.16757345490592,1.88438663623474
"34UCU2",25.8996403679506,2.91664891149377
"34UCU3",8.23411233582929,1.94546096195983
"34UCU4",21.1754029153174,2.80611812436749
"34UCV1",11.0550545204783,2.18901836349096
"34UEA3",94.3545116409687,4.24916206780416
"34UCV2",9.83040931549042,1.94017912869053
"34UCV3",8.31560389800071,1.93228434104735
"34UCV4",8.07737823119169,1.63737480659916
"34UDA1",35.2840796339911,3.33979750146092
"34UDA2",33.0980210163282,2.83626977027531
"34UDA3",66.3012442468865,3.9164589754928
"34UDA4",55.3944700464914,3.31989633767523
"34UDB1",93.1408195049876,4.30624839308343
"34UDB2",112.991266439734,4.44780311091326
"34UDB3",50.162632960385,3.56950068351193
"34UDB4",47.4697310056039,3.62886536778219
"34UDC1",118.90146286109,4.49678651696858
"34UDC2",81.4890176323905,4.15328873887252
"34UDC3",78.2231159247075,4.02216053548476
"34UDC4",85.1182612763922,4.25461183512549
"34UDD1",93.9006228489247,4.38810742353988
"34UDD2",97.7267015426905,4.17590198015407
"34UDD3",83.8012809510294,4.24219712567375
"34UDD4",100.261399762556,4.28597213055554
"34UDE1",95.9876885768216,4.11185403304768
"34UDE2",81.1992240652832,4.00531498928844
"34UDE3",99.2538381151606,4.16120308212036
"34UDE4",107.636610045583,4.45834802316676
"34UDF1",43.4646414855596,3.67353887152565
"34UDF2",45.0527330960445,3.51714210771825
"34UDF3",74.4709559036374,4.0137617367413
"34UDF4",68.1722503713361,3.91772884076233
"34UDG4",NA,NA
"34UDU1",16.8144439986309,2.44067592876634
"34UDU2",20.5257872233811,2.71796113054851
"34UDU3",19.9839319212449,2.54707066954798
"34UDU4",22.0514046800212,2.7035223059808
"34UDV1",9.87152973446426,1.93460839560658
"34UDV2",5.97551954353725,1.53683580254972
"34UDV3",10.2085119297975,2.09451516336423
"34UDV4",13.8288587920963,2.10611769027086
"34UEA1",71.1155936310281,4.01328486487994
"34UEA2",38.7455557104903,3.41161089001713
"34UEB1",88.0316666156638,4.15839699544035
"34UEB2",48.1569262875006,3.59437077502565
"34UEB3",67.8969201340474,3.9728111993153
"34UEB4",63.093571376115,3.91749480699206
"34UEC1",61.5895823980038,3.85760041374661
"34UEC2",77.9285494849003,4.10247597404624
"34UEC3",163.948172967617,4.57987732384877
"34UEC4",99.5814692974307,4.31824623572747
"34UED1",124.213896198596,4.6067376225687
"34UED2",106.930556238336,4.45968871190535
"34UED3",95.1349295444163,4.34538212432169
"34UED4",101.425164582897,4.49063487344655
"34UEE1",79.4096878418968,4.07193021833428
"34UEE2",109.856290746891,4.51810392149832
"34UEE3",61.9511691702547,3.9128663441658
"34UEE4",90.6259792353945,4.1956551934284
"34UEF1",109.376480057071,4.53430358113936
"34UEF2",116.353735050951,4.42326805817066
"34UEF3",110.166308879715,4.48343403102161
"34UEF4",56.8884351937627,3.82037042837159
"34UEG1",72.8395745227171,3.44958119022792
"34UEG2",111.714393455149,4.23842989745557
"34UEG3",83.8469949531661,3.98270613805897
"34UEG4",49.8086527776567,3.73922395950441
"34UEU1",16.5440122142959,2.40820439888785
"34UEU2",86.5922692968799,4.01840321487827
"34UEU3",97.6504481147642,4.14978393413573
"34UEU4",148.455047587968,4.77891329758507
"34UEV1",16.0702001878211,2.52069546246633
"34UEV2",11.9944951762102,2.17257747586834
"34UEV3",18.4626056111363,2.69995262659745
"34UEV4",14.6120518660726,2.38999910732474
"34UFA1",64.0533002279493,3.90074687974956
"34UFA2",41.7782277547537,3.42364555715606
"34UFA3",64.5092663381289,3.76069439032329
"34UFA4",46.9477116850569,3.66094429318632
"34UFB1",87.6372696725423,4.17708913970135
"34UFB2",64.4599271102126,3.91694909124827
"34UFB3",121.714086300027,4.50738838212854
"34UFB4",95.8601055542721,4.10029835124751
"34UFC1",124.246577720292,4.5823013090082
"34UFC2",143.248264167331,4.73061716557643
"34UFC3",97.775595520256,4.23759437141145
"34UFC4",178.732596056887,4.73455094482683
"34UFD1",110.059466772052,4.35852425949152
"34UFD2",82.866123217424,4.21549205763449
"34UFD3",96.5168813154449,4.35140705044826
"34UFD4",64.8373710125443,4.02800481997698
"34UFE1",102.668946234028,4.29788679095488
"34UFE2",84.0045146953314,4.1447228766609
"34UFE3",112.391190898753,4.41615488609625
"34UFE4",76.048639516914,4.03620689335453
"34UFF1",98.8289022326531,4.39541390409692
"34UFF2",43.8120237148426,3.58443007939876
"34UFF3",95.3536472239391,4.24219491685177
"34UFF4",89.6423104074133,4.18464652525073
"34UFG1",84.4071283799899,4.20063957929415
"34UFG2",58.4617905602616,3.79378782154833
"34UFG3",62.3965318742681,4.01744041404857
"34UFG4",69.8534346748879,4.12725381781432
"34UFU1",42.3040657669645,2.73151773631528
"34UFU2",122.997620656397,4.64855124767154
"34UFU4",20.1778373244283,2.55383485366482
"34UFV1",22.7418236427029,2.79569072791808
"34UFV2",11.2256274142521,2.13355499458098
"34UGU2",9.87990415388016,1.98268096775229
"34VCL3",69.6424994011518,3.98667094220145
"34VCM3",117.553442068069,4.48649374225563
"34VCM4",75.8183362184818,4.09733066635034
"34VCQ3",17.6950454220639,2.68806192083862
"34VCR3",33.1760196781685,3.24151900827203
"34VCR4",25.1301758373898,2.88962881695693
"34VDH3",NA,NA
"34VDH4",NA,NA
"34VDR1",21.2057600136392,2.90168192230613
"34VDR2",13.6166091949206,2.54893561117328
"34VDR3",31.7442300756405,3.41610802564356
"34VEH1",69.1449037482941,3.91413191594896
"34VEH2",58.2818944355895,3.77381994875478
"34VEH3",61.5284435175422,3.91297193233446
"34VEH4",96.014908984833,4.07329959375408
"34VEJ1",54.335238097626,3.87754272383519
"34VEJ2",66.4206575651667,3.99216716248606
"34VEJ3",66.4153769707979,3.80142008969525
"34VEJ4",76.6212402745945,4.03955809860439
"34VEK4",53.1160053312924,3.92919609587395
"34VEM3",55.5526710055041,3.77763800344949
"34VEN1",96.820733696017,4.26562540588559
"34VEN2",78.1049151844652,4.0652251824705
"34VEN3",90.7066850960246,4.18325040380825
"34VEN4",59.7455249075544,3.90360174555719
"34VEP1",63.9481094302444,3.96369818109778
"34VEP2",67.1017332991852,3.82347780541427
"34VEP3",66.1216352728398,3.89466074034783
"34VEP4",59.2972010294177,3.92924567311898
"34VEQ1",87.3098534356781,4.26303456649207
"34WCT4",50.2227835250161,3.48027845873263
"34VEQ2",51.2016611462636,3.82838966545883
"34VEQ3",73.1988585857524,4.14359975819931
"34VEQ4",70.1496109782636,3.97775412453637
"34VER2",120.676504434544,4.52510372996259
"34VER3",54.1590094991125,3.76692848286616
"34VER4",72.0751848173028,4.00794274218553
"34VFH1",61.0335624875227,3.89757695381988
"34VFH2",78.3601598362282,4.22307856396992
"34VFH3",62.251528558841,4.04206630318587
"34VFH4",100.904968024306,4.47776423274301
"34VFJ1",105.399232080816,4.38829161292827
"34VFJ2",67.8616982440624,4.01731421747342
"34VFJ4",119.672660860263,4.50311248418974
"34VFK1",79.4164760030587,4.19788934427105
"34VFK3",103.671630851634,4.3609863922566
"34VFK4",28.2495959121275,3.26959752951334
"34VFL1",73.6900169527175,4.26575657701536
"34VFL2",72.7864274549098,4.13659837393354
"34VFL3",56.7938485921548,3.85099440216291
"34VFL4",146.664375304954,4.434557584409
"34VFM1",41.4867650650274,3.61591778352356
"34VFM2",52.0812426963794,3.70834910500675
"34VFN1",91.5426862710934,4.30555742521263
"34VFN2",92.4853973209279,4.24180900266832
"34VFP1",49.5992557339599,3.70291468016773
"34VFP2",47.6691297868892,3.56994867134363
"34VFQ1",81.4118708748758,4.14233303123817
"34VFQ2",113.296886066864,4.34016244665297
"34VFR1",115.437941000096,4.36108042528103
"34VFR2",96.1470298306937,4.31789666724454
"34VXH2",49.5272646691048,3.73265914494793
"34WCS3",52.4070006081268,3.73833668066264
"34WCS4",38.7087316129698,3.34569906560354
"34WCT3",37.1730596949374,3.36617291208272
"34WCU3",22.6276679137169,2.75490537832513
"34WCU4",33.2950830932816,3.13082647992882
"34WCV4",11.4088230953421,2.23882876026379
"34WDA1",9.53037542238668,1.8365950450054
"34WDA2",16.3615541632791,2.44329950586353
"34WDA3",23.05343833575,2.85679880946587
"34WDA4",36.942595014823,3.28544467488618
"34WDB1",7.11239381558483,1.67824208130867
"34WDB2",7.51171595503678,1.62086811334443
"34WDB3",7.78604089846897,1.64515687450391
"34WDB4",18.2071210230889,2.56752971615313
"34WDC2",6.72005651466052,1.60565106329315
"34WDC3",5.84742348237488,1.48284721951808
"34WDC4",3.92158868758158,1.0905988092315
"34WDS1",69.0685486117222,3.96704071129351
"34WDS2",45.727073512274,3.54586971489802
"34WDS3",73.5062411183583,3.78593650653052
"34WDS4",39.8064072559891,3.41131513734988
"34WDT1",29.8974261308036,3.21083407697331
"34WDT2",40.0756859313709,3.44408722249591
"34WDT3",33.5359408158308,3.1654745796171
"34WDT4",48.0438546149257,3.50477919244048
"34WDU1",45.1412683787439,3.46296507395721
"34WDU2",24.5426471638366,3.0060203374404
"34WDU3",23.176460192596,2.94660628355971
"34WDU4",21.6056615191675,2.95558889746113
"34WDV1",18.3762437859705,2.62168217267929
"34WDV2",18.7860589556135,2.78900150549779
"34WDV3",45.2662148725391,3.39156767939502
"34WDV4",26.8134097511584,3.13437665602797
"34WEA1",47.7054066328337,3.58879397518887
"34WEA2",33.7343163506318,3.33060013477852
"34WEA3",47.5288649905019,3.59586052526362
"34WEA4",36.6868553057268,3.41617324633101
"34WEB1",20.3217731107573,2.58524325697309
"34WEB2",24.1649780238622,2.91487463472261
"34WEB3",29.6850067146814,3.0977877635132
"34WEB4",40.3460779364121,3.38137198899234
"34WEC1",4.5601042449828,1.1402678535555
"34WEC2",5.89027206752962,1.4010820733094
"34WEC3",9.47064916915211,1.81150031313863
"34WEC4",16.0220794728899,2.47589239115602
"34WED2",5.86528639135494,1.64537945804604
"34WED4",6.50946725728316,1.62397902819692
"34WES1",51.3789523239511,3.69548157011619
"34WES2",38.8977530439293,3.58938463744415
"34WET1",34.1070657501089,3.34087449717569
"34WET2",29.219671285019,3.10955802550985
"34WET3",27.1131405579619,3.12480390391892
"34WEU1",28.5753476958108,3.19937292609133
"34WEU2",39.0771207712681,3.29509113079109
"34WEU3",51.7149748089157,3.56333547966471
"34WEU4",45.1096347459583,3.57510657923358
"34WEV1",31.0192370308065,3.24712301382531
"34WEV2",32.2504919631804,3.27051661523359
"34WEV3",34.7278528325336,3.46276103216424
"34WEV4",36.1796364523263,3.28020608528095
"34WFA1",32.8287418396968,3.26625584047417
"34WFA2",40.4540058208871,3.43329914413356
"34WFB2",43.1630476854238,3.45111847045913
"34WFS2",197.919128937037,5.00529087853497
"34WFU1",33.9491088012538,3.35154829991209
"34WFU2",47.0950386726165,3.73972644463762
"34WFV1",52.4494410091696,3.81382073040374
"34WFV2",47.1703421412834,3.67735604313475
"35SKB3",7.74719319809132,2.04091248760905
"35SKC4",8.65166485077724,1.78682741139761
"35SKE4",NA,NA
"35TKE3",8.97309712552434,2.08167024135382
"35TKF3",6.05268957997427,1.46140523333891
"35TKF4",11.5502528456871,1.71669270298413
"35TKG3",20.386549139876,2.32354394081134
"35TKG4",7.13091786363409,1.7361740480579
"35TKH3",19.3444043807946,2.67891648659459
"35TKH4",7.5004535263616,1.72340187136082
"35TKJ3",63.6677950043453,4.04633266354664
"35TKJ4",56.1423594644597,3.68143148110671
"35TKK3",22.756932118709,2.95991780667345
"35TKK4",54.1858674185213,3.7829756498262
"35TKL3",30.4455722945506,2.7709894691878
"35TKL4",4.74303822068978,1.3873174321238
"35TLF1",9.25011797288655,1.87530261273595
"35TLF2",41.2352069595153,3.09350826333722
"35TLF3",10.9952612160795,2.17883845072544
"35TLF4",26.3098513013628,2.92991235676078
"35TLG1",45.1390790298663,3.35971494826965
"35TLG2",7.95067987769115,1.86631146942885
"35TLG3",54.9353310825129,3.48938480022737
"35TLG4",28.3788905711206,2.97789383091032
"35TLH1",21.799859042574,2.70405067743001
"35TLH2",6.95868251023556,1.60429916558821
"35TLH3",38.2237381868163,3.21614131024845
"35TLH4",9.55620569298406,1.96103820964318
"35TLJ1",50.9255401767975,3.82715798841825
"35TLJ2",37.5919281031977,3.29431003509919
"35TLJ3",52.7336166089305,3.89974464403047
"35TLJ4",76.2177075424205,3.88629746230181
"35TLK1",28.8587634263403,3.15223446547847
"35TLK2",73.0088352436608,4.23119183087967
"35TLK3",26.8137615479899,3.12185521936709
"35TLK4",67.9445947584759,4.18481822911452
"35TLL1",23.9640708601422,2.58119886729726
"35TLL2",7.10620636508584,1.72936944496122
"35TLL3",21.1545485367583,2.59833861549059
"35TLL4",5.90636384609175,1.60384380227015
"35TLM1",24.5239115138425,2.9208082822983
"35TLM2",31.1646166623428,3.21095125520374
"35TLM3",9.68297240156157,1.99279588477113
"35TLM4",14.7581811135663,2.44068593431779
"35TLN1",7.41072150746985,1.80917726648104
"35TLN2",13.0717878495187,2.2713925528899
"35TLN3",12.8259384659922,2.38224307989649
"35TLN4",11.3627320975331,2.15429117363476
"35TMF1",18.3532610281053,2.55114790486171
"35TMF2",45.329395507942,3.10439603859272
"35TMF3",53.3795479125512,3.73371036548731
"35TMG1",41.9955138807935,3.42766400466246
"35TMG2",26.3614727223097,2.83802907317288
"35TMG3",49.5279556107757,3.51418953859214
"35TMG4",37.5542733387194,3.3088964436155
"35TMH1",29.3887100643617,3.04244132466729
"35TMH2",18.598873109901,2.30862851652072
"35TMH3",21.936093177602,2.73562679493208
"35TMH4",25.5139601733563,2.87718546824746
"35TMJ1",48.6330507989234,3.75599246808313
"35TMJ2",45.1375783498488,3.64324932965719
"35TMJ3",67.2568176730506,3.99124184534265
"35TMJ4",37.6401891487197,3.49793312665176
"35TMK1",44.0815882059605,3.46170257680261
"35TMK2",85.4146686327059,4.15386373070675
"35TMK3",220.079069207149,4.66086597688831
"35TMK4",82.7726731195794,4.32569428427222
"35TML1",15.684482592545,2.30120915017431
"35TML2",8.19510338302145,1.94504445106216
"35TML3",11.9858630479621,2.15306205455634
"35TML4",17.8162293785734,2.54528757022687
"35TMM1",10.7150768102425,2.12451405563725
"35TMM2",11.5258818663268,2.18209293407691
"35TMM3",30.485421049845,2.93427457445668
"35TMM4",13.8521925716377,2.31818317591047
"35TMN1",24.6363407420281,2.86867777496155
"35TMN2",9.4513663761984,2.09598005158376
"35TMN3",70.382541176608,3.58404875579751
"35TMN4",43.1609245929396,3.33577448837238
"35TNG1",31.1940309152447,3.15272850515059
"35TNG2",23.3651165797192,2.82790775749568
"35TNG3",22.4994794506208,2.99752743034884
"35TNG4",13.8351583460752,2.45966973289162
"35TNH1",23.730682473417,2.9745081682703
"35TNH2",25.6632381330788,2.87979563453461
"35TNH3",22.3352044919164,2.90324240916301
"35TNH4",17.5462676714242,2.7104183652426
"35TNJ1",75.1294836246784,4.0084370477943
"35TNJ2",65.9047980794328,3.82763274423515
"35TNJ3",96.0653062172164,4.23314834516892
"35TNJ4",61.2098575509379,3.88389536909461
"35TNK1",193.530450537336,5.05731132241235
"35TNK2",117.301973671738,4.52503179082913
"35TNK3",93.1023562534966,4.2315961439446
"35TNK4",67.5303709883288,4.00863024269915
"35TNL1",56.7759958253554,3.62142794832641
"35TNL2",144.458774322868,4.6566683611579
"35TNL3",42.7221957619366,3.45984679237582
"35TNL4",135.463746303883,4.40086357661837
"35TNM1",31.441856301698,3.26247976962045
"35TNM2",30.0431688659775,3.20085479585971
"35TNM3",28.2726919919056,3.09072699949952
"35TNM4",29.8204794048749,3.23029821664818
"35TNN1",75.9918240383974,3.86147600088884
"35TNN2",64.1087852112942,3.71062147266524
"35TNN4",33.239377128961,3.21273952541039
"35TPJ1",64.3693926530302,3.98127819607456
"35TPJ2",34.1758226924721,3.50369367235995
"35TPK1",22.4715558013953,2.92687444534967
"35TPK2",37.0143026373062,3.41889413447792
"35TPK3",108.246368235147,4.27642528197188
"35TPK4",59.55417642333,3.77432599031741
"35TPL2",60.7783231471343,3.83330593980135
"35TPL4",120.774841940474,4.51601541611022
"35TQK1",65.4447238460674,4.16861164616778
"35TQL2",67.8816993662256,4.00605577042477
"35ULA1",55.4762781627749,3.67777706709837
"35ULA2",70.1666165667954,4.014027629068
"35ULA3",74.5691377085038,3.86922221307777
"35ULA4",111.265911865199,4.45023611961177
"35ULB1",80.2456411975858,4.13827724191363
"35ULB2",67.137283273344,4.09348656814977
"35ULB3",129.783792041022,4.55444365391016
"35ULB4",105.712909961788,4.37340379800566
"35ULP2",8.81085580202001,1.98600941720276
"35ULP4",14.0218245367357,2.46241760546918
"35ULR1",128.164726814568,4.58887878982615
"35ULS2",102.790615705438,4.35898698015615
"35ULV1",101.083125572312,4.38035666924254
"35ULV3",161.062117259834,4.59788693672553
"35UMA1",83.0250847816996,4.11709593285969
"35UMA2",59.3481497205825,3.89330463530499
"35UMA3",83.2579872780969,4.15470040764462
"35UMB1",71.073787821395,3.9940166846886
"35UMB2",126.297843235689,4.19412409496164
"35UMB3",88.7404490655243,4.03420252337212
"35UMB4",109.761308090105,4.36797311453425
"35UMP2",40.5040040546042,3.31172412400006
"35UMP4",99.0531331424636,3.93857598975768
"35UMV1",99.8578336190117,4.34786468078517
"35UNB1",110.765815320836,4.41118025830439
"35UNP2",64.0317711731719,3.77900633891317
"35VLC1",64.9912479669385,4.08439251757844
"35VLC2",142.846934382183,4.58166376702451
"35VLC3",86.5305626572254,4.16320570067564
"35VLC4",159.172204726456,4.64701119541943
"35VLD1",26.7901809099,3.21110334441728
"35VLD2",36.664992167684,3.46149355419279
"35VLD3",48.3620501178672,3.64625915267782
"35VLD4",43.8102300638511,3.63008797933407
"35VLE3",63.2722890370928,3.84112691158861
"35VLE4",26.6699910088054,3.21771436339201
"35VLF3",61.865956600034,3.98477527275042
"35VLF4",93.9203567073049,4.30047454551062
"35VLG3",44.791447108383,3.60321087554466
"35VLG4",NA,NA
"35VLH3",70.960812876094,3.88000308428815
"35VLH4",69.4026524504157,4.00639468991476
"35VLJ3",67.5520384584489,3.9350715115619
"35VLJ4",67.0442675814492,3.89805779422639
"35VLK3",101.047235149734,4.25743855011872
"35VLK4",58.3771109628685,3.8803111581566
"35VLL3",125.097284646234,4.65198766725138
"35VLL4",150.629601444979,4.62580185293434
"35VMC1",69.0446683692491,3.87475129364228
"35VMC2",115.423828625934,4.53786159282082
"35VMC3",106.8181028665,4.38065512275627
"35VMC4",79.9903701348959,4.20709504517682
"35VMD1",66.3264642484046,3.8587867459882
"35VMD2",48.4920192439056,3.60558708153961
"35VMD3",74.1167665383542,3.94723117057325
"35VMD4",46.7066029843585,3.62305442166998
"35VME1",92.1415359858051,4.09672489589846
"35VME2",63.3415680287695,3.90867984616879
"35VME3",72.9996152430012,4.12719214576869
"35VME4",54.2462843785075,3.72544318323316
"35VMF1",143.361555663103,4.74002262010465
"35VMF2",109.365656509441,4.41766228095169
"35VMF3",78.974594516258,4.15470156848101
"35VMF4",87.5304155729313,4.2719255795099
"35VMG1",61.165296024513,3.86735399976918
"35VMG2",33.3658069991293,3.46560814927565
"35VMG3",26.1518793892101,3.20498374007483
"35VMG4",NA,NA
"35VMH1",76.929520994417,3.90712923791613
"35VMH2",78.7420946182656,4.20619878872033
"35VMH3",79.185376510927,4.08767943430423
"35VMH4",78.8170113388375,4.16088140020316
"35VMJ1",44.3409165503632,3.45732440614533
"35VMJ2",56.0112182616187,3.68826520847189
"35VMJ3",55.0915747232518,3.87713965386362
"35VMJ4",87.0213281358352,4.107355479723
"35VMK1",62.5615290614373,3.82377939343728
"35VMK2",49.2343923750321,3.66222074644332
"35VMK3",49.5493196706071,3.67005069208088
"35VMK4",72.684893935388,4.00033671464061
"35VML1",103.500212014359,4.3952434089995
"35VML2",52.5504835750614,3.77121365837454
"35VML3",73.3128220124188,4.13104295199464
"35VML4",92.6247760014151,4.13535190103167
"35VNC1",116.532765484411,4.43490607479865
"35VNC2",92.2954701265315,4.30300538568508
"35VNC3",173.842738084115,4.73735083211066
"35VNC4",85.5096008317464,4.19552215141575
"35VND1",77.7255835832604,4.10905389308384
"35VND2",117.587928137298,4.47266458392335
"35VND3",146.383670480451,4.66122098896204
"35VND4",160.454311418943,4.88318797273025
"35VNE1",91.4068183501601,4.14324889677983
"35VNE2",88.8705399991532,4.18659328944525
"35VNF1",92.8511180885148,4.26115401134592
"35VNF2",64.548533602942,3.94299373663461
"35VNF3",113.295894800951,4.34827362710298
"35VNH1",103.001606868407,4.36713871393386
"35VNH2",73.6119456990971,4.11872512708537
"35VNH3",76.3084906374014,4.07405404634026
"35VNH4",72.3579746628477,4.12715723251326
"35VNJ1",79.6151032967402,4.15129573953253
"35VNJ2",65.4367635915981,4.02507010038706
"35VNJ3",64.2390331843937,3.86602543954676
"35VNJ4",83.4207934453984,4.00868561997905
"35VNK1",69.1204773491912,3.85583286954786
"35VNK2",87.0152304945143,4.19543576895818
"35VNK3",64.2748412849657,3.73176245926214
"35VNK4",51.3219645950173,3.67022115892361
"35VNL1",58.0247887412652,3.8921631165529
"35VNL2",64.5601348136412,3.93025066789689
"35VNL3",61.1551614050726,3.86133860342546
"35VNL4",52.7705734030822,3.70399854880023
"35VPH1",72.8485946921379,4.14354135063531
"35VPJ1",63.4683319768778,3.80597219616193
"35VPJ2",72.7769191936554,4.07525272512118
"35VPK1",46.0641697786065,3.59453994746081
"35VPK2",50.8632165223304,3.68653320921555
"35VPL1",65.8535770313168,4.01571078727367
"35VPL2",45.0350576815043,3.54761537089536
"35WLM3",60.8196155353227,3.96959371534718
"35WLM4",135.896125866759,4.6496371970379
"35WLN3",29.6670916528112,3.23038837842361
"35WLP3",55.769346823079,3.67072860497776
"35WLP4",46.560871129244,3.756745922144
"35WLQ4",49.1952743365679,3.67544782060039
"35WMM1",131.201281008674,4.65449564412952
"35WMM2",152.431041760226,4.66227977348631
"35WMM3",94.3203378655745,4.32153316135051
"35WMM4",87.1603245252712,4.27593153745665
"35WMN1",68.1639071546185,4.07564155104367
"35WMN2",60.8445157219042,3.97287405169896
"35WMN3",85.1140613712879,4.32792724654257
"35WMN4",128.035470670613,4.63873745836346
"35WMP1",45.890482178107,3.62191984964641
"35WMP2",131.362967934254,4.54403593285247
"35WMP3",54.635653829096,3.74963778541313
"35WMP4",125.292647686887,4.43034256348722
"35WMQ1",69.0227629702342,4.07402432540541
"35WMQ2",47.1149757694197,3.68650261269578
"35WMQ3",73.6043537373464,4.12412410937358
"35WMQ4",50.4023513571172,3.76731567568303
"35WMR1",53.8719447093972,3.78127131076977
"35WMR2",57.5745298002193,3.84287422550182
"35WMR3",77.0648091171088,4.12842890160529
"35WMR4",65.1111196673996,3.97774778990241
"35WMS1",41.8624169148477,3.48350362498009
"35WMS2",51.1017463886952,3.68890351470952
"35WMS3",37.4616115209403,3.38456649083004
"35WMS4",37.4749848271078,3.38510513589253
"35WMT1",13.1908651311224,2.13730165364651
"35WMT2",33.7606199818792,3.22589788044729
"35WMT3",14.6221583754815,2.25059149765375
"35WMT4",32.764452862985,3.20486109876285
"35WMU1",10.779394207099,2.18422217702126
"35WMU2",11.2914365690851,2.1522865559725
"35WMU3",7.81743443959475,1.81343624638436
"35WMU4",10.3845814672068,2.05971240201723
"35WNM1",106.548566387659,4.34350304959092
"35WNM2",67.6043160740605,3.9299450995892
"35WNM3",76.0969528786885,4.00910908646657
"35WNM4",69.3512861570898,3.96018758654936
"35WNN1",58.0787481279271,3.84328132038444
"35WNN2",88.3736518817699,4.22552631068271
"35WNN3",83.083950907336,4.17255404056433
"35WNN4",50.8562039808217,3.76057067053869
"35WNP1",57.1764281416403,3.70811277896092
"35WNP2",68.7424104158794,3.95584953219078
"35WNP3",85.6192379053086,4.00298319795469
"35WNP4",63.9787043918576,3.96219067726609
"35WNQ1",62.7391457448462,3.9293349250511
"35WNQ2",60.2823247029959,3.93494154996538
"35WNQ3",64.1487183351046,3.83241634052827
"35WNQ4",64.3980787053033,3.85001156568554
"35WNR1",69.1934310433185,3.83709655670828
"35WNR2",70.0589791161402,4.01315102705144
"35WNR3",37.9673943648736,3.26251974169812
"35WNR4",76.7698754461807,3.98503234337804
"35WNS1",44.8427449551336,3.66812300153896
"35WNS2",48.1743898094335,3.57564417852217
"35WNS3",74.5310557809597,3.72685277168348
"35WNS4",67.9987058479473,3.81364008887296
"35WNT1",29.9545876891791,3.13368422969301
"35WNT2",65.5090944229544,3.6750747485873
"35WNT3",18.4465494392296,2.62332279157278
"35WNT4",41.4846006336741,3.3628223528302
"35WNU1",13.2073155345929,2.32178689929355
"35WNU2",14.3905065160153,2.36637581769177
"35WNU3",6.88203062426227,1.865814288967
"35WNU4",13.9898089830915,2.3883038243594
"35WPM1",121.879993016609,4.33436603174356
"35WPM2",70.3254630792688,4.0548387913499
"35WPN1",82.3711966665466,4.21555338159282
"35WPN2",75.1394280453974,4.14490957315631
"35WPP1",63.9730921393798,3.84410266806065
"35WPP2",93.1669359136077,4.31847365631193
"35WPQ1",50.9110135751946,3.6953437880411
"35WPQ2",51.7486656207838,3.5971924676415
"35WPR2",42.979739457024,3.49847603335271
"34TFN2",10.2213888766995,2.08287768568848
"34UEA4",33.2928222073415,3.31652771511869
"36VUP3",58.221598755997,3.78760472852698
"36VUP4",42.6072513243974,3.53723772192298
"36VUQ3",67.6206276143944,3.92176926620794
"36VUQ4",97.1267330955997,4.32363954182601
"36VUR3",51.7735572974293,3.76268881864409
"36VUR4",71.0266107225685,4.02543188536032
"30UXE3",18.1209698207251,2.65694413388065
"30STF4",13.1553310417512,1.9967823065032
"36VVQ1",72.7843845966561,4.07492599357517
"36VVQ2",95.0818264652636,4.3356558058567
"36VVR2",52.9254920651288,3.77891308965147
"36WUS3",65.7961953930039,3.9843919028237
"36WUS4",78.8739473188062,4.20058770045571
"36WUT3",60.8917418489197,3.9686821145924
"36WUU4",74.0552445717768,3.79257192370232
"36WVC1",14.9424975380119,2.5739940739501
"36WVC2",25.4091030128567,2.91290921275599
"36WVD2",17.0319898763522,2.59329813527325
