"cell50x50","deltaT"
"29SMC3",0.499786315820156
"29SMD3",0.457900857025722
"29SMD4",0.484163014234695
"29SME4",0.447916030883789
"29SNA1",0.525693893432617
"29SNA3",0.512238740921021
"29SNB1",0.500473533977162
"29SNB2",0.504726770545254
"29SNB3",0.498324574290456
"29SNB4",0.498711105730894
"29SNC1",0.477128892049302
"29SNC2",0.486496907693368
"29SNC3",0.464583263397217
"29SNC4",0.484194949157256
"29SND1",0.453639042841924
"29SND2",0.474594122403628
"29SND3",0.448214208924925
"29SND4",0.460349045790635
"29SNE2",0.438675580705915
"29SNE4",0.431466406041926
"29SPA1",0.499583435058594
"29SPB1",0.493176645880578
"29SPB2",0.500657927721067
"29SPB3",0.483408282986648
"29SPB4",0.497145881652832
"29SPC1",0.466579801506466
"29SPC2",0.477140860721983
"29SPC3",0.466599043313559
"29SPC4",0.470995667692903
"29SPD1",0.441639559609549
"29SPD2",0.461288271386639
"29SPD3",0.43383342107137
"29SPD4",0.444351305097542
"29SPE2",0.425653594771242
"29SPE4",0.421411924892002
"29SQA1",0.483845108433774
"29SQA2",0.495694478352865
"29SQB1",0.479263335159144
"29TNH4",0.482886921275746
"29SQB2",0.478993018468221
"29SQC1",0.460292769767143
"29SQC2",0.471501839989647
"29SQD1",0.418725604899445
"29SQD2",0.422061699663283
"29SQE2",0.421981524337422
"29TMH3",0.477560818195343
"29TMH4",0.482891400655111
"29TNE1",0.447462099248713
"29TNE3",0.432781528952895
"29TNF1",0.458865684933133
"29TNF2",0.451781411101853
"29TNF3",0.460277782786976
"29TNF4",0.442587871940768
"29TNG1",0.486496445036283
"29TNG2",0.47942277251697
"29TNG3",0.498682766575967
"29TNG4",0.477689425150553
"29TNH1",0.466258396973481
"29TNH2",0.485054318208872
"29TNH3",0.468318912900727
"29TNJ2",0.459821428571429
"29TNJ4",0.457341315254333
"29TPE1",0.425636519988378
"29TPE3",0.425936185860936
"29TPF1",0.469399359319117
"29TPF2",0.443413521192089
"29TPF3",0.479892490756127
"29TPF4",0.450324677801751
"29TPG1",0.525762188725355
"29TPG2",0.504261382214435
"29TPG3",0.532233794530233
"29TPG4",0.527893478487745
"29TPH1",0.464334391947812
"29TPH2",0.478476852770673
"29TPH3",0.476944417664499
"29TPH4",0.507479244137403
"29TPJ2",0.465917982161045
"29TPJ4",0.47250954858188
"29TQE1",0.434898912553957
"29TQF1",0.491773544213711
"29TQF2",0.468055580601548
"29TQG1",0.533184556217937
"29TQG2",0.529110302796235
"29TQH1",0.49063227726863
"29TQH2",0.520634920418668
"29TQJ2",0.489899719817729
"29ULT3",0.311111450195312
"29UMA2",0.305184164712595
"29UMA4",0.301890989450308
"29UMS1",0.306250095367432
"29UMT1",0.282232121058873
"29UMT2",0.288364851249839
"29UMT3",0.284322022044726
"29UMT4",0.288431375166949
"29UMU2",0.272010844686757
"29UMU3",0.283418694480521
"29UMU4",0.276265728858209
"29UMV1",0.306138877868652
"29UMV2",0.290872023277676
"29UMV3",0.309220103728466
"29UMV4",0.293129237011226
"29UNA1",0.358165919780731
"29UNA2",0.320872684694686
"29UNA3",0.37908331155777
"29UNA4",0.349268345716523
"29UNB4",0.401751492930725
"29UNT1",0.286711396470582
"29UNT2",0.310351595282555
"29UNT3",0.297243301314537
"29UNU1",0.288078756043405
"29UNU2",0.285837505802964
"29UNU3",0.291035353535354
"29UNU4",0.293552632080881
"29UNV1",0.308058380475504
"29UNV2",0.277251686712708
"29UNV3",0.295239674147739
"29UNV4",0.278303907375143
"29UPA1",0.403844591500103
"29UPA2",0.378950114297395
"29UPA3",0.437048216900194
"29UPA4",0.385405142662934
"29UPB2",0.409267987046286
"29UPB4",0.459480349937182
"29UPT1",0.306651256702564
"30STF3",0.510372874611302
"29UPU1",0.293803662368932
"29UPU2",0.298440116491073
"29UPU3",0.319216795957805
"29UPU4",0.312803871101803
"29UPV1",0.345958337783813
"29UPV2",0.3032207025064
"29UPV3",0.357663194616358
"29UPV4",0.337642904009138
"29VPC3",0.567589711539353
"30SUK2",0.489887144830492
"29VPE4",0.63014184667709
"30SUG1",0.474547054456628
"30STG3",0.462158149327987
"30STG4",0.476964545373472
"30STH3",0.46519133593585
"30STH4",0.453910440047157
"30STJ3",0.430579904924359
"30STJ4",0.450939294230731
"30STK4",0.437665776772933
"30SUF1",0.56298709225345
"30SUF2",0.559806963292564
"30SUF3",0.588611165682475
"30SUF4",0.580416488647461
"30SUG2",0.516561727729633
"30SUG3",0.513786277514976
"30SUG4",0.565659049289678
"30SUH1",0.459780897412981
"30SUH2",0.464136965863116
"30SUH3",0.483132197939116
"30SUH4",0.505143619405812
"30SUJ1",0.462097206115723
"30SUJ2",0.463017303671613
"30SUJ3",0.489759228446267
"30SUJ4",0.480296857995925
"30SUK4",0.49116285486159
"30SVF1",0.593257600610906
"30SVF3",0.570416645776658
"30SVG1",0.566870682723039
"30SVG2",0.590509348445468
"30SVG3",0.591571987449349
"30SVG4",0.578050089817421
"30SVH1",0.513464780461868
"30SVH2",0.542324517902575
"30SVH3",0.547217266900199
"30SVH4",0.579112523561948
"30SVJ1",0.485376097939231
"30SVJ2",0.5008928682897
"30SVJ3",0.503341420904382
"30SVJ4",0.518925846397103
"30SVK2",0.491653151326365
"30SVK4",0.503869069087041
"30SWF1",0.579207105544007
"30SWF3",0.553497007914952
"30SWG1",0.581655849109996
"30SWG2",0.576488064481066
"30SWG3",0.55744462580114
"30SWG4",0.569842678683621
"30SWH1",0.566770880562919
"30SWH2",0.574729442596436
"30TTN3",0.536786156100827
"30SWH3",0.572333329518636
"30SWH4",0.562108455744005
"30SWJ1",0.519967506458233
"30SWJ2",0.543628252945937
"30SWJ3",0.541720755688556
"30SWJ4",0.568398302251642
"30SWK2",0.535700754685835
"30SWK4",0.551055208429114
"30SXF1",NA
"30SXG1",0.576562469070022
"30SXG2",0.561708221435547
"30SXG3",0.594001449387649
"30SXH1",0.60891205072403
"30SXH2",0.592500015784954
"30SXH3",0.628977286351192
"30SXH4",0.615719720914766
"30SXJ1",0.597456665782185
"30SXJ2",0.607489068523731
"30SXJ3",0.62962500890096
"30SXJ4",0.629963650799438
"30SXK2",0.590305035410364
"30SXK4",0.634953763749864
"30SYG1",0.59041633605957
"30SYH1",0.642018222808838
"30SYH2",0.628020715713501
"30SYJ1",0.630623030431062
"30SYJ2",0.641844079849568
"30SYK2",0.641528646629977
"30TTK3",0.475209611407398
"30TTL3",0.518843497985449
"30TTL4",0.500959598656857
"30TTM3",0.540692645233947
"30TTM4",0.535261850099306
"30TTN4",0.546371862190921
"30TTP4",0.531661909680034
"30TUK1",0.511425591114932
"30TUK3",0.507546684958718
"30TUL1",0.546653218423167
"30TUL2",0.524729480991116
"30TUL3",0.574702405310296
"30TUL4",0.523537843123726
"30TUM1",0.576056136025323
"30TUM2",0.567811206535057
"30TUM3",0.613897288717875
"30TUM4",0.605032400651412
"30TUN1",0.58684342991222
"30TUN2",0.610675426743786
"30TUN3",0.593881061242062
"30TUN4",0.627069545897427
"30TUP2",0.55995371985057
"30TUP4",0.581041622161865
"30TUT3",0.613541126251221
"30TVK1",0.508236733493426
"30TVK3",0.538108751371309
"30TVL1",0.613358584317294
"30TVL2",0.549263019951022
"30TVL3",0.630641317986823
"30TVL4",0.599508939470564
"30TVM1",0.633844141806326
"30TVM2",0.625820761015921
"30TVM3",0.63681405346568
"30TVM4",0.639962134423194
"30TVN1",0.595804569639009
"30TVN2",0.631493525071578
"30TVN3",0.612041657765706
"30TVN4",0.633686828613281
"30TVP2",0.577166709899902
"30TVP4",0.591721534729004
"30TVT1",0.628422669001988
"30TVT3",0.657499980926514
"30TWK1",0.56839825890281
"30TWK3",0.588120833137967
"30TWL1",0.636566607983081
"30TWL2",0.620729153496879
"30TWL3",0.644823293974905
"30TWL4",0.623001708465369
"30TWM1",0.62853149379172
"30TWM2",0.632413408973
"30TWM3",0.639314491518082
"30TWM4",0.640441906090939
"30TWN1",0.611111113230387
"30TWN2",0.628207044890433
"30TWN3",0.653110550509559
"30TWN4",0.658306289028812
"30TWP2",0.601388804117839
"30TWP4",0.669940403529576
"30TWS3",0.693287044101291
"30TWS4",0.683854341506958
"30TWT1",0.674753097251609
"30TWT2",0.686848998069763
"30TWT3",0.679127597808838
"30TWT4",0.689365436828214
"30TXK1",0.597945640484492
"30TXK3",0.647336522235146
"30TXL1",0.654017869528238
"30TXL2",0.632699226000294
"30TXL3",0.675241956403179
"30TXL4",0.675703420267477
"30TXM1",0.677451668716059
"30TXM2",0.65252973506977
"30TXM3",0.70649598704444
"30TXM4",0.699164084446283
"30TXN1",0.705594872528652
"30TXN2",0.701738420701185
"30TXN3",0.713888877810854
"30TXN4",0.709252087966255
"30TXP1",0.666987169705904
"30TXP2",0.695737751252061
"30TXP3",0.679308974224588
"30TXP4",0.690204448581482
"30TXQ1",0.65845960559267
"30TXQ2",0.660264108239151
"30TXQ3",0.686177659177495
"30TXQ4",0.68931452228177
"30TXR1",0.672429064486889
"30TXR2",0.679774284362793
"30TXR3",0.685047645568848
"30TXR4",0.689015190322678
"30TXS1",0.690065009056488
"30TXS2",0.675389468112839
"30TXS3",0.686015517411832
"30TXS4",0.682468552259529
"30TXT1",0.688222072341225
"30TXT2",0.691332847644121
"30TXT3",0.687168571082028
"30TXT4",0.707947995621345
"30TYK1",0.672719450391961
"30TYL1",0.719644852173634
"30TYL2",0.691515194286
"30TYM1",0.719020571027483
"30TYM2",0.720805213258073
"30TYN1",0.724810608617076
"30TYN2",0.720847494748174
"30TYP1",0.722982263940526
"30TYP2",0.720928004293731
"30TYQ1",0.706921514400766
"30TYQ2",0.724284324937194
"30TYR1",0.697696328163147
"30TYR2",0.701041690508525
"30TYS1",0.709259254763825
"30TYS2",0.714329034509793
"30TYT1",0.705243869261308
"30TYT2",0.724430841268952
"30UUA2",0.366895384904815
"30UUA3",0.366053917828728
"30UUA4",0.388541698455811
"30UUB3",0.421875
"30UUB4",0.389861132303874
"30UUC3",0.452777832746506
"30UUC4",0.435183079443245
"30UUD1",NA
"30UUD3",0.479079961776733
"30UUD4",0.455208301544189
"30UUE1",0.390416526794434
"30UUF1",0.434972197214762
"30UUF2",0.416956553251847
"30UUF3",0.500340502995711
"30UUG1",0.501365756988525
"30UUG2",0.494002631216338
"30UUG3",0.510700079859519
"30UUG4",0.50495695245677
"30UUU3",0.537378843440566
"30UUU4",0.59508337020874
"30UVA1",0.400629489541911
"30UVB1",0.43293265807323
"30UVB2",0.406394830999527
"30UVB3",0.435434512602977
"30UVB4",0.425874486381625
"30UVC1",0.47368423841153
"30UVC2",0.462619025366647
"30UVC3",0.478483965167891
"30UVC4",0.454009017428836
"30UVD1",0.481814245382945
"30UVD2",0.485266385619173
"30UVD3",0.494970507091946
"30UVD4",0.489793775057552
"30UVE4",0.503020890553792
"30UVF1",0.525459312078521
"30UVF3",0.528569488768365
"30UVF4",0.524983306884766
"30UVG1",0.514716742661199
"30UVG2",0.523983232142252
"30UVG3",0.509997999839235
"30UVG4",0.515679833991676
"30UVU1",0.590820763327859
"30UVU2",0.61961903163365
"30UVU3",0.624090046718203
"30UVU4",0.640234383669766
"30UVV4",0.615701210208055
"30UWA1",0.522916793823242
"30UWB1",0.493795064977697
"30UWB2",0.509367771806388
"30UWB3",0.562896809249959
"30UXB3",0.723958316150012
"30UWB4",0.603983647114522
"30UWC1",0.483980674528133
"30UWC2",0.47989583545261
"30UWC3",0.562737806983616
"30UWC4",0.546234421551546
"30UWD1",0.505808102964151
"30UWD2",0.492908285121725
"30UWD3",0.550967999178954
"30UWD4",0.566864053826583
"30UWE1",0.53671249590422
"30UWE2",0.522232732387504
"30UWE3",0.553113827141382
"30UWE4",0.551020672827056
"30UWF1",0.525767511157898
"30UWF2",0.528614868988862
"30UWF3",0.517724584788084
"30UWF4",0.535579267362269
"30UWG1",0.563562486966451
"30UWG2",0.530970892837743
"30UWG4",0.533241211380089
"30UWU1",0.664583297336803
"30UWU2",0.664713539860465
"30UWU3",0.694650907774229
"30UWU4",0.688411457972093
"30UWV2",0.656944592793783
"30UWV3",0.677488419744704
"30UXB1",0.645695953578739
"30UXB2",0.650480790571733
"30UXB4",0.704210502222965
"30UXC1",0.616129722791849
"30UXC2",0.606331014633179
"30UXC3",0.711463292439779
"30UXC4",0.724706433036111
"30UXD1",0.594490995112154
"30UXD2",0.599423056382399
"30UXD3",0.685329819718997
"30UXD4",0.686180895896413
"30UXE1",0.585052070617676
"30UXE2",0.58300676603575
"30UXE4",0.657036596414994
"30UXF2",0.571403630458525
"30UXU1",0.696921825408936
"30UXU2",0.708921858146366
"30UXU3",0.694036906350872
"30UXU4",0.70403858802838
"30UXV1",0.680756537537826
"30UXV2",0.688460561329733
"30UXV3",0.702335916384302
"30UXV4",0.69710365931193
"30UYU1",0.680127162437934
"30UYU2",0.696117394930357
"30VUH1",0.535784262068131
"30VUH2",0.516487064032719
"30VUH3",0.533187957142675
"30VUH4",0.520394747337086
"30VUJ1",0.623573474696117
"30VUJ2",0.592592602102166
"30VUJ3",0.63647344838018
"30VUJ4",0.592908845820897
"30VUK3",0.647916692675966
"30VUK4",0.643861814824546
"30VUL4",NA
"30VVH1",0.590634818346995
"30VVH2",0.562520310936905
"30VVH3",0.617300332416587
"30VVH4",0.582996139636619
"30VVJ1",0.641011928376697
"30VVJ2",0.619560184302153
"30VVJ3",0.642261882217563
"30VVJ4",0.629668577150865
"30VVK1",0.650310943375773
"30VVK2",0.646593754291534
"30VVK3",0.650814146831118
"30VVK4",0.643898742539542
"30VVL4",0.665436710219785
"30VWH1",0.624487471958948
"30VWH2",0.599471790689818
"30VWJ1",0.649239621162415
"30VWJ2",0.632808096268598
"30VWJ3",0.644315825568305
"31SBC3",0.632386034185236
"31SBD4",0.625
"31SBE4",0.652083079020182
"31TCG4",0.766666635290369
"31TBE3",0.681002818931968
"31TBF3",0.730555564929277
"31TBF4",0.71246215357925
"31TBG3",0.74123376375669
"31TBG4",0.729631140425399
"31TBH3",0.758508127052467
"31TBH4",0.762740929110521
"31TBJ3",0.723162733663724
"31TBJ4",0.746685642184633
"31TBK3",0.703787843057932
"31TBK4",0.725779307707575
"31TBL3",0.70968856626344
"31TBL4",0.7081250111262
"31TCF1",0.755376335882372
"31TCF2",0.73492317450674
"31TCF3",0.763099742658211
"31TCG1",0.765436910920673
"31TCG2",0.758603431560375
"31TCG3",0.772662600366081
"31TCH1",0.782424238956336
"31TCH2",0.776733944690005
"31TCH3",0.794509995658443
"31TCH4",0.779552976816695
"31TCJ1",0.743258274860264
"31TCJ2",0.75714285477348
"31TCJ3",0.771313118212151
"31TCJ4",0.783950693813371
"31TCK1",0.70930639141334
"31TCK2",0.738034168879191
"31TCK3",0.730946746053575
"31TCK4",0.754797999064128
"31TCL1",0.733142820085798
"31TCL2",0.716503562697445
"31TCL3",0.753112431032112
"31TCL4",0.72552086085808
"31TCM1",0.750024869770347
"31TCM2",0.754009396774964
"31TCM3",0.769255770424198
"31TCM4",0.763979684222828
"31TCN1",0.712689345533198
"31TCN2",0.735838140366394
"31TCN3",0.783013706857508
"31TCN4",0.778178416765653
"31TDF1",0.791390579867076
"31TDF3",0.797916412353516
"31TDG1",0.786290309506078
"31TEJ1",0.785820721134995
"31TDG2",0.789166681694262
"31TDG3",0.797167167430971
"31TDG4",0.794631378467266
"31TDH1",0.802830433023387
"31TDH2",0.795941573458833
"31TDH3",0.800027777353922
"31TDH4",0.794494997371327
"31TDJ1",0.78840907125762
"31TDJ2",0.791388858448375
"31TDJ3",0.797777777007132
"31TDJ4",0.802891413370768
"31TDK1",0.769473566980419
"31TDK2",0.784191952329693
"31TDK3",0.795290406545003
"31TDK4",0.792537877053926
"31TDL1",0.773082380945032
"31TDL2",0.762395834922791
"31TDL3",0.803232308590051
"31TDL4",0.795513833363851
"31TDM1",0.806399705167302
"31TDM2",0.786136378663959
"31TDM3",0.838494311679493
"31TDM4",0.820975352417339
"31TDN1",0.847161442041397
"31TDN2",0.833794967694716
"31TDN3",0.856953066587448
"31TDN4",0.858771313320507
"31TEG1",0.79572917620341
"31TEG2",0.802000007629394
"31TEH1",0.799317507908262
"31TEH2",0.794940494355701
"31TEJ2",0.800201994000059
"31TEJ3",0.798106043266528
"31TEJ4",0.813690466039321
"31TEK1",0.807487331737171
"31TEK2",0.7856439185865
"31TEK3",0.798764968346693
"31TEK4",0.789444449453643
"31TEL1",0.822640666042466
"31TEL2",0.818972234725952
"31TEL3",0.822285714830671
"31TEL4",0.812526088953018
"31TEM1",0.866465433077379
"31TEM2",0.834079016338695
"31TEM3",0.888685169334183
"31TEM4",0.850972256515965
"31TEN1",0.887617242336273
"31TEN2",0.885262781923467
"31TEN3",0.918098896741867
"31TEN4",0.902000470594926
"31TFH1",NA
"31TFJ1",0.799734861200506
"31TFJ2",0.80227015265103
"31TFJ3",0.832052310801441
"31TFJ4",0.828045857103565
"31TFK1",0.824894564061225
"31TFK2",0.807386352076675
"31TFK3",0.864620754104888
"31TFK4",0.852497290342282
"31TFL1",0.838002026799213
"31TFL2",0.830614808129101
"31TFL3",0.872607176644462
"31TFL4",0.852622988712357
"31TFM1",0.907875733568489
"31TFM2",0.863020821051164
"31TFM3",0.930027476327862
"31TFM4",0.87823631178658
"31TFN1",0.949810597029599
"31TFN2",0.934081205954919
"31TFN3",0.95713775808161
"31TFN4",0.949795298493667
"31TGH1",0.822573253086635
"31TGJ1",0.839074810658853
"31TGJ2",0.835574504100915
"31TGK1",0.840909047560258
"31TGK2",0.836370857617327
"31TGL1",0.885156172972459
"31TGL2",0.849739520748456
"31TGM1",0.934606482284238
"31TGM2",0.907384585886494
"31TGN1",0.942779318852858
"31TGN2",0.935567007851355
"31UCP1",0.694797921323491
"31UCP2",0.699255080196445
"31UCP3",0.759455125410478
"31UCP4",0.765136557110285
"31UCQ1",0.738939514487598
"31UCQ2",0.702701556973341
"31UCQ3",0.789341083792753
"31UCQ4",0.759617234385291
"31UCR2",0.767809088512133
"31UCR4",0.812146258804033
"31UCS1",0.786345743918204
"31UCS2",0.770279498039922
"31UCS3",0.822613960657364
"31UCS4",0.823214326586042
"31UCT1",0.758744154737589
"31UCT2",0.787930007374615
"31UCT3",0.797098184118465
"31UCT4",0.816898112826877
"31UCU1",0.727514382066398
"31UCU2",0.728172124929764
"31UCU3",0.782742139455434
"31UCU4",0.799305563706618
"31UCV2",0.726234559659605
"31UDP1",0.814272511729878
"31UDP2",0.82479878989133
"31UDP3",0.887192260135304
"31UDP4",0.872099914334037
"31UDQ1",0.825478986762036
"31UDQ2",0.822214779369334
"31UDQ3",0.883828833296492
"31UDQ4",0.900509016080336
"31UDR1",0.830132126226658
"31UDR2",0.83468877263816
"31UDR3",0.844741556096204
"31UDR4",0.859840707217946
"31UDS2",0.812623874561207
"31UDS3",0.836923085726224
"31UDS4",0.831717929738091
"31UDU1",0.824999570846558
"31UDU2",0.827715788568769
"31UEP1",0.936931826851585
"31UEP2",0.909836606545882
"31UEP3",0.939983944316487
"31UEP4",0.93347538059408
"31UEQ1",0.918896391585067
"31UEQ2",0.939228204163638
"31UEQ3",0.93280650281358
"31UEQ4",0.941020475989357
"31UER1",0.884937602568438
"31UER2",0.895012227226706
"31UER3",0.914995616770046
"31UER4",0.922088370265731
"31UES1",0.901687694501273
"31UES2",0.872381929407783
"31UES3",0.915680418623255
"31UES4",0.904489741605871
"31UET2",0.911775340204654
"31UET3",0.952243599524865
"31UET4",0.931783256076631
"31UFP1",0.948215916670488
"31UFP2",0.947928439425883
"31UFP3",0.961738980458882
"31UFP4",0.955737865170953
"31UFQ1",0.954045539678529
"31UFQ2",0.950109010518983
"31UFQ3",0.96865643481819
"31UFQ4",0.969359781683945
"31UFR1",0.933993699120694
"31UFR2",0.942882888381546
"31UFR3",0.943447119338922
"31UFR4",0.961862934522392
"31UFS1",0.920421296423608
"31UFS2",0.92345144404447
"31UFS3",0.928284524797319
"31UFS4",0.925433616292962
"31UFT1",0.959428634840189
"31UFT2",0.947141186396281
"31UFT3",0.941588410749122
"31UFT4",0.946126864173196
"31UFU1",0.908443032649525
"31UFU2",0.941335230162649
"31UFU3",0.92868699525532
"31UFU4",0.930347188313802
"31UFV4",0.934861017862956
"31UGP1",0.970062237281304
"31UGP2",0.951217508935309
"31VFE3",0.83916665485927
"31VFF1",0.812527342846519
"31VFF2",0.800781309604645
"31VFF3",0.806595537139148
"31VFF4",0.81289545474229
"31VFG1",0.827315585687757
"31VFG2",0.812486604478965
"31VFH1",0.853305921429082
"32TKR3",0.890493513310997
"31VFH2",0.846110355821012
"31VFJ1",0.874482653435045
"31VFJ2",0.865222947987897
"31VFK2",0.883574573617232
"32TKN3",0.838290203576801
"32TKP3",0.836466511403482
"32TKP4",0.845517736492735
"32TKQ3",0.805492424906408
"32TKQ4",0.813040710587538
"32TKR4",0.843975641081731
"32TLN1",0.844270825386047
"32TLP1",0.838198738808958
"32TLP2",0.842171661781542
"32TLP3",0.871098495974685
"32TLP4",0.867802966724743
"32TLQ1",0.814333821975899
"32TLQ2",0.824866447287301
"32TLQ3",0.825923006745833
"32TLQ4",0.840744998238303
"32TLR1",0.884428572995322
"32TLR2",0.843988455192422
"32TLR3",0.837901584416942
"32TLR4",0.843800766370827
"32TLS1",0.913797407093162
"32TLS2",0.890513600137249
"32TLS3",0.87648125604398
"32TLS4",0.843643440722107
"32TLT1",0.928847098892385
"32TLT2",0.915667095625332
"32TLT3",0.903610278259624
"32TLT4",0.903926238035544
"32TMP1",0.90172177700957
"32TMP3",0.93177056312561
"32TMQ1",0.846631729674197
"32TMQ2",0.881729836897417
"32TMQ3",0.813901542894768
"32TMQ4",0.866137820023757
"32TMR1",0.831238192400302
"32TMR2",0.838138051331043
"32TMR3",0.83160353862878
"32TMR4",0.801444454193115
"32TMS1",0.857734518002964
"32TMS2",0.84276514687773
"32TMS3",0.877118851031727
"32TMS4",0.867222996222236
"32TMT1",0.886718794703484
"32TMT2",0.859978689388795
"32TMT3",0.874817696213722
"32TMT4",0.864346632903272
"32TNP1",0.904427170753479
"32TNP3",0.912811246411554
"32TNQ1",0.820505078633626
"32TNQ2",0.869688204582164
"32TNQ3",0.85752246194257
"32TNQ4",0.896186831503203
"32TNR1",0.819615927087255
"32TNR2",0.797152754465739
"32TNR3",0.789535728863307
"32TNR4",0.806341189146042
"32TNS1",0.846732966083271
"32TNS2",0.845348004696213
"32TNS3",0.77578592519722
"32TNS4",0.790782812138963
"32TNT1",0.858124938607216
"32TNT2",0.856096103448759
"32TNT3",0.799309879541397
"32TNT4",0.806084291067567
"32TPM3",0.875694380866157
"32TPN1",0.961830434345064
"32TPN2",0.946913648534704
"32TPN3",0.975984879696008
"32TPN4",0.94807557736413
"32TPP1",0.935290408856941
"32TPP2",0.947480285489881
"32TPP3",0.969254665493225
"32TPP4",0.972580210762735
"32TPQ1",0.900751554513279
"32TPQ2",0.921388851512562
"32TPQ3",0.935803413391113
"32TPQ4",0.950053404539059
"32TPR1",0.862688276495964
"32TPR2",0.874682409007375
"32TPR3",0.917202365057809
"32TPR4",0.907655601041863
"32TPS1",0.817112227912583
"32TPS2",0.872597072561885
"32TPS3",0.845745978436383
"32TPS4",0.9202174750514
"32TPT1",0.760878338055177
"32TPT2",0.795005343669357
"32TPT3",0.78648200427944
"32TPT4",0.797687887908579
"32TQM1",0.902961903307811
"32TQN1",1.00119467381831
"32TQN2",0.967049326215472
"32TQP1",0.99619417866384
"32TQP2",0.994318174593376
"32TQQ1",0.9644111128878
"32TQQ2",0.993877236169713
"32TQR1",0.946454304915208
"32TQR2",0.958402808507284
"32TQS1",0.875063146640914
"32TQS2",0.915688604028992
"32TQT1",0.824786931276321
"32TQT2",0.838498703655355
"32ULA1",0.942501826433358
"32ULA2",0.957696276262772
"32ULA3",0.919455853967719
"32ULA4",0.923963972040125
"32ULB1",0.90697262308619
"32ULB2",0.914074287155635
"32ULB3",0.905430324742051
"32ULB4",0.917624759164086
"32ULC1",0.910406882774102
"32ULC2",0.903181804310192
"32ULC3",0.894243997396882
"32ULC4",0.895185232162476
"32ULD1",0.926757817467054
"32ULD2",0.923649481193504
"32ULD3",0.931872879106974
"32ULD4",0.891089703486516
"32ULE2",0.932462172074751
"32ULE4",0.941291911996526
"32ULU1",0.961040388324303
"32ULU2",0.943249542619929
"32ULU3",0.916243107764276
"32ULU4",0.918020256495072
"32ULV1",0.939685350534867
"32ULV2",0.954259845299449
"32ULV3",0.92508484319199
"32ULV4",0.920784806096277
"32UMA1",0.926960776833927
"32UMA2",0.91642819829734
"32UMA3",0.928999523428035
"32UMA4",0.957022049847771
"32UMB1",0.916112605561601
"32UMB2",0.921033851603136
"32UMB3",0.914137659225872
"32UMB4",0.913725442427365
"32UMC1",0.897067520929419
"32UMC2",0.911174243784206
"32UMC3",0.892678880422129
"32UMC4",0.914984435321175
"32UMD1",0.91578286103528
"32UMD2",0.896721518667121
"32UMD3",0.914330805190886
"32UMD4",0.899105597024012
"32UME1",0.953020858764648
"32UME2",0.939913483916736
"32UME3",0.972012005354229
"32UME4",0.942235858062577
"32UMF3",0.969504798668018
"32UMF4",0.965135528380612
"32UMG1",0.981340532717497
"32UMG3",0.981525715659646
"32UMG4",1.00033267339071
"32UMU1",0.909380715196304
"32UMU2",0.898697904565118
"32UMU3",0.901349409060045
"32UMU4",0.890909078446302
"32UMV1",0.927430542036035
"32UMV2",0.928732168228231
"32UMV3",0.953963960183633
"32UMV4",0.928681335665963
"32UNA1",0.929467435826592
"32UNA2",0.952242632473216
"32UNA3",0.9152852787691
"32UNA4",0.938830358436309
"32UNB1",0.902584718510429
"32UNB2",0.89635688608343
"32UNB3",0.90480596804745
"32UNB4",0.899721497520406
"32UNC1",0.906897410161078
"32UNC2",0.900991475518375
"32UNC3",0.895414401655612
"32UNC4",0.884681347219702
"32UND1",0.935090512940378
"32UND2",0.913783651409727
"32UND3",0.946106934788251
"32UND4",0.913958343706633
"32UNE1",0.991486897928461
"32UNE2",0.978577430802162
"32UNE3",0.991610619329637
"32UNE4",0.972138111037437
"32UNF1",0.974411884563391
"32UNF2",0.979617118835449
"32UNF3",0.971263647079468
"32UNF4",0.972509818669607
"32UNG1",0.989122585608409
"32UNG2",0.976895952981616
"32UNG3",0.998275834938576
"32UNU1",0.848733395338058
"32UNU2",0.842140165242282
"32UNU3",0.782692306644314
"32UNU4",0.753515666181391
"32UNV1",0.951790549304034
"32UNV2",0.908132087100636
"32UNV3",0.926436791474792
"32UNV4",0.8681038535215
"32UPA1",0.943009991463416
"32UPA2",0.930168961189889
"32UPA3",0.961710751319247
"32UPA4",0.943595019253818
"32UPB1",0.921256882803781
"32UPB2",0.927618093031613
"32UPB3",0.944716612497965
"32UPB4",0.964130789985484
"32UPC1",0.914604821155981
"32UPC2",0.912581017282274
"32UPC3",0.936482778737243
"32UPC4",0.939801116423173
"32UPD1",0.941827739636923
"32UPD2",0.925608967512082
"32UPD3",0.976942290862401
"32UPD4",0.947602578743019
"32UPE1",0.958116558934912
"32UPE2",0.9512275386501
"32UPE3",0.963023938630757
"32UPE4",0.963120788034767
"32UPF2",0.962126569927863
"32UPF4",0.94393929568204
"32UPU1",0.790814968762477
"32UPU2",0.761958537128686
"32UPU3",0.799663189642444
"32UPU4",0.784299341659972
"32UPV1",0.902955471083175
"32UPV2",0.859060046284698
"32UPV3",0.895535741533552
"32UPV4",0.851075567850253
"32UQU1",0.826298701298701
"32UQU2",0.823403668093991
"32VLK3",0.858629626168145
"32VLK4",0.874646906125343
"32VLL3",0.815658296666801
"32VLL4",0.824945169582702
"32VLM3",0.827249658765553
"32VLM4",0.811898151434337
"32VLN3",0.858306394352032
"32VLN4",0.852593360176982
"32VLP3",0.894173303270245
"32VLP4",0.875105038309712
"32VLQ3",0.9106249888738
"32VLQ4",0.901192881407276
"32VMH1",0.944230739886944
"32VMH2",0.946306835521351
"32VMH3",0.948220288933222
"32VMH4",0.943469934566047
"32VMK1",0.870663627779861
"32VMK2",0.891145775192662
"32VMK3",0.868802418498873
"32VMK4",0.90479154586792
"32VML1",0.820481613092931
"32VML2",0.822274234851551
"32VML3",0.820878430878445
"32VML4",0.832774153003445
"32VMM1",0.830340906485534
"32VMM2",0.818812856934403
"32VMM3",0.831969692539
"32VMM4",0.817974381305044
"32VMN1",0.874025536137783
"32VMN2",0.853090563044337
"32VMN3",0.871883608602865
"32VMN4",0.855277207283657
"32VMP1",0.903340513761765
"32VMP2",0.891469472105166
"32VMP3",0.90540994786387
"32VMP4",0.890083331003785
"32VMQ1",0.92808812170957
"32VMQ2",0.915283215625095
"32VMQ3",0.918959129565759
"32VMQ4",0.911081556082168
"32VMR4",0.919769299388443
"32VNH1",0.972376135160338
"32VNH2",0.975087722979094
"32VNH3",0.981362242898541
"32VNH4",0.976405307386048
"32VNJ2",0.915326520016319
"32VNJ4",0.919926915849958
"32VNK1",0.853750038146973
"32VNL1",0.826010132248784
"32VNL2",0.830642949666409
"32VNL3",0.800299145625188
"32VNL4",0.804910744939532
"32VNM1",0.825227272300981
"32VNM2",0.815382564633057
"32VNM3",0.810350657588217
"32VNM4",0.794918497748997
"32VNN1",0.866795794618862
"32VNN2",0.851213841629792
"32VNN3",0.862373991659091
"32VNN4",0.839548909959714
"32VNP1",0.886945563026764
"32VNP2",0.876917335349488
"32VNP3",0.891487073611894
"32VNP4",0.876799239772218
"32VNQ1",0.907482505585813
"32VNQ2",0.894592197238408
"32VNQ3",0.91284994317175
"32VNQ4",0.900973295697648
"32VNR1",0.924060813716201
"32VNR2",0.921834594519563
"32VNR3",0.947882384429743
"32VNR4",0.925409379484352
"32VPH1",0.955208301544189
"32VPH2",0.968243276750719
"32VPK3",0.956626998053657
"32VPK4",0.979174728541411
"32VPL1",0.823360323905945
"32VPL2",0.896563855084506
"32VPL3",0.93481078196545
"32VPL4",0.976524923265595
"32VPM1",0.815720285903016
"32VPM2",0.845334141399152
"32VPN1",0.860739942100541
"32VPN2",0.835976778092932
"32VPP1",0.896631823348057
"32VPP2",0.883749997913184
"32VPQ1",0.93726414887955
"32VPQ2",0.915684524195136
"32VPR1",0.955087802134269
"32VPR2",0.945833322106011
"32WNS2",0.942361036936442
"32WNS3",0.946553477534541
"32WNS4",0.94352577620023
"32WPS1",0.936618936219404
"32WPS2",0.94175906911973
"32WPT2",0.911309543110076
"33SWC3",0.669466063380241
"33SWC4",0.701202563154019
"33SWD3",0.645539861329844
"33SWD4",0.625496092296782
"33SWE2",0.663333435058594
"33SWE4",0.667820475651668
"33SXC1",0.639304390975407
"33SXC2",0.667023822239467
"33SXD1",0.607801329159568
"33SXD2",0.610761519299438
"33SXD3",0.619482941097683
"33SXD4",0.631989171428065
"33SXE2",0.648446337651398
"33SYE2",0.772500228881836
"33TTF3",0.836111068725586
"33TTG3",0.881831701699789
"33TTG4",0.838825708859927
"33TTH3",1.01729310309137
"33TTH4",0.970748349922855
"33TTJ3",1.02023802863227
"33TTJ4",1.02028096083439
"33TTK3",0.987406120643959
"33TTK4",1.02418587125581
"33TTL3",0.947572768313213
"33TTL4",0.96376263974893
"33TUF1",0.836120334831444
"33TUF3",0.837399803675138
"33TUG1",0.903414328893026
"33TUG2",0.855799916349811
"33TUG3",0.93545478437005
"33TUG4",0.860146098322683
"33TUH1",1.00414139140736
"33TUH2",0.986037734132376
"33TUH3",1.02935010082317
"33TUH4",1.01876374901525
"33TUJ1",1.01063761566624
"33TUJ2",1.01265532333658
"33TUJ4",1.02658255283649
"33TUK3",1.05240381681002
"33TUL1",0.992877904758897
"33TUL2",0.980163159577743
"33TUL3",1.04466147720814
"33TUL4",1.05854177474976
"33TUM1",0.905750996574012
"33TUM2",0.96353512889934
"33TUM3",0.968497129469421
"33TUM4",1.01640621911396
"33TUN1",0.85651042481715
"33TUN2",0.868256266363439
"33TUN3",0.916702209606724
"33TUN4",0.932665586304397
"33TVE1",0.717992349104448
"33TVE3",0.713789553869338
"33TVF1",0.792088414993754
"33TVF2",0.74545939763387
"33TVF3",0.802705622338629
"33TVF4",0.753117561340332
"33TVG1",0.96226847249698
"33TVG2",0.854217188286059
"33TVG3",0.946766241272884
"33TVG4",0.858901500701904
"33TVH1",1.04907417297363
"33TVH2",1.02543400393592
"33TVK1",1.05945510130662
"33TVK3",1.09031666183472
"33TVK4",1.10430374898409
"33TVL1",1.05297618865967
"33TVL2",1.05818354226405
"33TVL3",1.05824496240327
"33TVL4",1.06431546211243
"33TVM1",0.987450109984346
"33TVM2",1.03401515267112
"33TVM3",1.02204074168747
"33TVM4",1.05207148194313
"33TVN1",0.943124984949827
"33TVN2",0.952935609281254
"33TVN3",0.970885411649942
"33TVN4",0.974810605360703
"33TWE1",0.680438326550769
"33TWE3",0.696302470781945
"33TWF1",0.851650392854368
"33TWF2",0.769508916991098
"33TWF3",0.878854842413039
"33TWF4",0.785629227047875
"33TWG1",0.916667938232422
"33TWG2",0.866650911202108
"33TWG4",0.907452552299189
"33TWJ1",1.1038144195781
"33TWJ3",1.12949501673381
"33TWJ4",1.13174287734493
"33TWK1",1.10988636016846
"33TWK2",1.1151139040171
"33TWK3",1.12680893172761
"33TWK4",1.142260129524
"33TWL1",1.07354417479182
"33TWL2",1.08033334732056
"33TWL3",1.07988097054618
"33TWL4",1.0800260424614
"33TWM1",1.06621689417145
"33TWM2",1.08629261363636
"33TWM3",1.10603785943128
"33TWM4",1.10579543836189
"33TWN1",0.991171860694885
"33TWN2",1.05029598420317
"33TWN3",1.03798177540302
"33TWN4",1.08721590042114
"33TXE1",0.729730904102325
"33TXE3",0.750184626518925
"33TXF1",0.903897808444115
"33TXF2",0.842171343216985
"33TXF3",0.883072853088379
"33TXF4",0.856910248877297
"33TXH3",1.12603283729874
"33TXJ1",1.14516414584536
"33TXJ2",1.15071791249353
"33TXJ3",1.15860506614543
"33TXJ4",1.1482291251421
"33TXK1",1.1186313448073
"33TXK2",1.1420202515342
"33TXK3",1.15248251246835
"33TXK4",1.16402243039547
"33TXL1",1.08554221923093
"33TXL2",1.09673520995349
"33TXL3",1.12586903163365
"33TXL4",1.1383032568966
"33TXM1",1.08878852315032
"33TXM2",1.11397965929725
"33TXM3",1.11529446790318
"33TXM4",1.13829925825011
"33TXN1",1.10646304217252
"33TXN2",1.09718214242886
"33TXN3",1.11654833771966
"33TXN4",1.11915945593332
"33TYE1",0.771204652712327
"33TYF2",0.799317507908262
"33UUT2",0.970151511105624
"33TYH1",1.11972620103743
"33TYH2",1.08541663487752
"33TYJ1",1.16379591423695
"33TYJ2",1.1456281578902
"33TYK1",1.15945246199931
"33TYK2",1.16770035801953
"33TYL1",1.15380606284508
"33TYL2",1.16618049144745
"33TYM1",1.15476644400394
"33TYM2",1.15429381697391
"33TYN1",1.09376183964989
"33TYN2",1.13350515267284
"33UUA2",0.958516540108146
"33UUA4",0.960990557413615
"33UUB3",0.912648790223258
"33UUB4",0.926018492380778
"33UUP1",0.852769463362094
"33UUP2",0.846194147397686
"33UUP3",0.922928118443751
"33UUP4",0.925200071711998
"33UUQ1",0.935289153274225
"33UUQ2",0.888236776600039
"33UUQ3",0.95253153457198
"33UUQ4",0.930910861769388
"33UUR1",0.992850612438723
"33UUR2",0.961535792705441
"33UUR3",1.02037795905858
"33UUR4",0.972826591697899
"33UUS1",0.975384759473371
"33UUS2",0.994004491227784
"33UUS3",1.00162795332612
"33UUS4",1.01055035871618
"33UUT1",0.958245317700883
"33UUT3",0.979016348258736
"33UUT4",0.988703701231215
"33UUU1",0.971994360287984
"33UUU2",0.971513834430944
"33UUU3",0.975644303351333
"33UUU4",0.987692270523463
"33UUV1",0.969429602597487
"33UUV2",0.964530766612352
"33UUV3",0.96171875
"33UUV4",0.972342305570035
"33UVA2",0.980432921764897
"33UVB1",0.904406328116898
"33UVB2",0.918749990463257
"33UVP1",0.969314008786533
"33UVP2",0.965885411609303
"33UVP3",0.944306376305493
"33UVP4",0.958889652382244
"33UVQ1",0.989056535150813
"33UVQ2",0.96241089366974
"33UVQ3",1.02700450227067
"33UVQ4",0.967376879670403
"33UVR1",1.06065065720502
"33UVR2",1.03079819966512
"33UVR3",1.07774062845159
"33UVR4",1.08245100975037
"33UVS1",1.02887852648471
"33UVS2",1.03928254887382
"33UVS3",1.06530748204114
"33UVS4",1.06310161039791
"33UVT1",0.997995941535286
"33UVT2",1.00814394007392
"33UVT3",1.04586862574863
"33UVT4",1.05020053883925
"33UVU1",0.994276066019077
"33UVU2",0.999353067498458
"33UVU3",1.03249158281269
"33UVU4",1.03504839810458
"33UVV1",0.988100956647824
"33UVV2",1.0025252332591
"33UVV3",1.01257240461267
"33UVV4",1.02858501763513
"33UWA2",1.01484370231628
"33UWA4",1.00889971186814
"33UWP1",0.935890154405074
"33UWP2",0.956439427354119
"33UWP3",0.970260981675033
"33UWP4",0.987547365101901
"33UWQ1",1.05019144883027
"33UWQ2",0.969389216466384
"33UWQ3",1.09541426855942
"33UWQ4",1.02342913877518
"33UWR1",1.10894605055212
"33UWR2",1.09729159579558
"33UWR3",1.10706327560751
"33UWR4",1.106061757329
"33UWS1",1.0910762312578
"33UWS2",1.11370319478652
"33UWS3",1.11072534985012
"33UWS4",1.12195856430951
"33UWT1",1.07130413809739
"33UWT2",1.08468135282955
"33UWT3",1.07657383317533
"33UWT4",1.08863638301584
"33UWU1",1.06082702405525
"33UWU2",1.0615846219689
"33UWU3",1.05811234194823
"33UWU4",1.07711623342414
"33UWV1",1.03140188753605
"33UWV2",1.0277567295113
"33UWV3",1.03698473591958
"33UWV4",1.05266206192248
"33UXA1",0.97395832836628
"33UXA2",0.986386138613861
"33UXA3",0.967361082975892
"33UXA4",0.993093954265447
"33UXP1",1.02501153682477
"33UXP2",1.04452681676143
"33UXP3",1.03018959981953
"33UXP4",1.08950186042146
"33UXQ1",1.02532704486403
"33UXQ2",1.01676355960757
"33UXQ3",1.02108840747755
"33UXQ4",1.01059451723486
"33UXR1",1.05925544493837
"33UXR2",1.02253380079527
"33UXR3",1.02788181346944
"33UXR4",1.01348140909652
"33UXS1",1.08845006502592
"33UXS2",1.07388595081268
"33UXS3",1.03803490733241
"33UXS4",1.04896301381728
"33UXT1",1.07067222693532
"33UXT2",1.07357637087504
"33UXT3",1.03133800220042
"33UXT4",1.01366474411704
"33UXU1",1.04959188539957
"33UXU2",1.06596150031457
"33UXU3",1.03260631859303
"33UXU4",1.04467128389445
"33UXV1",1.01299999475479
"33UXV2",1.04162159739314
"33UXV3",1.02133467363164
"33UXV4",1.04815865526296
"33UYP1",1.04782202336695
"33UYP2",1.07570347847877
"33VUC2",0.947111136118571
"33VUC3",0.95777055860936
"33VUC4",0.936613254058055
"33VUD1",0.999511923108782
"33VUD2",0.991217943338247
"33VUD3",1.00237519499184
"33VUD4",0.993016431029414
"33VUE3",0.998724300955886
"33VUE4",1.00111235752365
"33VUF3",1.0196727530597
"33VUF4",1.0310946744785
"33VUG3",0.886988975716837
"33VUG4",0.947051385721079
"33VUH3",0.906515808660409
"33VUH4",0.868244529552147
"33VUJ3",0.916267420441068
"33VUJ4",0.918135963877042
"33VUK3",0.949567608704861
"33VUK4",0.931561386020476
"33VUL3",0.955093502523524
"33VUL4",0.960175960844167
"33VVC1",0.947356527706362
"33VVC2",0.943638215413908
"33VVC3",0.941647470272082
"33VVC4",0.947306920842427
"33VVD1",0.97869319265539
"33VVD2",0.961159335242377
"33VVD3",0.947007578069514
"33VVD4",0.93538827679374
"33VVE1",1.01733598665954
"33VVE2",0.989513534107847
"33VVE3",1.00841384694196
"33VVE4",0.989763251217929
"33VVF1",1.01535893312264
"33VVF2",1.04282306469485
"33VVF3",1.00105520141073
"33VVF4",0.993272003157314
"33VVG1",0.912784084406766
"33VVG2",0.982965160032799
"33VVG3",0.940530306642706
"33VVG4",0.983342357528158
"33VVH1",0.928091404779303
"33VVH2",0.89602273062241
"33VVH3",1.00216942631509
"33VVH4",0.956172505686106
"33VVJ1",0.965122125720694
"33VVJ2",0.959542177709532
"33VVJ3",1.035744288756
"33VVJ4",1.01948332715034
"33VVK1",0.965527342882524
"33VVK2",0.966020672489138
"33VVK3",1.0090728361188
"33VVK4",1.03587765642937
"33VVL1",0.95849868222805
"33VVL2",0.963083963438156
"33VVL3",0.969619357496276
"33VVL4",0.990269907496192
"33VWC1",0.953302592176446
"33VWC2",0.966053942308069
"33VWC3",0.972125406448658
"33VWD1",0.964535981958563
"33VWD2",0.936827635765076
"33VWD3",1.01173546992311
"33VWD4",0.98203124354283
"33VWE1",0.997675133212177
"33VWE2",1.00782195871527
"33VWE3",1.04612091173628
"33VWE4",1.03377552032471
"33VWF1",1.00057720209097
"33VWF2",0.979608595629275
"33VWF3",0.993091630729246
"33VWF4",1.02845392310828
"33VWG1",0.959289780530063
"33VWG2",1.01001258040297
"33VWG3",0.952262459836934
"33VWG4",0.997204194337259
"33VWH1",1.03080234645812
"33VWH2",0.984719355244282
"33VWH3",1.03986898064613
"33VWH4",1.0042527638191
"33VWJ1",1.03024194798162
"33VWJ2",1.04758465907488
"33VWJ3",1.0219019497263
"33VWJ4",1.03540804957555
"33VWK1",0.99395674103089
"33VWK2",1.01625886166349
"33VWK3",1.00679524801672
"33VWK4",1.0205035361544
"33VWL1",0.977373125857877
"33VWL2",0.97148831549919
"33VWL3",0.956109446192545
"33VWL4",0.970249365224983
"33VXD2",1.02019606758566
"33VXF1",0.974296064681658
"33VXF2",1.00250590522334
"33VXF3",0.993335465995633
"33VXF4",0.986326623236996
"33VXG1",0.959332293140399
"33VXG2",0.971605418208308
"33VXH1",1.03252747823607
"33VXH2",0.996699037072865
"33VXJ1",1.00859899008834
"33VXJ2",1.01783259855498
"33VXK1",1.00315251620311
"33VXK2",1.01434551744156
"33VXL1",0.972990491962808
"33VXL2",0.952747343545891
"33WUM3",0.934595680337841
"33WUM4",0.94127184489081
"33WUN3",0.886734925420944
"33WUN4",0.900651654360984
"33WUP4",0.876216367164754
"33WVM1",0.931812042159384
"33WVM2",0.957993998033503
"33WVM3",0.943181823932312
"33WVM4",0.962116664129309
"33WVN1",0.888683886628089
"33WVN2",0.897834817552939
"33WVN3",0.89399037952372
"33WVN4",0.913030039088787
"33WVP1",0.857619291667135
"33WVP2",0.874529575441687
"33WVP3",0.875070380904347
"33WVP4",0.877948115263486
"33WVQ2",0.853359644477432
"33WVQ3",0.910827828865302
"33WVQ4",0.882323022427997
"33WVR4",0.961753177192976
"33WWM1",0.926303027820858
"33WWM2",0.969199994444847
"33WWM3",0.962949641457618
"33WWM4",0.960172034122727
"33WWN1",0.897370340143024
"33WWN2",0.900706716789288
"33WWN3",0.939575645445444
"33WWN4",0.929523809942683
"33WWP1",0.919212962739069
"33WWP2",0.916548738980068
"33WWP3",0.930144987408877
"33WWP4",0.942645313825584
"33WWQ1",0.942742374229543
"33WWQ2",0.91929497782508
"33WWQ3",0.945882767354438
"33WWQ4",0.928849335109186
"33WWR1",0.966356194936312
"33WWR2",0.96366243639394
"33WWR3",0.97747221927469
"33WWR4",0.971492702081825
"33WWS3",1.0294039156089
"33WWS4",0.985512028190858
"33WXM1",0.981374644825601
"33WXM2",0.981149189895199
"33WXN1",0.945515045651485
"33WXN2",0.945527526396199
"33WXP1",0.950429230064959
"33WXP2",0.955582138420524
"33WXQ1",0.944907407769225
"33WXQ2",0.94455758440753
"33WXR1",0.985704496244771
"33WXR2",0.982078320464591
"33WXS2",0.992862656465904
"34SBK4",0.794143570794
"34SCK4",0.905429435498787
"34SDH3",0.891267162479766
"34SDJ1",0.910176240480863
"34SDJ2",0.915104389190674
"34SDJ3",0.920427471012264
"34SDJ4",0.910374660684605
"34SDK2",0.909974323560114
"34SDK4",0.917113065719604
"34SEF3",0.863802120089531
"34SEG1",0.898755178218935
"34SEG3",0.891448194330389
"34SEG4",0.888271593164515
"34SEH1",0.901408785538708
"34SEH2",0.891071381506982
"34SEH3",0.906666704813639
"34SEH4",0.899728227698285
"34SEJ1",0.927272734703956
"34SEJ2",0.912737670360796
"34SEJ3",0.926907483633463
"34SEJ4",0.915530322434066
"34SEK2",0.936268930311327
"34SEK4",0.937608279191054
"34SFF1",0.908994408754202
"34SFF2",0.876388931274414
"34SFF3",0.900022967831119
"34SFF4",0.875255117611009
"34SFG1",0.915883665916904
"34SFG2",0.916435222999722
"34SFG3",0.915932366105377
"34SFG4",0.913527397260274
"34SFH1",0.90304482066548
"34SFH2",0.919385990343596
"34SFH3",0.917175656966581
"34SFH4",0.915642584784556
"34SFJ1",0.928165534874062
"34SFJ2",0.9149123681219
"34SFJ3",0.958063854890711
"34SFJ4",0.939491983045611
"34SFK2",0.936147412257408
"34SFK4",0.958541965484619
"34SGG1",0.920010980806853
"34SGG2",0.915017048517863
"34SGH1",0.924089501235659
"34SGH2",0.923717035412115
"34SGJ2",0.94706787886443
"34SGK2",0.947743097941081
"34TBK3",0.832278781467014
"34TBL4",0.833333969116211
"34TBM3",1.12499904632568
"34TBN3",1.11582167832168
"34TBN4",1.10612104213343
"34TBP3",1.17619746501052
"34TBP4",1.15293565482804
"34TBQ3",1.17215912401184
"34TBQ4",1.16943385218846
"34TBR3",1.17057037353516
"34TBR4",1.16866319974264
"34TCK3",0.905420396180279
"34TCL3",0.947252808036385
"34TCL4",0.933090257644653
"34TCM1",1.1146958711985
"34TCM2",1.06927108764648
"34TCM3",1.10960366231639
"34TCM4",1.04646463105173
"34TCN1",1.14003785306757
"34TCN2",1.12915371663822
"34TCN3",1.13981918568881
"34TCN4",1.13084990141408
"34TCP1",1.18416149127557
"34TCP2",1.17406834726748
"34TCP3",1.19371212179011
"34TCP4",1.17123200863968
"34TCQ1",1.1845308806368
"34TCQ2",1.1778579216737
"34TCQ3",1.22370781475985
"34TCQ4",1.19547980915416
"34TCR1",1.19672616141183
"34TCR2",1.17272834892733
"34TCR3",1.25080319485032
"34TCR4",1.21163617110834
"34TCS1",1.17174401540242
"34TCS2",1.19929244083429
"34TCS3",1.22819122138051
"34TCS4",1.26341142437675
"34TCT1",1.1366476633332
"34TCT2",1.15514206748477
"34TCT3",1.16769648140127
"34TCT4",1.18416138184376
"34TDK1",0.924254951098107
"34TDK3",0.926785682702993
"34TDL1",0.951881321993741
"34TDL2",0.941028867449079
"34TDL3",0.958049202894236
"34TDL4",0.951770850590297
"34TDM1",1.08958333922971
"34TDM2",1.03652775793365
"34TDM3",1.09333080198707
"34TDM4",1.01262178591319
"34TDN1",1.13465518622563
"34TDN2",1.13392858536212
"34TDN3",1.1329027446111
"34TDN4",1.12843434160406
"34TDP1",1.21106060201471
"34TDP2",1.1844949462197
"34TDP3",1.21179294297189
"34TDP4",1.18255050832575
"34TDQ1",1.2243762159062
"34TDQ2",1.21025254220674
"34TDQ3",1.2366035230232
"34TDQ4",1.22308082580566
"34TDR1",1.25877134366469
"34TDR2",1.24787757396698
"34TDR3",1.26434344667377
"34TDR4",1.25058331807454
"34TDS1",1.22718311355499
"34TDS2",1.23402777585116
"34TDS3",1.22910745035518
"34TDS4",1.25250949642875
"34TDT1",1.16285153031349
"34TDT2",1.19270835681395
"34TDT3",1.15569013953209
"34TDT4",1.18723965233023
"34TEK1",0.951501632665659
"34TEK3",0.946343882983883
"34TEL1",0.990097436037931
"34TEL2",0.974568453856877
"34TEL3",1.01035350741762
"34TEL4",0.962259086621862
"34TEM1",1.07421238684073
"34TEM2",1.0182900599071
"34TEM3",1.08353496059295
"34TEM4",1.02949497338497
"34TEN1",1.13837500572205
"34TEN2",1.12488635381063
"34TEN3",1.15840517899086
"34TEN4",1.12700214014425
"34TEP1",1.23900258613355
"34TEP2",1.18650248556426
"34TEP3",1.28409093799013
"34TEP4",1.22078285217285
"34TEQ1",1.2723358558886
"34TEQ2",1.26348485079679
"34TEQ3",1.3039545927219
"34TEQ4",1.30909088886145
"34TER1",1.28968374987683
"34TER2",1.27718056996663
"34TER3",1.32119048527309
"34TER4",1.30799473822117
"34TES1",1.25569367950613
"34TES2",1.30056815255772
"34TES3",1.28277193857524
"34TES4",1.31777778394294
"34TET1",1.17949217557907
"34TET2",1.214689867063
"34TET3",1.22914061546326
"34TET4",1.26336407661438
"34TFK1",0.938205634394
"34TFK3",0.93521629847013
"34TFL1",0.991693769182478
"34TFL2",0.936762424729626
"34TFL3",1.02356182221443
"34TFL4",0.92989714733966
"34TFM1",1.10013972549904
"34TFM2",1.03818991586759
"34TFM3",1.13786169245011
"34TFM4",1.08519806832443
"34TFN1",1.21001051506906
"34TFN3",1.22392678549795
"34TFN4",1.16176241821384
"34TFP1",1.2910732384884
"34TFP2",1.25910495092839
"34TFP3",1.2717002904193
"34TFP4",1.2652820918871
"34TFQ1",1.32547474511062
"34TFQ2",1.31520205989028
"34TFQ3",1.31700344999393
"34TFQ4",1.29618058449183
"34TFR1",1.31826057778784
"34TFR2",1.32310721813133
"34TFR3",1.30725004741124
"34TFR4",1.30996489505626
"34TFS1",1.29013731300486
"34TFS2",1.305681836876
"34TFS3",1.28571609394279
"34TFS4",1.29312108822589
"34TFT1",1.26090200922706
"34TFT2",1.28372063697913
"34TFT3",1.25735088370063
"34TFT4",1.26801535711123
"34TGK1",0.941190884807917
"34TGL1",1.04622058379344
"34TGL2",0.962248302946155
"34TGM1",1.1710903821634
"34TGM2",1.1175253653043
"34TGN1",1.24600814939379
"34TGN2",1.20196991550679
"34TGP1",1.28843507241076
"34TGP2",1.27790404088569
"34TGQ1",1.30581951929518
"34TGQ2",1.30076332674682
"34TGR1",1.29691506177187
"34TGR2",1.30204863486191
"34TGS1",1.2659195914413
"34TGS2",1.26072966212958
"34TGT1",1.25943420285528
"34TGT2",1.26163015168967
"34UCA1",1.02578010853167
"34UCA2",1.03804234236725
"34UCA3",1.04233837127686
"34UCA4",1.03425676242725
"34UCB1",1.03163471522632
"34UCB2",1.02458515857679
"34UCB3",1.04033471456642
"34UCB4",1.05004457228961
"34UCC1",1.00310059220578
"34UCC2",1.01702652844516
"34UCC3",1.00018255980973
"34UCC4",1.02186338106791
"34UCD1",0.990060783922672
"34UCD2",0.966436362146732
"34UCD3",1.00409147665673
"34UCD4",0.978012865017622
"34UCE1",1.01615419234822
"34UCE2",1.03498524367207
"34UCE3",1.01996878385544
"34UCE4",1.02423424591889
"34UCF1",0.952777844208937
"34UCF2",0.991918100707832
"34UCF4",0.980646333961843
"34UCU1",1.05709833156563
"34UCU2",1.07213690294234
"34UCU3",1.0666093983493
"34UCU4",1.11179381979387
"34UCV1",1.06164964169872
"34UEA3",1.04387254000985
"34UCV2",1.0714854253986
"34UCV3",1.03384202302888
"34UCV4",1.04561532791271
"34UDA1",1.05102493418729
"34UDA2",1.04395080761737
"34UDA3",1.06745766318418
"34UDA4",1.05401963626637
"34UDB1",1.05134085898704
"34UDB2",1.05740866431578
"34UDB3",1.0323418117462
"34UDB4",1.02709445851372
"34UDC1",1.02113905160323
"34UDC2",1.03756687092909
"34UDC3",1.03692328997251
"34UDC4",1.03407971999224
"34UDD1",0.995202030798402
"34UDD2",1.00846487597415
"34UDD3",1.01015362835894
"34UDD4",1.02642042227466
"34UDE1",1.02137095953829
"34UDE2",1.01719278036946
"34UDE3",1.01578895936763
"34UDE4",1.01487796475189
"34UDF1",0.970869253421652
"34UDF2",0.999535672324044
"34UDF3",0.98625241323959
"34UDF4",0.994112292061681
"34UDG4",NA
"34UDU1",1.04874537926352
"34UDU2",1.0833806774833
"34UDU3",1.04108659787612
"34UDU4",1.07724902304736
"34UDV1",1.02353928623528
"34UDV2",1.0398395651563
"34UDV3",1.03856982411565
"34UDV4",1.03976090387865
"34UEA1",1.06166439260391
"34UEA2",1.0598774433136
"34UEB1",0.998752234453823
"34UEB2",1.02386364452342
"34UEB3",1.00242502222616
"34UEB4",1.016577575296
"34UEC1",1.04459749642065
"34UEC2",1.02975717585355
"34UEC3",1.02960827039636
"34UEC4",1.01893939563935
"34UED1",0.986374175909794
"34UED2",1.02599954605103
"34UED3",0.993613240694759
"34UED4",1.02450661659241
"34UEE1",1.01434007634971
"34UEE2",0.995833315030493
"34UEE3",1.0090502308261
"34UEE4",1.00777567275847
"34UEF1",0.970737149165227
"34UEF2",1.00055181657946
"34UEF3",0.970625040531159
"34UEF4",1.00168698473674
"34UEG1",0.93590750869032
"34UEG2",0.936060596234871
"34UEG3",0.918914198288189
"34UEG4",0.922488050597706
"34UEU1",1.06263023614883
"34UEU2",1.09898199818351
"34UEU3",1.13352793127626
"34UEU4",1.19894649765708
"34UEV1",1.05280409632502
"34UEV2",1.06123348257758
"34UEV3",1.07832856561946
"34UEV4",1.08608512317433
"34UFA1",1.05656877892916
"34UFA2",1.08911029712574
"34UFA3",1.02068649199566
"34UFA4",1.09183884455153
"34UFB1",0.998328759120061
"34UFB2",1.02645947716453
"34UFB3",1.01590652293987
"34UFB4",1.00714554721953
"34UFC1",1.00703393798514
"34UFC2",0.985706022050646
"34UFC3",1.0068075444217
"34UFC4",1.01446972110055
"34UFD1",0.983419278233322
"34UFD2",0.983002117352608
"34UFD3",1.03223739564419
"34UFD4",0.988138603804699
"34UFE1",1.0220937204361
"34UFE2",1.02079956467087
"34UFE3",1.0258132684677
"34UFE4",1.04109849592652
"34UFF1",0.979810770007147
"34UFF2",1.00245461841621
"34UFF3",0.985893579850714
"34UFF4",1.0153545358563
"34UFG1",0.937448186067799
"34UFG2",0.947017778599928
"34UFG3",0.935864012665544
"34UFG4",0.947916646437212
"34UFU1",1.20618099929219
"34UFU2",1.25280131862662
"34UFU4",1.25338690773735
"34UFV1",1.11018654357555
"34UFV2",1.1447068730066
"34UGU2",1.25557359472498
"34VCL3",1.01137150989638
"34VCM3",0.975666677951813
"34VCM4",0.999296084198935
"34VCQ3",0.991387650370598
"34VCR3",0.976878281653397
"34VCR4",0.96459177100224
"34VDH3",NA
"34VDH4",NA
"34VDR1",0.994386573159505
"34VDR2",1.00040886335284
"34VDR3",1.02193627000493
"34VEH1",0.924540298085817
"34VEH2",0.940143354477421
"34VEH3",0.923978009313907
"34VEH4",0.928719522894883
"34VEJ1",0.935289120187565
"34VEJ2",0.944708072356064
"34VEJ3",0.933322177213781
"34VEJ4",0.923177074503016
"34VEK4",0.96016415682706
"34VEM3",1.06622862693591
"34VEN1",1.03977503513266
"34VEN2",1.06530840022891
"34VEN3",1.02835182797524
"34VEN4",1.04591083329571
"34VEP1",1.05170806742603
"34VEP2",1.05947243738517
"34VEP3",1.07018679791483
"34VEP4",1.04746901693423
"34VEQ1",1.07911184377838
"34WCT4",0.975183254107833
"34VEQ2",1.06143264582592
"34VEQ3",1.12132975738496
"34VEQ4",1.0849420904653
"34VER2",1.08205534430111
"34VER3",1.10525267935814
"34VER4",1.1129707073068
"34VFH1",0.937327211353636
"34VFH2",0.936216437986112
"34VFH3",0.937662547361766
"34VFH4",0.932210498041921
"34VFJ1",0.947099666969449
"34VFJ2",0.94233108211208
"34VFJ4",0.941558920103928
"34VFK1",0.974013140327052
"34VFK3",0.947231535943563
"34VFK4",0.954000034332275
"34VFL1",0.997549000908347
"34VFL2",0.970471752576592
"34VFL3",0.979985121318272
"34VFL4",0.953565278004125
"34VFM1",0.994413762438561
"34VFM2",0.99377365545793
"34VFN1",1.04790949245979
"34VFN2",1.00741804154193
"34VFP1",1.06424215363293
"34VFP2",1.05254385513172
"34VFQ1",1.12533804965469
"34VFQ2",1.11275296296392
"34VFR1",1.13062414809019
"34VFR2",1.12007802511116
"34VXH2",0.961805566151937
"34WCS3",0.983854161480726
"34WCS4",0.980519150533984
"34WCT3",0.967795138955504
"34WCU3",0.948701843748047
"34WCU4",0.96602182314576
"34WCV4",0.93964185478464
"34WDA1",0.997027527555429
"34WDA2",0.990137493369555
"34WDA3",0.998240296581224
"34WDA4",1.012055084073
"34WDB1",1.00101095303796
"34WDB2",0.991091519988433
"34WDB3",0.995348695486227
"34WDB4",1.00305172899846
"34WDC2",1.0319427106285
"34WDC3",1.05496357373201
"34WDC4",1.00013889128032
"34WDS1",0.981617205005756
"34WDS2",0.986395208673044
"34WDS3",0.988371207497337
"34WDS4",1.00516231088753
"34WDT1",0.96316113281648
"34WDT2",0.975074403307268
"34WDT3",0.962827800506062
"34WDT4",0.973277378208646
"34WDU1",0.957235359637117
"34WDU2",0.965781247831183
"34WDU3",0.968518520988405
"34WDU4",0.960809746209778
"34WDV1",0.96387006048492
"34WDV2",0.945805830573632
"34WDV3",0.982190205626395
"34WDV4",0.979900333118405
"34WEA1",1.02683387045721
"34WEA2",1.02087570787486
"34WEA3",1.04602154685515
"34WEA4",1.02219416039779
"34WEB1",1.0147841349188
"34WEB2",1.01751401336915
"34WEB3",1.04016307980766
"34WEB4",1.04261248023963
"34WEC1",1.06764937073853
"34WEC2",1.0167605088235
"34WEC3",1.07103384292997
"34WEC4",1.04929108916096
"34WED2",1.12302259469436
"34WED4",1.15489205633599
"34WES1",1.01159722275204
"34WES2",1.02202382163396
"34WET1",1.00407738132136
"34WET2",0.996657252311707
"34WET3",1.04330247996927
"34WEU1",1.01461840674018
"34WEU2",1.00838050291223
"34WEU3",1.05710162964926
"34WEU4",1.05441873597505
"34WEV1",1.01011904450768
"34WEV2",1.01194122462882
"34WEV3",1.01543785377516
"34WEV4",1.03798289333674
"34WFA1",1.07086760648771
"34WFA2",1.03703564146031
"34WFB2",1.07178239734085
"34WFS2",1.14975963494717
"34WFU1",1.09234715510515
"34WFU2",1.07846653554589
"34WFV1",1.05822977554924
"34WFV2",1.06658473927423
"35SKB3",0.902184881815096
"35SKC4",0.9153883673928
"35SKE4",0.94583306993757
"35TKE3",0.958017667134603
"35TKF3",1.05888088238545
"35TKF4",1.03682481801068
"35TKG3",1.18566021052274
"35TKG4",1.10403998155852
"35TKH3",1.2679632627047
"35TKH4",1.24267292671463
"35TKJ3",1.30444552203802
"35TKJ4",1.28749999855504
"35TKK3",1.31000339886374
"35TKK4",1.30825385610566
"35TKL3",1.27783173727758
"35TKL4",1.29121530652046
"35TLF1",1.09122312299667
"35TLF2",1.05091461321203
"35TLF3",1.09862011748475
"35TLF4",1.06986106872559
"35TLG1",1.19471932782067
"35TLG2",1.14630916677875
"35TLG3",1.19811991947453
"35TLG4",1.14845776248288
"35TLH1",1.25655304879853
"35TLH2",1.24778722532047
"35TLH3",1.26137319600807
"35TLH4",1.24195635081916
"35TLJ1",1.31252580251753
"35TLJ2",1.27958075600381
"35TLJ3",1.28089644692161
"35TLJ4",1.27309667916945
"35TLK1",1.3025200038613
"35TLK2",1.30738515120286
"35TLK3",1.27401110190379
"35TLK4",1.27941922274503
"35TLL1",1.25688098226275
"35TLL2",1.27183738658317
"35TLL3",1.26765814459468
"35TLL4",1.27254829119618
"35TLM1",1.23728796964634
"35TLM2",1.24120809447091
"35TLM3",1.23181598792875
"35TLM4",1.25675897232511
"35TLN1",1.24464959075505
"35TLN2",1.24371387365926
"35TLN3",1.23555870083245
"35TLN4",1.2187766960034
"35TMF1",1.0930176301436
"35TMF2",1.07412106543779
"35TMF3",1.08671532048808
"35TMG1",1.17514785028273
"35TMG2",1.14203284870494
"35TMG3",1.18029729331412
"35TMG4",1.13342802245896
"35TMH1",1.24761497234476
"35TMH2",1.20883388333506
"35TMH3",1.21945834477743
"35TMH4",1.1921212051854
"35TMJ1",1.26513890931101
"35TMJ2",1.25959595766934
"35TMJ3",1.24565657991352
"35TMJ4",1.23356060837254
"35TMK1",1.28183632981991
"35TMK2",1.28041664470326
"35TMK3",1.28474751096783
"35TMK4",1.26810607332172
"35TML1",1.25664064965465
"35TML2",1.27319009900093
"35TML3",1.26130048722932
"35TML4",1.27443046887716
"35TMM1",1.25210823698672
"35TMM2",1.25612373352051
"35TMM3",1.25314868309281
"35TMM4",1.25685367800973
"35TMN1",1.2505598962307
"35TMN2",1.24064867875793
"35TMN3",1.26574221849442
"35TMN4",1.25839248299599
"35TNG1",1.17068090671446
"35TNG2",1.13640416132939
"35TNG3",1.16980876297247
"35TNG4",1.15380632787719
"35TNH1",1.22580554326375
"35TNH2",1.19483749221706
"35TNH3",1.2424107392629
"35TNH4",1.22477850000909
"35TNJ1",1.22068180315422
"35TNJ2",1.23409091487075
"35TNJ3",1.24237371502501
"35TNJ4",1.24120082025943
"35TNK1",1.2584216782541
"35TNK2",1.24958338881984
"35TNK3",1.25455340653836
"35TNK4",1.23306821187337
"35TNL1",1.28649602453393
"35TNL2",1.28886110305786
"35TNL3",1.27841663905552
"35TNL4",1.2905338704586
"35TNM1",1.25297111814672
"35TNM2",1.26477268609134
"35TNM3",1.25233285298604
"35TNM4",1.27972229466294
"35TNN1",1.25888020396233
"35TNN2",1.26049959117716
"35TNN4",1.22933239828457
"35TPJ1",1.2453409541737
"35TPJ2",1.24986975193024
"35TPK1",1.25203060802025
"35TPK2",1.24002871677793
"35TPK3",1.26123784058285
"35TPK4",1.2479168176651
"35TPL2",1.28918948987635
"35TPL4",1.25914912051465
"35TQK1",1.27936526707241
"35TQL2",1.2531440041282
"35ULA1",0.981275095997087
"35ULA2",1.00601982938651
"35ULA3",0.997495983655636
"35ULA4",1.01528465865862
"35ULB1",0.944900304993237
"35ULB2",0.952222231662635
"35ULB3",0.951772383789518
"35ULB4",0.965535098526078
"35ULP2",1.24091012684327
"35ULP4",1.23594636297495
"35ULR1",1.06935573149358
"35ULS2",1.01071830680467
"35ULV1",1.02671569426429
"35ULV3",1.04601041078568
"35UMA1",1.00821817340563
"35UMA2",1.02331109648769
"35UMA3",1.02575758427524
"35UMB1",0.937910488673619
"35UMB2",0.971251994228819
"35UMB3",0.959858469985889
"35UMB4",0.972936600589296
"35UMP2",1.23941757191311
"35UMP4",1.23437497832558
"35UMV1",1.04012095287282
"35UNB1",0.991826125879607
"35UNP2",1.26625233346766
"35VLC1",0.921926711467986
"35VLC2",0.934645575362366
"35VLC3",0.924193551463465
"35VLC4",0.935238937631038
"35VLD1",0.94873907691554
"35VLD2",0.92851678603286
"35VLD3",0.952737520282395
"35VLD4",0.938350946130887
"35VLE3",0.954801952892355
"35VLE4",0.953733032105735
"35VLF3",0.967512073148276
"35VLF4",0.951069085221542
"35VLG3",0.982267461081808
"35VLG4",0.971614599227905
"35VLH3",1.06790948407403
"35VLH4",1.03500682565032
"35VLJ3",1.08458189681847
"35VLJ4",1.07567251188713
"35VLK3",1.13487420441969
"35VLK4",1.11262603841218
"35VLL3",1.1560285476249
"35VLL4",1.1356407684159
"35VMC1",0.938797174759631
"35VMC2",0.936666688686464
"35VMC3",0.964256923868909
"35VMC4",0.962203944356818
"35VMD1",0.954507580670444
"35VMD2",0.959172440899743
"35VMD3",0.96964963349429
"35VMD4",0.963200768557462
"35VME1",0.982616894924803
"35VME2",0.966905883624793
"35VME3",0.97234298641555
"35VME4",0.989270827986977
"35VMF1",0.999148156907823
"35VMF2",0.973650860891468
"35VMF3",0.995599770225217
"35VMF4",0.990909091321937
"35VMG1",1.06129874409856
"35VMG2",0.994255109266801
"35VMG3",1.05271318346955
"35VMG4",0.975000051351694
"35VMH1",1.08922211393233
"35VMH2",1.08032023906708
"35VMH3",1.09735706719485
"35VMH4",1.08957460834391
"35VMJ1",1.10505567131371
"35VMJ2",1.10465535607358
"35VMJ3",1.12643648924366
"35VMJ4",1.11567500782013
"35VMK1",1.14478353410959
"35VMK2",1.13024869630503
"35VMK3",1.15650445450353
"35VMK4",1.14074468409761
"35VML1",1.18487103307058
"35VML2",1.1644255094456
"35VML3",1.19781484863812
"35VML4",1.18158143487844
"35VNC1",0.984763839827155
"35VNC2",0.985438612887734
"35VNC3",0.97133450463133
"35VNC4",0.974949187767215
"35VND1",1.00089962265708
"35VND2",0.983645833622326
"35VND3",0.972102264924483
"35VND4",0.97042825045409
"35VNE1",0.970561608024265
"35VNE2",0.981543569131331
"35VNF1",1.00895146747212
"35VNF2",0.983955637201086
"35VNF3",0.996499622190321
"35VNH1",1.09856233123905
"35VNH2",1.09497054658755
"35VNH3",1.10260415942438
"35VNH4",1.0861178840079
"35VNJ1",1.13323251662716
"35VNJ2",1.1199369240567
"35VNJ3",1.13612607840834
"35VNJ4",1.11648586170732
"35VNK1",1.15030217079716
"35VNK2",1.14468085410747
"35VNK3",1.16067708842456
"35VNK4",1.14623552123552
"35VNL1",1.21261748425046
"35VNL2",1.18416982527935
"35VNL3",1.20382770280989
"35VNL4",1.18846275047822
"35VPH1",1.11863506415795
"35VPJ1",1.12529035561591
"35VPJ2",1.11640349521972
"35VPK1",1.13540879645438
"35VPK2",1.13953869087355
"35VPL1",1.19772801389844
"35VPL2",1.15286353907262
"35WLM3",1.14183884120185
"35WLM4",1.1645325112149
"35WLN3",1.08815789183504
"35WLP3",1.10986181110584
"35WLP4",1.0921130979345
"35WLQ4",1.08238529856055
"35WMM1",1.18660929755888
"35WMM2",1.20313289309993
"35WMM3",1.21919696721164
"35WMM4",1.21321666526794
"35WMN1",1.15499453565439
"35WMN2",1.186400167228
"35WMN3",1.19093094609834
"35WMN4",1.21190371108982
"35WMP1",1.13306587859296
"35WMP2",1.15548363093819
"35WMP3",1.14581228278637
"35WMP4",1.17087264094713
"35WMQ1",1.11027542365383
"35WMQ2",1.11748487623132
"35WMQ3",1.14967532630091
"35WMQ4",1.16376661340493
"35WMR1",1.1091965253108
"35WMR2",1.09310465851589
"35WMR3",1.16740155948211
"35WMR4",1.14979519878072
"35WMS1",1.09248965574979
"35WMS2",1.10332949980636
"35WMS3",1.13573137613357
"35WMS4",1.15614168495452
"35WMT1",1.09911951862435
"35WMT2",1.08826195878727
"35WMT3",1.12264660246998
"35WMT4",1.12825951078633
"35WMU1",1.25552701663766
"35WMU2",1.18485218959837
"35WMU3",1.21897096867024
"35WMU4",1.16548261178989
"35WNM1",1.2410151533647
"35WNM2",1.21966666555405
"35WNM3",1.24096222854347
"35WNM4",1.2211253114722
"35WNN1",1.21850961594601
"35WNN2",1.22480860384109
"35WNN3",1.21549047077697
"35WNN4",1.22663689835795
"35WNP1",1.18195145699879
"35WNP2",1.20643867991671
"35WNP3",1.21739161069933
"35WNP4",1.22879596674994
"35WNQ1",1.19174106840601
"35WNQ2",1.17964955792448
"35WNQ3",1.2144350270646
"35WNQ4",1.20835402954542
"35WNR1",1.19636596090908
"35WNR2",1.19586158342723
"35WNR3",1.20176531900101
"35WNR4",1.20819304355339
"35WNS1",1.16907003050227
"35WNS2",1.18529561878786
"35WNS3",1.18948906327427
"35WNS4",1.20554064430276
"35WNT1",1.13563528631736
"35WNT2",1.14864865009178
"35WNT3",1.15579459851318
"35WNT4",1.16793981322445
"35WNU1",1.20197538535202
"35WNU2",1.16974235597182
"35WNU3",1.18658854548266
"35WNU4",1.17048361168156
"35WPM1",1.23646723179736
"35WPM2",1.21292842203571
"35WPN1",1.23333333612471
"35WPN2",1.24493501601963
"35WPP1",1.26155779089769
"35WPP2",1.2500797456674
"35WPQ1",1.23350998781327
"35WPQ2",1.2397354889028
"35WPR2",1.20486320318873
"34TFN2",1.14046634269866
"34UEA4",1.06795934022191
"36VUP3",1.12311992080369
"36VUP4",1.11906287347004
"36VUQ3",1.14198898639319
"36VUQ4",1.11964710030267
"36VUR3",1.18572834486098
"36VUR4",1.16263279259442
"30UXE3",0.619575929359572
"30STF4",0.526741587926471
"36VVQ1",1.15595702640712
"36VVQ2",1.13330103445423
"36VVR2",1.17446337820906
"36WUS3",1.25663841667317
"36WUS4",1.20924899534833
"36WUT3",1.24966242323905
"36WUU4",1.26677579215085
"36WVC1",1.17801204584651
"36WVC2",1.20382390738463
"36WVD2",1.1752635531509
