"cell50x50","occ_m_b2000","SR_m_b2000","occ_m_a2015","SR_m_a2015","delta_SR","delta_occ_m"
"29SMC3",49,29,707,10,19,658
"29SMD3",4,21,127,3,18,123
"29SMD4",23,23,350,5,18,327
"29SME4",NA,1,1,NA,NA,NA
"29SNA1",NA,11,26,NA,NA,NA
"29SNA3",NA,12,33,NA,NA,NA
"29SNB1",7,15,74,5,10,67
"29SNB2",52,24,153,10,14,101
"29SNB3",1,21,205,1,20,204
"29SNB4",42,21,144,6,15,102
"29SNC1",14,21,197,6,15,183
"29SNC2",13,14,79,7,7,66
"29SNC3",216,18,209,9,9,-7
"29SNC4",10,15,97,3,12,87
"29SND1",27,27,327,6,21,300
"29SND2",39,17,169,7,10,130
"29SND3",2,20,198,2,18,196
"29SND4",9,22,168,4,18,159
"29SNE2",9,24,131,5,19,122
"29SNE4",NA,24,271,NA,NA,NA
"29SPA1",NA,9,27,NA,NA,NA
"29SPB1",3,21,2466,1,20,2463
"29SPB2",28,24,1793,1,23,1765
"29SPB3",6,21,8081,1,20,8075
"29SPB4",1,19,4215,1,18,4214
"29SPC1",54,16,175,5,11,121
"29SPC2",8,13,69,2,11,61
"29SPC3",NA,10,2331,NA,NA,NA
"29SPC4",8,14,4864,5,9,4856
"29SPD1",2,24,1624,2,22,1622
"29SPD2",NA,23,520,NA,NA,NA
"29SPD3",1,13,5275,1,12,5274
"29SPD4",3,21,2499,2,19,2496
"29SPE2",44,23,216,5,18,172
"29SPE4",3,20,2723,3,17,2720
"29SQA1",157,25,5541,16,9,5384
"29SQA2",1,18,981,1,17,980
"29SQB1",3,28,12469,1,27,12466
"29SQB2",43,30,12749,15,15,12706
"29SQC1",NA,12,2771,NA,NA,NA
"29SQC2",NA,20,7209,NA,NA,NA
"29SQD1",1,17,4343,1,16,4342
"29SQD2",1,16,3644,1,15,3643
"29SQE2",130,25,5834,6,19,5704
"29TMH3",NA,14,1409,NA,NA,NA
"29TMH4",NA,12,755,NA,NA,NA
"29TNE1",2,29,364,1,28,362
"29TNE3",19,25,93,6,19,74
"29TNF1",14,18,258,4,14,244
"29TNF2",3,23,225,3,20,222
"29TNF3",10,30,196,5,25,186
"29TNF4",5,22,216,4,18,211
"29TNG1",NA,25,4786,NA,NA,NA
"29TNG2",24,22,744,5,17,720
"29TNG3",1,25,15391,1,24,15390
"29TNG4",17,25,2386,7,18,2369
"29TNH1",5,26,4808,3,23,4803
"29TNH2",2,21,5374,2,19,5372
"29TNH3",NA,23,4917,NA,NA,NA
"29TNH4",NA,17,6466,NA,NA,NA
"29TNJ2",NA,8,189,NA,NA,NA
"29TNJ4",1,35,3738,1,34,3737
"29TPE1",6,24,140,2,22,134
"29TPE3",454,19,3289,14,5,2835
"29TPF1",30,39,4918,7,32,4888
"29TPF2",5,15,44,2,13,39
"29TPF3",4,39,2920,2,37,2916
"29TPF4",NA,24,3464,NA,NA,NA
"29TPG1",1,22,7595,1,21,7594
"29TPG2",10,18,2485,4,14,2475
"29TPG3",5,23,8638,5,18,8633
"29TPG4",79,30,1483,8,22,1404
"29TPH1",2,32,4299,1,31,4297
"29TPH2",5,21,4093,2,19,4088
"29TPH3",3,36,7924,2,34,7921
"29TPH4",4,42,6294,2,40,6290
"29TPJ2",NA,21,3555,NA,NA,NA
"29TPJ4",NA,37,4525,NA,NA,NA
"29TQE1",420,24,8381,20,4,7961
"29TQF1",7,35,5808,2,33,5801
"29TQF2",NA,13,6989,NA,NA,NA
"29TQG1",28,35,9506,10,25,9478
"29TQG2",28,35,7978,7,28,7950
"29TQH1",NA,33,11362,NA,NA,NA
"29TQH2",6,32,7338,2,30,7332
"29TQJ2",NA,20,4226,NA,NA,NA
"29ULT3",25,3,27,6,-3,2
"29UMA2",21,7,49,6,1,28
"29UMA4",87,11,101,5,6,14
"29UMT1",324,14,379,14,0,55
"29UMT2",230,18,280,9,9,50
"29UMT3",426,21,934,14,7,508
"29UMT4",524,15,452,13,2,-72
"29UMU2",32,5,28,5,0,-4
"29UMU3",316,17,578,14,3,262
"29UMU4",223,14,517,8,6,294
"29UMV1",69,13,184,7,6,115
"29UMV2",78,11,175,7,4,97
"29UMV3",237,18,677,7,11,440
"29UMV4",355,20,989,9,11,634
"29UNA1",165,13,367,7,6,202
"29UNA2",438,14,457,14,0,19
"29UNA3",354,17,335,15,2,-19
"29UNA4",303,20,1225,20,0,922
"29UNB4",193,12,158,8,4,-35
"29UNT1",314,17,1191,10,7,877
"29UNT2",201,18,1041,11,7,840
"29UNT3",432,16,765,14,2,333
"29UNU1",567,18,882,14,4,315
"29UNU2",380,22,632,13,9,252
"29UNU3",735,15,545,11,4,-190
"29UNU4",250,17,357,11,6,107
"29UNV1",288,17,449,11,6,161
"29UNV2",223,16,694,9,7,471
"29UNV3",307,17,385,11,6,78
"29UNV4",316,16,692,10,6,376
"29UPA1",336,20,702,11,9,366
"29UPA2",578,19,1007,17,2,429
"29UPA3",388,20,913,12,8,525
"29UPA4",518,22,1386,16,6,868
"29UPB2",117,15,295,11,4,178
"29UPB4",195,22,1172,12,10,977
"29UPT1",171,16,1118,10,6,947
"29UPU1",314,18,1379,12,6,1065
"29UPU2",331,16,1064,9,7,733
"29UPU3",252,19,1315,13,6,1063
"29UPU4",188,15,964,7,8,776
"29UPV1",287,15,477,9,6,190
"29UPV2",394,18,1409,10,8,1015
"29UPV3",193,13,894,13,0,701
"29UPV4",269,22,2455,13,9,2186
"29VPC3",212,20,267,19,1,55
"29VPE4",104,16,101,13,3,-3
"30STF3",24,19,10344,5,14,10320
"30STF4",6,26,12914,3,23,12908
"30STG3",NA,31,8099,NA,NA,NA
"30STG4",3,31,5417,3,28,5414
"30STH3",1,14,6398,1,13,6397
"30STH4",NA,19,9072,NA,NA,NA
"30STJ3",41,25,6573,11,14,6532
"30STJ4",NA,14,2838,NA,NA,NA
"30STK4",22,23,5682,11,12,5660
"30SUF1",1,24,7528,1,23,7527
"30SUF2",NA,18,1691,NA,NA,NA
"30SUF3",14,25,6579,1,24,6565
"30SUF4",NA,9,175,NA,NA,NA
"30SUG1",3,23,4937,2,21,4934
"30SUG2",NA,21,4387,NA,NA,NA
"30SUG3",NA,21,3932,NA,NA,NA
"30SUG4",2,25,5727,2,23,5725
"30SUH1",16,16,7230,11,5,7214
"30SUH2",NA,18,8070,NA,NA,NA
"30SUH3",49,17,11546,18,-1,11497
"30SUH4",1,21,7654,1,20,7653
"30SUJ1",119,14,9617,18,-4,9498
"30SUJ2",35,14,7258,14,0,7223
"30SUJ3",40,19,12313,11,8,12273
"30SUJ4",56,17,11791,9,8,11735
"30SUK2",99,17,11125,18,-1,11026
"30SUK4",112,18,9257,11,7,9145
"30SVF1",2,19,6035,2,17,6033
"30SVF3",457,23,6406,10,13,5949
"30SVG1",NA,19,7373,NA,NA,NA
"30SVG2",29,21,6449,8,13,6420
"30SVG3",25,17,8250,9,8,8225
"30SVG4",674,18,8673,13,5,7999
"30SVH1",20,22,10990,8,14,10970
"30SVH2",34,32,12891,4,28,12857
"30SVH3",32,23,8481,11,12,8449
"30SVH4",12,16,8765,9,7,8753
"30SVJ1",32,16,11252,8,8,11220
"30SVJ2",44,24,8315,12,12,8271
"30SVJ3",18,14,4889,6,8,4871
"30SVJ4",20,13,5728,6,7,5708
"30SVK2",67,21,6060,16,5,5993
"30SVK4",30,18,6537,8,10,6507
"30SWF1",70,16,4202,20,-4,4132
"30SWF3",47,15,2586,13,2,2539
"30SWG1",131,20,9515,4,16,9384
"30SWG2",395,26,10880,8,18,10485
"30SWG3",4,14,6278,2,12,6274
"30SWG4",69,24,6656,4,20,6587
"30SWH1",63,15,9044,13,2,8981
"30SWH2",158,20,12255,21,-1,12097
"30SWH3",75,15,7848,9,6,7773
"30SWH4",21,19,9955,14,5,9934
"30SWJ1",27,13,6464,5,8,6437
"30SWJ2",11,14,4999,7,7,4988
"30SWJ3",24,17,8341,9,8,8317
"30SWJ4",7,19,4228,3,16,4221
"30SWK2",26,14,9134,6,8,9108
"30SWK4",6,13,13223,4,9,13217
"30SXF1",NA,3,40,NA,NA,NA
"30SXG1",38,10,6746,7,3,6708
"30SXG2",NA,12,1483,NA,NA,NA
"30SXG3",2,14,3354,1,13,3352
"30SXH1",13,24,5610,7,17,5597
"30SXH2",6,24,7697,5,19,7691
"30SXH3",49,35,7023,22,13,6974
"30SXH4",25,33,7718,11,22,7693
"30SXJ1",115,21,11861,18,3,11746
"30SXJ2",14,22,4984,8,14,4970
"30SXJ3",362,39,12048,29,10,11686
"30SXJ4",294,38,9132,31,7,8838
"30SXK2",56,30,14409,12,18,14353
"30SXK4",287,36,12221,25,11,11934
"30SYG1",NA,2,4,NA,NA,NA
"30SYH1",213,37,12403,28,9,12190
"30SYH2",17,25,2718,9,16,2701
"30SYJ1",828,38,4531,31,7,3703
"30SYJ2",324,37,7313,30,7,6989
"30SYK2",261,41,10035,34,7,9774
"30TTK3",247,26,9721,24,2,9474
"30TTL3",1,18,6134,1,17,6133
"30TTL4",3,26,5449,2,24,5446
"30TTM3",NA,19,6824,NA,NA,NA
"30TTM4",NA,27,7090,NA,NA,NA
"30TTN3",1,31,8927,1,30,8926
"30TTN4",NA,30,7282,NA,NA,NA
"30TTP4",NA,37,3697,NA,NA,NA
"30TUK1",44,34,10570,13,21,10526
"30TUK3",12,29,11298,8,21,11286
"30TUL1",1,21,3746,1,20,3745
"30TUL2",1,13,4300,1,12,4299
"30TUL3",1,18,6577,1,17,6576
"30TUL4",2,21,7778,2,19,7776
"30TUM1",NA,12,3074,NA,NA,NA
"30TUM2",NA,20,3859,NA,NA,NA
"30TUM3",5,23,5742,4,19,5737
"30TUM4",NA,25,6670,NA,NA,NA
"30TUN1",18,37,7463,11,26,7445
"30TUN2",3,29,9590,3,26,9587
"30TUN3",58,56,12548,12,44,12490
"30TUN4",5,31,10152,3,28,10147
"30TUP2",3,26,3822,3,23,3819
"30TUP4",1,30,1253,1,29,1252
"30TUT3",2,9,24,2,7,22
"30TVK1",272,35,8895,23,12,8623
"30TVK3",114,24,8860,8,16,8746
"30TVL1",1,14,7135,1,13,7134
"30TVL2",48,30,10476,23,7,10428
"30TVL3",11,30,9502,4,26,9491
"30TVL4",140,39,10987,15,24,10847
"30TVM1",3,27,9433,2,25,9430
"30TVM2",1,33,8532,1,32,8531
"30TVM3",21,31,9713,10,21,9692
"30TVM4",48,23,10186,13,10,10138
"30TVN1",3,51,13017,2,49,13014
"30TVN2",34,46,9350,5,41,9316
"30TVN3",14,44,11361,7,37,11347
"30TVN4",1,35,8233,1,34,8232
"30TVP2",49,38,3533,7,31,3484
"30TVP4",NA,37,3253,NA,NA,NA
"30TVT1",33,19,220,13,6,187
"30TVT3",346,44,3077,31,13,2731
"30TWK1",91,12,11811,8,4,11720
"30TWK3",1,16,15829,1,15,15828
"30TWL1",12,26,11072,4,22,11060
"30TWL2",65,16,12920,12,4,12855
"30TWL3",1,14,11365,1,13,11364
"30TWL4",9,16,14750,7,9,14741
"30TWM1",42,20,5223,3,17,5181
"30TWM2",1,29,9462,1,28,9461
"30TWM3",546,35,6377,11,24,5831
"30TWM4",382,17,10809,10,7,10427
"30TWN1",2,33,7604,1,32,7602
"30TWN2",171,28,6746,14,14,6575
"30TWN3",6138,41,5594,22,19,-544
"30TWN4",10447,35,5823,26,9,-4624
"30TWP2",1,10,1051,1,9,1050
"30TWP4",4,9,440,3,6,436
"30TWS3",125,34,1319,25,9,1194
"30TWS4",NA,3,4,NA,NA,NA
"30TWT1",427,49,10015,38,11,9588
"30TWT2",75,25,257,24,1,182
"30TWT3",543,47,13868,45,2,13325
"30TWT4",922,54,157192,44,10,156270
"30TXK1",89,27,12626,19,8,12537
"30TXK3",NA,8,10997,NA,NA,NA
"30TXL1",5,15,10169,3,12,10164
"30TXL2",NA,20,12689,NA,NA,NA
"30TXL3",1,18,10108,1,17,10107
"30TXL4",NA,11,11029,NA,NA,NA
"30TXM1",2664,19,6597,19,0,3933
"30TXM2",1516,27,8573,13,14,7057
"30TXM3",168,21,10618,8,13,10450
"30TXM4",1,28,5964,1,27,5963
"30TXN1",6382,47,5878,48,-1,-504
"30TXN2",8861,31,7665,23,8,-1196
"30TXN3",857,71,6606,53,18,5749
"30TXN4",1255,31,10877,22,9,9622
"30TXP1",142,43,2358,30,13,2216
"30TXP2",429,62,9782,45,17,9353
"30TXP3",317,50,3732,33,17,3415
"30TXP4",618,54,3228,36,18,2610
"30TXQ1",71,51,7492,26,25,7421
"30TXQ2",67,41,1749,26,15,1682
"30TXQ3",416,58,6515,32,26,6099
"30TXQ4",236,50,3842,33,17,3606
"30TXR1",333,41,1447,37,4,1114
"30TXR2",34,39,393,15,24,359
"30TXR3",1193,58,31117,54,4,29924
"30TXR4",544,54,5354,40,14,4810
"30TXS1",891,50,9180,33,17,8289
"30TXS2",1134,47,4333,45,2,3199
"30TXS3",439,50,48230,28,22,47791
"30TXS4",2229,59,104499,48,11,102270
"30TXT1",591,53,17691,44,9,17100
"30TXT2",672,53,17872,48,5,17200
"30TXT3",832,56,6634,49,7,5802
"30TXT4",280,53,28143,39,14,27863
"30TYK1",204,35,12793,28,7,12589
"30TYL1",5,19,11006,2,17,11001
"30TYL2",505,19,12342,14,5,11837
"30TYM1",585,25,9185,19,6,8600
"30TYM2",150,16,7968,7,9,7818
"30TYN1",2596,73,10831,63,10,8235
"30TYN2",1339,46,13379,48,-2,12040
"30TYP1",377,52,2189,44,8,1812
"30TYP2",700,50,4318,42,8,3618
"30TYQ1",336,49,4335,32,17,3999
"30TYQ2",519,52,1688,39,13,1169
"30TYR1",307,55,4736,36,19,4429
"30TYR2",365,54,4879,44,10,4514
"30TYS1",1008,59,27402,48,11,26394
"30TYS2",1257,62,59894,38,24,58637
"30TYT1",1470,53,7953,51,2,6483
"30TYT2",879,59,10547,55,4,9668
"30UUA2",1062,39,3060,35,4,1998
"30UUA3",1094,33,3577,36,-3,2483
"30UUA4",7,5,6,5,0,-1
"30UUB3",78,13,245,11,2,167
"30UUB4",735,34,1521,33,1,786
"30UUC3",5665,37,2420,33,4,-3245
"30UUC4",11734,37,4240,37,0,-7494
"30UUD1",5,NA,NA,2,NA,NA
"30UUD3",311,22,256,30,-8,-55
"30UUD4",3,NA,NA,3,NA,NA
"30UUE1",3,4,12,1,3,9
"30UUF1",198,21,3434,12,9,3236
"30UUF2",422,22,1902,17,5,1480
"30UUF3",361,30,33003,22,8,32642
"30UUG1",559,21,1504,25,-4,945
"30UUG2",253,14,61,26,-12,-192
"30UUG3",1624,30,31999,34,-4,30375
"30UUG4",768,28,7911,31,-3,7143
"30UUU3",305,43,7040,28,15,6735
"30UUU4",184,32,536,32,0,352
"30UVA1",2259,33,5701,36,-3,3442
"30UVB1",1005,32,1680,32,0,675
"30UVB2",1369,38,3640,37,1,2271
"30UVB3",1441,37,5518,40,-3,4077
"30UVB4",1826,40,7554,38,2,5728
"30UVC1",2582,36,3528,37,-1,946
"30UVC2",5141,40,12387,41,-1,7246
"30UVC3",4173,39,5124,37,2,951
"30UVC4",4659,40,19948,40,0,15289
"30UVD1",5978,36,7352,37,-1,1374
"30UVD2",2007,40,3389,36,4,1382
"30UVD3",4247,36,7694,35,1,3447
"30UVD4",4149,35,5521,37,-2,1372
"30UVE4",6154,37,7067,37,0,913
"30UVF1",686,35,57312,30,5,56626
"30UVF3",643,30,14529,32,-2,13886
"30UVF4",870,32,2428,31,1,1558
"30UVG1",2362,34,25731,34,0,23369
"30UVG2",1140,29,22574,30,-1,21434
"30UVG3",1663,32,44693,30,2,43030
"30UVG4",1072,32,33740,30,2,32668
"30UVU1",823,49,3458,41,8,2635
"30UVU2",586,54,4489,34,20,3903
"30UVU3",1027,55,15104,33,22,14077
"30UVU4",563,49,11600,39,10,11037
"30UVV4",104,27,388,21,6,284
"30UWA1",41,6,36,11,-5,-5
"30UWB1",6354,42,12428,41,1,6074
"30UWB2",2450,41,7588,38,3,5138
"30UWB3",2635,43,11545,40,3,8910
"30UWB4",3432,44,7422,41,3,3990
"30UWC1",1999,40,7548,40,0,5549
"30UWC2",9197,43,23267,40,3,14070
"30UWC3",1976,40,8736,39,1,6760
"30UWC4",4654,40,11148,40,0,6494
"30UWD1",4713,38,16380,36,2,11667
"30UWD2",3146,40,8596,40,0,5450
"30UWD3",9599,41,11818,39,2,2219
"30UWD4",1863,39,14526,37,2,12663
"30UWE1",1893,35,8720,33,2,6827
"30UWE2",13626,37,19839,40,-3,6213
"30UWE3",1288,34,7071,37,-3,5783
"30UWE4",6655,37,13212,38,-1,6557
"30UWF1",1056,32,4058,34,-2,3002
"30UWF2",1766,34,6490,33,1,4724
"30UWF3",1362,40,25509,34,6,24147
"30UWF4",915,31,4394,32,-1,3479
"30UWG1",2125,31,65148,29,2,63023
"30UWG2",842,30,14343,26,4,13501
"30UWG4",862,29,3718,30,-1,2856
"30UWU1",775,47,10457,38,9,9682
"30UWU2",553,48,35742,27,21,35189
"30UWU3",407,45,2684,34,11,2277
"30UWU4",462,49,13660,40,9,13198
"30UWV2",NA,4,22,NA,NA,NA
"30UWV3",519,45,870,44,1,351
"30UXB1",1641,39,29396,35,4,27755
"30UXB2",6850,40,15435,39,1,8585
"30UXB3",2483,46,25911,40,6,23428
"30UXB4",1152,44,13508,40,4,12356
"30UXC1",2337,38,4867,34,4,2530
"30UXC2",1666,44,12495,39,5,10829
"30UXC3",2357,37,11633,38,-1,9276
"30UXC4",2280,40,21453,42,-2,19173
"30UXD1",3002,40,18966,34,6,15964
"30UXD2",3068,39,23921,38,1,20853
"30UXD3",445,30,2905,29,1,2460
"30UXD4",3433,36,11015,39,-3,7582
"30UXE1",1859,33,7937,34,-1,6078
"30UXE2",10356,36,8716,37,-1,-1640
"30UXE3",910,25,5274,31,-6,4364
"30UXE4",737,31,2546,31,0,1809
"30UXF2",1689,33,7283,36,-3,5594
"30UXU1",742,43,1935,36,7,1193
"30UXU2",386,48,4611,35,13,4225
"30UXU3",663,48,55101,39,9,54438
"30UXU4",1026,54,42882,48,6,41856
"30UXV1",701,44,7613,37,7,6912
"30UXV2",1087,45,18218,44,1,17131
"30UXV3",410,40,1267,32,8,857
"30UXV4",826,47,22306,45,2,21480
"30UYU1",1035,50,9786,47,3,8751
"30UYU2",1018,48,2568,45,3,1550
"30VUH1",611,34,3902,29,5,3291
"30VUH2",508,29,1943,28,1,1435
"30VUH3",1307,29,1987,29,0,680
"30VUH4",1770,29,2952,30,-1,1182
"30VUJ1",1662,22,961,27,-5,-701
"30VUJ2",1418,21,584,24,-3,-834
"30VUJ3",965,26,523,27,-1,-442
"30VUJ4",1009,26,938,26,0,-71
"30VUK3",2197,20,257,26,-6,-1940
"30VUK4",1789,22,449,26,-4,-1340
"30VUL4",10,NA,NA,4,NA,NA
"30VVH1",2805,27,8628,30,-3,5823
"30VVH2",1734,32,18959,31,1,17225
"30VVH3",5849,33,42814,32,1,36965
"30VVH4",6464,35,51152,34,1,44688
"30VVJ1",3265,31,5974,30,1,2709
"30VVJ2",1565,32,3407,28,4,1842
"30VVJ3",2407,30,6857,29,1,4450
"30VVJ4",4997,31,7741,32,-1,2744
"30VVK1",763,20,185,23,-3,-578
"30VVK2",1286,29,1098,30,-1,-188
"30VVK3",766,20,329,28,-8,-437
"30VVK4",204,15,76,22,-7,-128
"30VVL4",344,15,625,17,-2,281
"30VWH1",2167,33,10354,31,2,8187
"30VWH2",2831,33,20241,30,3,17410
"30VWJ1",1885,40,8476,29,11,6591
"30VWJ2",3540,33,20047,34,-1,16507
"30VWJ3",1461,25,1537,25,0,76
"31SBC3",6,18,1055,5,13,1049
"31SBD4",26,20,255,9,11,229
"31SBE4",43,23,1190,14,9,1147
"31TBE3",91,35,6777,24,11,6686
"31TBF3",6,28,11388,2,26,11382
"31TBF4",82,40,9799,17,23,9717
"31TBG3",1353,23,9133,18,5,7780
"31TBG4",257,22,8462,7,15,8205
"31TBH3",1122,68,3845,46,22,2723
"31TBH4",1704,57,11258,42,15,9554
"31TBJ3",364,54,1556,42,12,1192
"31TBJ4",778,48,2462,39,9,1684
"31TBK3",490,49,2253,51,-2,1763
"31TBK4",462,54,11980,49,5,11518
"31TBL3",445,59,19758,44,15,19313
"31TBL4",611,54,2966,38,16,2355
"31TCF1",13,32,8240,8,24,8227
"31TCF2",29,23,2497,10,13,2468
"31TCF3",77,34,6826,25,9,6749
"31TCG1",43,41,10767,11,30,10724
"31TCG2",53,32,7190,19,13,7137
"31TCG3",258,52,12967,22,30,12709
"31TCG4",60,38,9420,26,12,9360
"31TCH1",1787,64,18557,54,10,16770
"31TCH2",572,59,31739,36,23,31167
"31TCH3",971,70,31456,53,17,30485
"31TCH4",1049,62,4670,56,6,3621
"31TCJ1",692,51,4116,49,2,3424
"31TCJ2",703,53,3899,33,20,3196
"31TCJ3",862,63,4457,57,6,3595
"31TCJ4",1067,70,10974,51,19,9907
"31TCK1",1273,59,4085,52,7,2812
"31TCK2",372,57,2541,39,18,2169
"31TCK3",929,63,4941,59,4,4012
"31TCK4",680,61,9406,47,14,8726
"31TCL1",1001,61,7039,42,19,6038
"31TCL2",2301,54,4068,56,-2,1767
"31TCL3",790,65,11236,48,17,10446
"31TCL4",914,60,8708,50,10,7794
"31TCM1",1558,61,27661,56,5,26103
"31TCM2",911,61,151888,40,21,150977
"31TCM3",1425,60,45426,58,2,44001
"31TCM4",460,65,43966,48,17,43506
"31TCN1",1214,58,16279,49,9,15065
"31TCN2",975,60,7172,46,14,6197
"31TCN3",1070,57,3809,52,5,2739
"31TCN4",963,56,4932,47,9,3969
"31TDF1",174,33,4099,27,6,3925
"31TDF3",2,8,53,2,6,51
"31TDG1",193,58,13433,50,8,13240
"31TDG2",322,45,10378,28,17,10056
"31TDG3",158,56,10135,35,21,9977
"31TDG4",44,41,8212,21,20,8168
"31TDH1",880,64,6212,55,9,5332
"31TDH2",7333,70,13640,71,-1,6307
"31TDH3",4750,65,103408,59,6,98658
"31TDH4",2488,64,36935,58,6,34447
"31TDJ1",1194,59,4117,55,4,2923
"31TDJ2",1342,60,48917,55,5,47575
"31TDJ3",460,57,11986,40,17,11526
"31TDJ4",4959,64,68793,65,-1,63834
"31TDK1",1140,62,10021,53,9,8881
"31TDK2",549,57,4297,50,7,3748
"31TDK3",1198,65,19623,52,13,18425
"31TDK4",419,63,14464,44,19,14045
"31TDL1",692,60,5891,44,16,5199
"31TDL2",859,66,7269,51,15,6410
"31TDL3",859,63,22391,49,14,21532
"31TDL4",1035,63,11822,53,10,10787
"31TDM1",1019,53,65033,54,-1,64014
"31TDM2",514,61,4230,43,18,3716
"31TDM3",2143,54,28418,54,0,26275
"31TDM4",589,55,4248,49,6,3659
"31TDN1",1059,54,2052,52,2,993
"31TDN2",960,63,20565,53,10,19605
"31TDN3",1527,50,5768,50,0,4241
"31TDN4",1765,55,6040,53,2,4275
"31TEG1",444,44,4401,33,11,3957
"31TEG2",2,19,1126,2,17,1124
"31TEH1",1125,53,3387,40,13,2262
"31TEH2",819,45,1027,48,-3,208
"31TEJ1",5371,68,26200,61,7,20829
"31TEJ2",1146,59,5713,54,5,4567
"31TEJ3",2168,60,7985,54,6,5817
"31TEJ4",1612,62,12629,48,14,11017
"31TEK1",623,59,4964,48,11,4341
"31TEK2",4258,64,23115,59,5,18857
"31TEK3",1106,65,17483,49,16,16377
"31TEK4",3212,68,23445,65,3,20233
"31TEL1",2511,63,24322,52,11,21811
"31TEL2",1562,64,10615,55,9,9053
"31TEL3",1198,64,5661,50,14,4463
"31TEL4",597,53,3855,41,12,3258
"31TEM1",5651,57,5571,61,-4,-80
"31TEM2",1648,53,5488,58,-5,3840
"31TEM3",4664,50,11154,56,-6,6490
"31TEM4",2782,52,21087,50,2,18305
"31TEN1",5654,55,7664,57,-2,2010
"31TEN2",10286,55,5067,56,-1,-5219
"31TEN3",4789,50,9106,57,-7,4317
"31TEN4",7098,57,6861,61,-4,-237
"31TFH1",NA,1,1,NA,NA,NA
"31TFJ1",3696,58,9598,57,1,5902
"31TFJ2",5873,53,11266,54,-1,5393
"31TFJ3",3404,55,8885,60,-5,5481
"31TFJ4",3586,61,11684,55,6,8098
"31TFK1",2499,67,11252,56,11,8753
"31TFK2",2447,65,11667,58,7,9220
"31TFK3",2050,74,5926,64,10,3876
"31TFK4",2210,62,3006,56,6,796
"31TFL1",1559,66,5426,57,9,3867
"31TFL2",1753,64,4718,55,9,2965
"31TFL3",4976,70,9921,65,5,4945
"31TFL4",1285,66,94253,51,15,92968
"31TFM1",6060,57,4954,60,-3,-1106
"31TFM2",4557,56,2551,61,-5,-2006
"31TFM3",5092,66,9610,60,6,4518
"31TFM4",1682,63,4086,59,4,2404
"31TFN1",6952,64,39737,58,6,32785
"31TFN2",9202,61,16943,61,0,7741
"31TFN3",4140,61,20407,56,5,16267
"31TFN4",8406,58,7265,58,0,-1141
"31TGH1",1669,47,24166,46,1,22497
"31TGJ1",1582,57,5008,56,1,3426
"31TGJ2",2418,63,44301,52,11,41883
"31TGK1",5167,70,6767,66,4,1600
"31TGK2",1379,65,5752,59,6,4373
"31TGL1",2362,74,8547,53,21,6185
"31TGL2",1523,70,7740,50,20,6217
"31TGM1",6610,73,23152,70,3,16542
"31TGM2",13397,77,46095,73,4,32698
"31TGN1",4044,63,9167,54,9,5123
"31TGN2",3234,64,15710,66,-2,12476
"31UCP1",963,51,12817,45,6,11854
"31UCP2",1068,48,2370,49,-1,1302
"31UCP3",373,49,89959,31,18,89586
"31UCP4",1090,52,13541,46,6,12451
"31UCQ1",3137,47,4397,51,-4,1260
"31UCQ2",1848,40,685,46,-6,-1163
"31UCQ3",2846,40,1633,47,-7,-1213
"31UCQ4",1463,47,2630,44,3,1167
"31UCR2",936,34,1585,36,-2,649
"31UCR4",2816,60,56081,47,13,53265
"31UCS1",3043,41,22193,43,-2,19150
"31UCS2",726,38,9605,34,4,8879
"31UCS3",1049,36,9204,35,1,8155
"31UCS4",90,29,369,24,5,279
"31UCT1",4778,36,15623,39,-3,10845
"31UCT2",2162,38,10575,38,0,8413
"31UCT3",13002,36,11078,39,-3,-1924
"31UCT4",628,35,1809,28,7,1181
"31UCU1",2836,30,2297,32,-2,-539
"31UCU2",7914,35,7878,36,-1,-36
"31UCU3",4917,30,2886,36,-6,-2031
"31UCU4",9782,34,10490,38,-4,708
"31UCV2",277,21,423,24,-3,146
"31UDP1",1576,55,32492,47,8,30916
"31UDP2",501,50,19671,29,21,19170
"31UDP3",2380,60,23006,51,9,20626
"31UDP4",776,53,3750,35,18,2974
"31UDQ1",1404,55,33818,45,10,32414
"31UDQ2",2742,59,25421,55,4,22679
"31UDQ3",2276,62,40408,44,18,38132
"31UDQ4",1977,64,21024,51,13,19047
"31UDR1",2064,53,72283,50,3,70219
"31UDR2",2180,55,107471,50,5,105291
"31UDR3",797,49,14055,45,4,13258
"31UDR4",1404,56,56575,44,12,55171
"31UDS2",1506,56,35261,48,8,33755
"31UDS3",949,28,2809,30,-2,1860
"31UDS4",964,45,8238,46,-1,7274
"31UDU1",3,6,8,3,3,5
"31UDU2",2458,32,2966,36,-4,508
"31UEP1",1881,51,5179,51,0,3298
"31UEP2",4199,51,16857,47,4,12658
"31UEP3",862,52,40796,40,12,39934
"31UEP4",3038,56,2974,52,4,-64
"31UEQ1",1316,58,30885,50,8,29569
"31UEQ2",1069,57,16895,44,13,15826
"31UEQ3",1047,55,34535,54,1,33488
"31UEQ4",1415,55,83344,53,2,81929
"31UER1",939,50,70128,45,5,69189
"31UER2",571,54,123181,37,17,122610
"31UER3",1220,44,1640,48,-4,420
"31UER4",884,59,104858,47,12,103974
"31UES1",866,38,18073,28,10,17207
"31UES2",554,33,4769,35,-2,4215
"31UES3",3123,47,38005,42,5,34882
"31UES4",1664,33,6455,41,-8,4791
"31UET2",53,34,15640,15,19,15587
"31UET3",270,47,83194,27,20,82924
"31UET4",121,43,66063,24,19,65942
"31UFP1",2693,52,5404,54,-2,2711
"31UFP2",3463,55,10489,57,-2,7026
"31UFP3",1325,59,116338,54,5,115013
"31UFP4",1831,62,23234,51,11,21403
"31UFQ1",1541,58,34635,53,5,33094
"31UFQ2",1465,53,95307,47,6,93842
"31UFQ3",4282,61,5585,56,5,1303
"31UFQ4",2749,57,17234,53,4,14485
"31UFR1",3849,33,3560,52,-19,-289
"31UFR2",2782,55,10656,53,2,7874
"31UFR3",8003,40,5478,55,-15,-2525
"31UFR4",4339,55,6238,57,-2,1899
"31UFS1",16142,38,23364,42,-4,7222
"31UFS2",3537,31,6697,49,-18,3160
"31UFS3",1951,52,62486,43,9,60535
"31UFS4",5411,56,68623,51,5,63212
"31UFT1",455,46,100954,40,6,100499
"31UFT2",503,48,108908,32,16,108405
"31UFT3",478,49,168175,37,12,167697
"31UFT4",396,49,121255,29,20,120859
"31UFU1",52,39,26581,11,28,26529
"31UFU2",132,44,87362,18,26,87230
"31UFU3",122,40,40106,17,23,39984
"31UFU4",462,41,45289,30,11,44827
"31UFV4",26,34,8382,11,23,8356
"31UGP1",1823,47,3519,54,-7,1696
"31UGP2",1223,53,5979,47,6,4756
"31VFE3",161,28,1013,16,12,852
"31VFF1",59,24,1044,13,11,985
"31VFF2",17,18,325,8,10,308
"31VFF3",183,31,1084,17,14,901
"31VFF4",462,33,3316,27,6,2854
"31VFG1",620,30,1827,26,4,1207
"31VFG2",341,27,2743,18,9,2402
"31VFH1",169,20,283,14,6,114
"31VFH2",739,29,1744,27,2,1005
"31VFJ1",570,23,886,22,1,316
"31VFJ2",255,24,457,21,3,202
"31VFK2",400,21,412,17,4,12
"32TKN3",720,45,6167,49,-4,5447
"32TKP3",1673,65,8790,61,4,7117
"32TKP4",1402,63,10229,53,10,8827
"32TKQ3",44603,70,36697,69,1,-7906
"32TKQ4",6197,72,17515,69,3,11318
"32TKR3",1194,63,4068,53,10,2874
"32TKR4",597,62,3450,42,20,2853
"32TLN1",32,25,245,8,17,213
"32TLP1",2351,66,18935,65,1,16584
"32TLP2",1573,58,9139,56,2,7566
"32TLP3",1804,67,10091,62,5,8287
"32TLP4",303,40,2286,30,10,1983
"32TLQ1",6273,59,22872,59,0,16599
"32TLQ2",2572,54,20545,59,-5,17973
"32TLQ3",7,45,1721,4,41,1714
"32TLQ4",1,35,341,1,34,340
"32TLR1",3316,62,3611,59,3,295
"32TLR2",12987,65,8516,59,6,-4471
"32TLR3",1156,37,3125,44,-7,1969
"32TLR4",756,37,2369,12,25,1613
"32TLS1",13436,68,28460,66,2,15024
"32TLS2",12594,75,15500,77,-2,2906
"32TLS3",7145,63,21643,64,-1,14498
"32TLS4",10715,67,16285,71,-4,5570
"32TLT1",2359,62,10726,61,1,8367
"32TLT2",11507,67,14092,67,0,2585
"32TLT3",5789,58,9780,62,-4,3991
"32TLT4",10163,60,35496,64,-4,25333
"32TMP1",8,32,196,4,28,188
"32TMP3",NA,6,13,NA,NA,NA
"32TMQ1",5,29,948,5,24,943
"32TMQ2",1,37,625,1,36,624
"32TMQ3",1,29,315,1,28,314
"32TMQ4",31,35,569,8,27,538
"32TMR1",188,36,1008,24,12,820
"32TMR2",3,29,308,3,26,305
"32TMR3",1827,51,1470,53,-2,-357
"32TMR4",NA,21,218,NA,NA,NA
"32TMS1",3028,61,12768,61,0,9740
"32TMS2",6451,60,5300,62,-2,-1151
"32TMS3",3473,59,7007,62,-3,3534
"32TMS4",5047,60,6980,67,-7,1933
"32TMT1",3882,54,5997,54,0,2115
"32TMT2",7538,58,12304,60,-2,4766
"32TMT3",14306,56,12084,56,0,-2222
"32TMT4",12403,58,12591,63,-5,188
"32TNP1",NA,5,14,NA,NA,NA
"32TNP3",15,25,112,2,23,97
"32TNQ1",1,26,321,1,25,320
"32TNQ2",4,30,373,4,26,369
"32TNQ3",NA,22,130,NA,NA,NA
"32TNQ4",2,18,89,2,16,87
"32TNR1",811,37,839,49,-12,28
"32TNR2",NA,21,315,NA,NA,NA
"32TNR3",9,29,448,1,28,439
"32TNR4",NA,24,243,NA,NA,NA
"32TNS1",5950,66,8579,60,6,2629
"32TNS2",4891,54,3801,68,-14,-1090
"32TNS3",5596,55,7193,52,3,1597
"32TNS4",1885,49,2794,53,-4,909
"32TNT1",4200,53,7197,52,1,2997
"32TNT2",5975,65,11162,66,-1,5187
"32TNT3",2923,48,1146,23,25,-1777
"32TNT4",443,45,1906,25,20,1463
"32TPM3",2,8,21,2,6,19
"32TPN1",NA,18,70,NA,NA,NA
"32TPN2",NA,12,22,NA,NA,NA
"32TPN3",4,25,316,3,22,312
"32TPN4",13,29,232,4,25,219
"32TPP1",2,36,176,2,34,174
"32TPP2",13,23,153,7,16,140
"32TPP3",4,30,193,3,27,189
"32TPP4",24,18,234,15,3,210
"32TPQ1",NA,29,340,NA,NA,NA
"32TPQ2",NA,17,112,NA,NA,NA
"32TPQ3",NA,16,97,NA,NA,NA
"32TPQ4",10,23,188,5,18,178
"32TPR1",48,37,659,10,27,611
"32TPR2",1,31,272,1,30,271
"32TPR3",25,38,1748,11,27,1723
"32TPR4",NA,22,159,NA,NA,NA
"32TPS1",2432,46,1867,44,2,-565
"32TPS2",363,30,892,15,15,529
"32TPS3",8,34,436,6,28,428
"32TPS4",65,46,1083,7,39,1018
"32TPT1",64,39,1209,28,11,1145
"32TPT2",49,27,971,11,16,922
"32TPT3",25,40,1236,12,28,1211
"32TPT4",7,38,1251,4,34,1244
"32TQM1",NA,14,41,NA,NA,NA
"32TQN1",3,16,76,2,14,73
"32TQN2",2,23,189,2,21,187
"32TQP1",NA,25,170,NA,NA,NA
"32TQP2",1,22,100,1,21,99
"32TQQ1",NA,18,231,NA,NA,NA
"32TQQ2",NA,17,66,NA,NA,NA
"32TQR1",NA,24,144,NA,NA,NA
"32TQR2",NA,20,68,NA,NA,NA
"32TQS1",61,34,696,26,8,635
"32TQS2",3,35,704,3,32,701
"32TQT1",23,37,1226,16,21,1203
"32TQT2",634,41,1186,41,0,552
"32ULA1",523,49,4732,43,6,4209
"32ULA2",4935,54,10621,55,-1,5686
"32ULA3",2,54,2357,2,52,2355
"32ULA4",12,47,2299,8,39,2287
"32ULB1",1470,52,25487,35,17,24017
"32ULB2",304,54,10455,38,16,10151
"32ULB3",214,52,7009,30,22,6795
"32ULB4",38,60,5874,11,49,5836
"32ULC1",304,47,65232,35,12,64928
"32ULC2",83,49,14071,14,35,13988
"32ULC3",27,52,12482,11,41,12455
"32ULC4",3,54,9165,2,52,9162
"32ULD1",109,46,89509,21,25,89400
"32ULD2",296,49,78066,28,21,77770
"32ULD3",22,40,24840,7,33,24818
"32ULD4",15,49,9093,7,42,9078
"32ULE2",16,36,20586,11,25,20570
"32ULE4",3,36,3588,2,34,3585
"32ULU1",1173,48,2630,46,2,1457
"32ULU2",870,58,3196,47,11,2326
"32ULU3",2012,59,8057,46,13,6045
"32ULU4",2170,63,8191,53,10,6021
"32ULV1",2854,56,28046,59,-3,25192
"32ULV2",2587,56,14762,54,2,12175
"32ULV3",122,45,2701,14,31,2579
"32ULV4",1279,46,3850,51,-5,2571
"32UMA1",21,54,4720,7,47,4699
"32UMA2",45,53,8077,20,33,8032
"32UMA3",19,59,7450,15,44,7431
"32UMA4",17,57,16680,10,47,16663
"32UMB1",197,41,993,19,22,796
"32UMB2",27,45,1841,17,28,1814
"32UMB3",10,43,1616,4,39,1606
"32UMB4",32,52,3199,16,36,3167
"32UMC1",1,51,6423,1,50,6422
"32UMC2",35,51,3752,17,34,3717
"32UMC3",44,51,4426,6,45,4382
"32UMC4",14,41,1219,6,35,1205
"32UMD1",2,42,1538,1,41,1536
"32UMD2",7,46,2222,5,41,2215
"32UMD3",49,37,3280,10,27,3231
"32UMD4",NA,34,1663,NA,NA,NA
"32UME1",6,17,314,2,15,308
"32UME2",2,39,710,1,38,708
"32UME3",NA,34,1179,NA,NA,NA
"32UME4",11,36,2158,3,33,2147
"32UMF3",179,38,2448,20,18,2269
"32UMF4",NA,19,588,NA,NA,NA
"32UMG1",2465,26,1976,18,8,-489
"32UMG3",1762,38,7090,28,10,5328
"32UMG4",449,39,3775,31,8,3326
"32UMU1",598,57,4611,34,23,4013
"32UMU2",56,52,1575,7,45,1519
"32UMU3",28,36,812,8,28,784
"32UMU4",1,35,692,1,34,691
"32UMV1",61,56,9028,11,45,8967
"32UMV2",610,58,6619,38,20,6009
"32UMV3",20,52,6653,17,35,6633
"32UMV4",NA,45,3631,NA,NA,NA
"32UNA1",71,46,1270,19,27,1199
"32UNA2",40,37,1742,13,24,1702
"32UNA3",141,42,1640,26,16,1499
"32UNA4",1002,50,5439,34,16,4437
"32UNB1",10,50,3741,4,46,3731
"32UNB2",3,47,2076,3,44,2073
"32UNB3",29,48,2194,9,39,2165
"32UNB4",NA,38,519,NA,NA,NA
"32UNC1",26,54,2053,9,45,2027
"32UNC2",6,51,1386,6,45,1380
"32UNC3",201,58,9137,20,38,8936
"32UNC4",9,53,2972,4,49,2963
"32UND1",2,33,896,2,31,894
"32UND2",20,42,3194,11,31,3174
"32UND3",58,46,1728,5,41,1670
"32UND4",64,49,7787,22,27,7723
"32UNE1",NA,36,1062,NA,NA,NA
"32UNE2",NA,33,1471,NA,NA,NA
"32UNE3",94,42,4198,25,17,4104
"32UNE4",113,49,7931,27,22,7818
"32UNF1",282,45,3009,21,24,2727
"32UNF2",18,38,1087,8,30,1069
"32UNF3",137,35,1549,22,13,1412
"32UNF4",16,43,3018,12,31,3002
"32UNG1",1058,42,13934,31,11,12876
"32UNG2",750,39,3414,29,10,2664
"32UNG3",1213,37,6809,31,6,5596
"32UNU1",22,38,1588,9,29,1566
"32UNU2",3,36,715,3,33,712
"32UNU3",21,37,985,12,25,964
"32UNU4",8,36,448,8,28,440
"32UNV1",7,29,363,7,22,356
"32UNV2",26,46,5148,9,37,5122
"32UNV3",7,31,256,7,24,249
"32UNV4",30,38,2707,18,20,2677
"32UPA1",18,38,939,10,28,921
"32UPA2",47,36,686,13,23,639
"32UPA3",27,42,778,10,32,751
"32UPA4",99,42,1221,19,23,1122
"32UPB1",5,40,745,5,35,740
"32UPB2",NA,27,749,NA,NA,NA
"32UPB3",16,30,496,11,19,480
"32UPB4",19,54,2216,7,47,2197
"32UPC1",170,49,2349,19,30,2179
"32UPC2",2,53,1585,2,51,1583
"32UPC3",2,32,524,1,31,522
"32UPC4",5,35,934,4,31,929
"32UPD1",NA,41,1537,NA,NA,NA
"32UPD2",1,38,1284,1,37,1283
"32UPD3",6,42,871,6,36,865
"32UPD4",23,22,149,6,16,126
"32UPE1",20,41,2446,10,31,2426
"32UPE2",19,41,1639,13,28,1620
"32UPE3",1,35,674,1,34,673
"32UPE4",9,27,531,5,22,522
"32UPF2",97,35,1080,8,27,983
"32UPF4",9,24,231,5,19,222
"32UPU1",152,36,869,30,6,717
"32UPU2",23,25,427,9,16,404
"32UPU3",96,29,739,18,11,643
"32UPU4",87,41,3360,27,14,3273
"32UPV1",52,32,1647,17,15,1595
"32UPV2",24,38,1555,14,24,1531
"32UPV3",73,53,1738,15,38,1665
"32UPV4",65,35,509,20,15,444
"32UQU1",83,29,569,13,16,486
"32UQU2",40,38,743,13,25,703
"32VLK3",571,26,827,27,-1,256
"32VLK4",560,25,1282,28,-3,722
"32VLL3",103,15,185,16,-1,82
"32VLL4",119,24,545,18,6,426
"32VLM3",195,21,304,21,0,109
"32VLM4",221,26,766,22,4,545
"32VLN3",169,27,505,23,4,336
"32VLN4",414,27,352,20,7,-62
"32VLP3",358,22,248,27,-5,-110
"32VLP4",111,17,653,19,-2,542
"32VLQ3",193,13,196,14,-1,3
"32VLQ4",1156,28,1025,23,5,-131
"32VMH1",30,11,111,11,0,81
"32VMH2",85,19,332,17,2,247
"32VMH3",954,32,4469,29,3,3515
"32VMH4",732,36,4821,24,12,4089
"32VMK1",948,29,1082,27,2,134
"32VMK2",1025,31,2517,32,-1,1492
"32VMK3",1566,28,1478,27,1,-88
"32VMK4",102,22,186,18,4,84
"32VML1",293,22,651,22,0,358
"32VML2",378,22,391,25,-3,13
"32VML3",315,25,1039,26,-1,724
"32VML4",1041,23,455,30,-7,-586
"32VMM1",152,15,213,17,-2,61
"32VMM2",211,24,412,22,2,201
"32VMM3",216,21,271,22,-1,55
"32VMM4",141,22,681,23,-1,540
"32VMN1",249,23,392,21,2,143
"32VMN2",244,17,252,21,-4,8
"32VMN3",347,25,438,18,7,91
"32VMN4",539,31,2194,27,4,1655
"32VMP1",415,22,520,21,1,105
"32VMP2",112,24,180,22,2,68
"32VMP3",1080,24,1003,20,4,-77
"32VMP4",362,20,278,22,-2,-84
"32VMQ1",996,27,1383,26,1,387
"32VMQ2",1211,29,681,28,1,-530
"32VMQ3",1181,31,3100,31,0,1919
"32VMQ4",1647,20,693,26,-6,-954
"32VMR4",667,23,670,22,1,3
"32VNH1",966,37,4699,31,6,3733
"32VNH2",923,40,7619,29,11,6696
"32VNH3",838,37,4704,32,5,3866
"32VNH4",1062,39,14603,34,5,13541
"32VNJ2",3864,30,4631,28,2,767
"32VNJ4",1114,39,7031,34,5,5917
"32VNK1",37,11,54,17,-6,17
"32VNL1",571,31,2313,28,3,1742
"32VNL2",437,30,1773,24,6,1336
"32VNL3",1632,39,6668,30,9,5036
"32VNL4",306,30,719,23,7,413
"32VNM1",308,26,665,31,-5,357
"32VNM2",523,31,1340,30,1,817
"32VNM3",1228,36,3994,31,5,2766
"32VNM4",2116,39,13175,34,5,11059
"32VNN1",1772,27,905,24,3,-867
"32VNN2",321,25,1239,27,-2,918
"32VNN3",941,37,2545,36,1,1604
"32VNN4",495,28,2011,27,1,1516
"32VNP1",1833,25,2006,29,-4,173
"32VNP2",480,29,1634,26,3,1154
"32VNP3",1116,27,597,24,3,-519
"32VNP4",1784,30,865,33,-3,-919
"32VNQ1",397,26,2616,28,-2,2219
"32VNQ2",3161,30,2601,28,2,-560
"32VNQ3",835,29,2360,25,4,1525
"32VNQ4",2094,18,1602,21,-3,-492
"32VNR1",340,26,3736,23,3,3396
"32VNR2",487,26,1519,29,-3,1032
"32VNR3",514,26,999,29,-3,485
"32VNR4",1616,35,9246,34,1,7630
"32VPH1",383,30,1522,26,4,1139
"32VPH2",185,33,1168,25,8,983
"32VPK3",421,43,4280,32,11,3859
"32VPK4",192,46,10772,29,17,10580
"32VPL1",968,38,5183,33,5,4215
"32VPL2",396,34,1588,27,7,1192
"32VPL3",205,40,691,30,10,486
"32VPL4",121,37,765,29,8,644
"32VPM1",1521,41,5158,34,7,3637
"32VPM2",2649,42,9443,35,7,6794
"32VPN1",1286,38,2420,33,5,1134
"32VPN2",1073,31,3962,31,0,2889
"32VPP1",531,23,269,28,-5,-262
"32VPP2",827,26,561,31,-5,-266
"32VPQ1",421,28,1025,22,6,604
"32VPQ2",469,29,1422,26,3,953
"32VPR1",515,33,1663,25,8,1148
"32VPR2",362,28,1690,29,-1,1328
"32WNS2",28,5,36,4,1,8
"32WNS3",105,16,95,18,-2,-10
"32WNS4",342,15,165,17,-2,-177
"32WPS1",498,20,585,16,4,87
"32WPS2",798,25,1231,24,1,433
"32WPT2",173,12,169,10,2,-4
"33SWC3",NA,4,7,NA,NA,NA
"33SWC4",3,9,14,2,7,11
"33SWD3",NA,4,4,NA,NA,NA
"33SWD4",NA,5,6,NA,NA,NA
"33SWE2",NA,4,6,NA,NA,NA
"33SWE4",NA,17,30,NA,NA,NA
"33SXC1",4,7,28,2,5,24
"33SXC2",NA,1,1,NA,NA,NA
"33SXD1",NA,7,10,NA,NA,NA
"33SXD2",NA,13,35,NA,NA,NA
"33SXD3",NA,3,3,NA,NA,NA
"33SXD4",NA,6,8,NA,NA,NA
"33SXE2",NA,10,18,NA,NA,NA
"33TTF3",NA,1,2,NA,NA,NA
"33TTG3",NA,24,169,NA,NA,NA
"33TTG4",9,22,303,5,17,294
"33TTH3",NA,18,71,NA,NA,NA
"33TTH4",1,19,70,1,18,69
"33TTJ3",NA,23,136,NA,NA,NA
"33TTJ4",NA,15,29,NA,NA,NA
"33TTK3",NA,14,286,NA,NA,NA
"33TTK4",1,14,47,1,13,46
"33TTL3",NA,21,117,NA,NA,NA
"33TTL4",2,12,142,2,10,140
"33TUF1",NA,14,59,NA,NA,NA
"33TUF3",NA,13,38,NA,NA,NA
"33TUG1",4,25,99,3,22,95
"33TUG2",NA,23,200,NA,NA,NA
"33TUG3",43,19,87,7,12,44
"33TUG4",NA,24,195,NA,NA,NA
"33TUH1",NA,15,80,NA,NA,NA
"33TUH2",NA,18,39,NA,NA,NA
"33TUH3",NA,10,57,NA,NA,NA
"33TUH4",1,22,88,1,21,87
"33TUJ1",1,11,19,1,10,18
"33TUJ2",NA,20,108,NA,NA,NA
"33TUJ4",NA,11,34,NA,NA,NA
"33TUK3",16,4,6,14,-10,-10
"33TUL1",NA,26,1815,NA,NA,NA
"33TUL2",NA,6,19,NA,NA,NA
"33TUL3",10,28,4795,10,18,4785
"33TUL4",49,12,64,17,-5,15
"33TUM1",582,31,1402,57,-26,820
"33TUM2",9,40,3496,2,38,3487
"33TUM3",163,33,1068,43,-10,905
"33TUM4",35,34,3534,12,22,3499
"33TUN1",1208,45,4859,59,-14,3651
"33TUN2",2629,42,7851,58,-16,5222
"33TUN3",1617,57,7344,65,-8,5727
"33TUN4",2186,46,2798,60,-14,612
"33TVE1",7,4,4,2,2,-3
"33TVE3",NA,5,7,NA,NA,NA
"33TVF1",1,19,75,1,18,74
"33TVF2",2,17,39,2,15,37
"33TVF3",NA,23,88,NA,NA,NA
"33TVF4",2,11,42,1,10,40
"33TVG1",24,18,108,7,11,84
"33TVG2",25,28,391,6,22,366
"33TVG3",NA,8,26,NA,NA,NA
"33TVG4",NA,19,91,NA,NA,NA
"33TVH1",NA,3,3,NA,NA,NA
"33TVH2",NA,4,7,NA,NA,NA
"33TVK1",11,20,82,10,10,71
"33TVK3",74,17,84,25,-8,10
"33TVK4",7,8,37,6,2,30
"33TVL1",98,34,2424,30,4,2326
"33TVL2",114,24,250,26,-2,136
"33TVL3",91,35,742,25,10,651
"33TVL4",83,21,179,27,-6,96
"33TVM1",89,42,510,39,3,421
"33TVM2",122,26,496,25,1,374
"33TVM3",14,24,169,9,15,155
"33TVM4",120,34,236,26,8,116
"33TVN1",982,40,1740,40,0,758
"33TVN2",329,33,412,49,-16,83
"33TVN3",1810,47,6571,36,11,4761
"33TVN4",13,32,280,2,30,267
"33TWE1",10,14,33,2,12,23
"33TWE3",NA,17,47,NA,NA,NA
"33TWF1",NA,10,18,NA,NA,NA
"33TWF2",23,11,15,4,7,-8
"33TWF3",NA,3,5,NA,NA,NA
"33TWF4",NA,8,10,NA,NA,NA
"33TWG1",NA,1,1,NA,NA,NA
"33TWG2",NA,5,5,NA,NA,NA
"33TWG4",3,13,29,2,11,26
"33TWJ1",26,9,13,9,0,-13
"33TWJ3",13,20,59,7,13,46
"33TWJ4",8,5,23,6,-1,15
"33TWK1",64,16,68,24,-8,4
"33TWK2",34,15,62,18,-3,28
"33TWK3",9,11,25,7,4,16
"33TWK4",22,8,10,14,-6,-12
"33TWL1",62,26,333,17,9,271
"33TWL2",48,28,88,22,6,40
"33TWL3",106,23,139,35,-12,33
"33TWL4",13,15,415,9,6,402
"33TWM1",37,44,645,17,27,608
"33TWM2",46,14,30,19,-5,-16
"33TWM3",53,39,500,19,20,447
"33TWM4",46,23,63,18,5,17
"33TWN1",7,23,419,6,17,412
"33TWN2",2,57,1464,1,56,1462
"33TWN3",NA,33,381,NA,NA,NA
"33TWN4",4,37,649,2,35,645
"33TXE1",NA,11,36,NA,NA,NA
"33TXE3",NA,8,23,NA,NA,NA
"33TXF1",NA,4,5,NA,NA,NA
"33TXF2",NA,12,56,NA,NA,NA
"33TXF3",NA,2,3,NA,NA,NA
"33TXF4",NA,8,34,NA,NA,NA
"33TXH3",32,14,198,9,5,166
"33TXJ1",49,10,13,20,-10,-36
"33TXJ2",46,18,61,18,0,15
"33TXJ3",52,7,8,23,-16,-44
"33TXJ4",27,16,76,15,1,49
"33TXK1",1,2,4,1,1,3
"33TXK2",19,3,3,12,-9,-16
"33TXK3",2,6,7,2,4,5
"33TXK4",24,1,1,18,-17,-23
"33TXL1",21,17,88,17,0,67
"33TXL2",45,13,98,18,-5,53
"33TXL3",18,5,8,15,-10,-10
"33TXL4",50,11,46,20,-9,-4
"33TXM1",650,10,16,15,-5,-634
"33TXM2",51,16,41,21,-5,-10
"33TXM3",609,12,43,17,-5,-566
"33TXM4",18,7,13,5,2,-5
"33TXN1",46,44,1898,19,25,1852
"33TXN2",4,21,85,1,20,81
"33TXN3",38,20,513,8,12,475
"33TXN4",2,6,7,2,4,5
"33TYE1",NA,11,75,NA,NA,NA
"33TYF2",NA,4,6,NA,NA,NA
"33TYH1",31,6,17,13,-7,-14
"33TYH2",8,2,4,6,-4,-4
"33TYJ1",18,1,1,12,-11,-17
"33TYJ2",44,6,12,20,-14,-32
"33TYK1",17,2,2,15,-13,-15
"33TYK2",13,3,6,11,-8,-7
"33TYL1",21,6,9,17,-11,-12
"33TYL2",42,18,50,23,-5,8
"33TYM1",106,12,81,12,0,-25
"33TYM2",13,14,25,6,8,12
"33TYN1",4,9,15,3,6,11
"33TYN2",10,12,46,7,5,36
"33UUA2",8,34,1283,4,30,1275
"33UUA4",6,31,982,4,27,976
"33UUB3",1740,47,16719,40,7,14979
"33UUB4",365,36,3152,27,9,2787
"33UUP1",16,27,253,7,20,237
"33UUP2",329,53,4203,46,7,3874
"33UUP3",94,39,872,25,14,778
"33UUP4",624,48,3836,56,-8,3212
"33UUQ1",59,21,172,17,4,113
"33UUQ2",20,32,728,8,24,708
"33UUQ3",2,15,37,2,13,35
"33UUQ4",58,43,518,15,28,460
"33UUR1",13,26,223,11,15,210
"33UUR2",35,18,148,10,8,113
"33UUR3",5,17,55,3,14,50
"33UUR4",NA,16,64,NA,NA,NA
"33UUS1",2,50,3641,1,49,3639
"33UUS2",4,37,720,3,34,716
"33UUS3",10,24,277,6,18,267
"33UUS4",3,39,801,3,36,798
"33UUT1",1,34,1029,1,33,1028
"33UUT2",3,38,1351,1,37,1348
"33UUT3",23,33,530,12,21,507
"33UUT4",NA,35,354,NA,NA,NA
"33UUU1",1,19,210,1,18,209
"33UUU2",12,39,1187,8,31,1175
"33UUU3",71,35,591,20,15,520
"33UUU4",263,50,13956,23,27,13693
"33UUV1",47,39,1054,9,30,1007
"33UUV2",1,35,653,1,34,652
"33UUV3",5,32,513,5,27,508
"33UUV4",12,30,1251,4,26,1239
"33UVA2",1,28,387,1,27,386
"33UVB1",2334,52,12390,45,7,10056
"33UVB2",64,35,1591,17,18,1527
"33UVP1",492,46,1167,33,13,675
"33UVP2",936,49,1223,61,-12,287
"33UVP3",217,39,816,25,14,599
"33UVP4",2924,49,1431,60,-11,-1493
"33UVQ1",8,15,28,4,11,20
"33UVQ2",30,19,67,7,12,37
"33UVQ3",3,6,24,2,4,21
"33UVQ4",32,25,228,12,13,196
"33UVR1",2,23,169,1,22,167
"33UVR2",3,30,274,2,28,271
"33UVR3",5,32,709,3,29,704
"33UVR4",16,39,826,9,30,810
"33UVS1",NA,36,1435,NA,NA,NA
"33UVS2",1,40,597,1,39,596
"33UVS3",5,37,900,3,34,895
"33UVS4",3,31,195,2,29,192
"33UVT1",6,29,926,5,24,920
"33UVT2",NA,29,518,NA,NA,NA
"33UVT3",19,26,260,12,14,241
"33UVT4",26,25,494,16,9,468
"33UVU1",27,40,988,14,26,961
"33UVU2",168,51,3317,32,19,3149
"33UVU3",13,21,213,4,17,200
"33UVU4",28,33,342,21,12,314
"33UVV1",6,29,431,4,25,425
"33UVV2",7,26,444,6,20,437
"33UVV3",567,22,119,17,5,-448
"33UVV4",58,36,274,23,13,216
"33UWA2",3,7,8,3,4,5
"33UWA4",3,13,41,3,10,38
"33UWP1",19,31,396,6,25,377
"33UWP2",20,34,432,11,23,412
"33UWP3",6,42,1088,4,38,1082
"33UWP4",36,43,2069,17,26,2033
"33UWQ1",NA,21,111,NA,NA,NA
"33UWQ2",1,17,70,1,16,69
"33UWQ3",16,13,24,5,8,8
"33UWQ4",2,25,107,1,24,105
"33UWR1",1,22,119,1,21,118
"33UWR2",2,12,50,2,10,48
"33UWR3",37,34,113,16,18,76
"33UWR4",NA,15,39,NA,NA,NA
"33UWS1",47,16,26,17,-1,-21
"33UWS2",41,24,170,21,3,129
"33UWS3",1334,15,32,29,-14,-1302
"33UWS4",79,33,123,27,6,44
"33UWT1",2471,27,110,21,6,-2361
"33UWT2",202,10,21,16,-6,-181
"33UWT3",10,15,42,7,8,32
"33UWT4",146,13,25,22,-9,-121
"33UWU1",2,15,26,2,13,24
"33UWU2",245,20,124,32,-12,-121
"33UWU3",117,21,77,30,-9,-40
"33UWU4",387,18,83,22,-4,-304
"33UWV1",515,13,35,20,-7,-480
"33UWV2",7,21,54,7,14,47
"33UWV3",524,8,55,15,-7,-469
"33UWV4",613,20,38,16,4,-575
"33UXA1",11,10,28,10,0,17
"33UXA2",361,14,58,17,-3,-303
"33UXA3",10,14,51,9,5,41
"33UXA4",308,15,94,20,-5,-214
"33UXP1",1,28,539,1,27,538
"33UXP2",95,60,3771,17,43,3676
"33UXP3",NA,23,73,NA,NA,NA
"33UXP4",67,32,527,11,21,460
"33UXQ1",6,34,283,5,29,277
"33UXQ2",14,25,239,6,19,225
"33UXQ3",NA,33,418,NA,NA,NA
"33UXQ4",1,21,104,1,20,103
"33UXR1",89,31,100,32,-1,11
"33UXR2",2,22,55,2,20,53
"33UXR3",112,28,90,35,-7,-22
"33UXR4",28,20,56,8,12,28
"33UXS1",46,29,130,21,8,84
"33UXS2",46,26,55,22,4,9
"33UXS3",26,26,87,9,17,61
"33UXS4",60,21,55,30,-9,-5
"33UXT1",6039,22,78,21,1,-5961
"33UXT2",20,14,28,12,2,8
"33UXT3",8194,21,63,29,-8,-8131
"33UXT4",61,19,76,21,-2,15
"33UXU1",93,19,58,25,-6,-35
"33UXU2",76,31,429,31,0,353
"33UXU3",41,19,67,16,3,26
"33UXU4",20,18,67,14,4,47
"33UXV1",280,14,58,17,-3,-222
"33UXV2",378,14,45,21,-7,-333
"33UXV3",723,14,38,21,-7,-685
"33UXV4",131,26,89,22,4,-42
"33UYP1",NA,24,51,NA,NA,NA
"33UYP2",3,2,2,3,-1,-1
"33VUC2",2635,39,10706,35,4,8071
"33VUC3",190,47,5573,33,14,5383
"33VUC4",464,49,13310,37,12,12846
"33VUD1",87,42,11250,25,17,11163
"33VUD2",110,42,3250,23,19,3140
"33VUD3",44,40,1194,15,25,1150
"33VUD4",81,38,1627,25,13,1546
"33VUE3",73,34,2108,24,10,2035
"33VUE4",43,41,2055,15,26,2012
"33VUF3",61,33,579,17,16,518
"33VUF4",51,34,1456,15,19,1405
"33VUG3",424,35,980,28,7,556
"33VUG4",222,35,728,25,10,506
"33VUH3",450,31,912,27,4,462
"33VUH4",632,27,829,28,-1,197
"33VUJ3",165,22,652,21,1,487
"33VUJ4",492,32,867,30,2,375
"33VUK3",324,21,632,21,0,308
"33VUK4",135,25,485,24,1,350
"33VUL3",121,27,402,18,9,281
"33VUL4",62,25,509,15,10,447
"33VVC1",245,44,2019,28,16,1774
"33VVC2",234,49,7880,38,11,7646
"33VVC3",197,42,3432,31,11,3235
"33VVC4",68,47,3419,27,20,3351
"33VVD1",120,44,3537,21,23,3417
"33VVD2",110,43,2368,22,21,2258
"33VVD3",139,39,2024,22,17,1885
"33VVD4",136,41,3753,28,13,3617
"33VVE1",171,48,4743,34,14,4572
"33VVE2",141,47,3800,24,23,3659
"33VVE3",102,41,1630,28,13,1528
"33VVE4",285,45,5292,30,15,5007
"33VVF1",77,40,2507,18,22,2430
"33VVF2",23,38,1636,9,29,1613
"33VVF3",166,42,1993,30,12,1827
"33VVF4",76,39,832,20,19,756
"33VVG1",170,26,370,26,0,200
"33VVG2",87,27,729,13,14,642
"33VVG3",98,32,394,15,17,296
"33VVG4",196,35,481,18,17,285
"33VVH1",95,20,164,15,5,69
"33VVH2",23,27,346,12,15,323
"33VVH3",138,33,777,24,9,639
"33VVH4",31,25,344,9,16,313
"33VVJ1",15,16,99,5,11,84
"33VVJ2",20,13,99,6,7,79
"33VVJ3",40,18,267,8,10,227
"33VVJ4",48,17,157,12,5,109
"33VVK1",26,21,161,8,13,135
"33VVK2",239,20,227,14,6,-12
"33VVK3",59,22,202,8,14,143
"33VVK4",28,17,142,7,10,114
"33VVL1",31,20,94,3,17,63
"33VVL2",55,30,1103,14,16,1048
"33VVL3",95,14,60,9,5,-35
"33VVL4",202,30,1491,22,8,1289
"33VWC1",72,38,1080,10,28,1008
"33VWC2",794,46,6611,37,9,5817
"33VWC3",403,41,5605,32,9,5202
"33VWD1",175,43,2673,26,17,2498
"33VWD2",27,37,1619,15,22,1592
"33VWD3",106,39,1422,12,27,1316
"33VWD4",53,47,6530,25,22,6477
"33VWE1",336,46,7550,30,16,7214
"33VWE2",120,38,1687,21,17,1567
"33VWE3",185,42,4404,23,19,4219
"33VWE4",324,40,1803,23,17,1479
"33VWF1",278,46,7261,34,12,6983
"33VWF2",42,37,1965,19,18,1923
"33VWF3",214,43,5176,23,20,4962
"33VWF4",96,43,2841,19,24,2745
"33VWG1",175,38,965,27,11,790
"33VWG2",1252,37,971,26,11,-281
"33VWG3",98,35,1578,18,17,1480
"33VWG4",98,47,7857,21,26,7759
"33VWH1",81,21,221,11,10,140
"33VWH2",79,40,2510,18,22,2431
"33VWH3",50,28,331,14,14,281
"33VWH4",170,36,1172,15,21,1002
"33VWJ1",25,22,3210,14,8,3185
"33VWJ2",26,18,193,7,11,167
"33VWJ3",31,26,1882,13,13,1851
"33VWJ4",53,24,585,17,7,532
"33VWK1",44,24,175,12,12,131
"33VWK2",17,25,191,9,16,174
"33VWK3",30,26,281,7,19,251
"33VWK4",81,25,2485,8,17,2404
"33VWL1",53,26,520,9,17,467
"33VWL2",18,22,143,4,18,125
"33VWL3",22,18,166,7,11,144
"33VWL4",26,22,296,8,14,270
"33VXD2",78,33,1716,21,12,1638
"33VXF1",342,42,5119,34,8,4777
"33VXF2",167,43,6332,27,16,6165
"33VXF3",2335,47,26185,47,0,23850
"33VXF4",126,38,2498,32,6,2372
"33VXG1",309,43,3245,29,14,2936
"33VXG2",934,46,19883,36,10,18949
"33VXH1",17,32,528,7,25,511
"33VXH2",104,35,2782,17,18,2678
"33VXJ1",68,24,485,14,10,417
"33VXJ2",440,24,548,11,13,108
"33VXK1",27,30,1158,10,20,1131
"33VXK2",131,33,2473,21,12,2342
"33VXL1",8,14,165,5,9,157
"33VXL2",30,22,484,8,14,454
"33WUM3",295,20,674,19,1,379
"33WUM4",425,23,754,24,-1,329
"33WUN3",103,16,522,14,2,419
"33WUN4",225,17,726,12,5,501
"33WUP4",238,18,1121,14,4,883
"33WVM1",113,25,432,16,9,319
"33WVM2",721,24,1092,23,1,371
"33WVM3",149,23,370,16,7,221
"33WVM4",31,18,282,12,6,251
"33WVN1",118,20,285,20,0,167
"33WVN2",87,17,585,19,-2,498
"33WVN3",119,25,489,22,3,370
"33WVN4",39,23,753,11,12,714
"33WVP1",181,25,1171,20,5,990
"33WVP2",282,19,1539,20,-1,1257
"33WVP3",500,24,1921,23,1,1421
"33WVP4",110,18,166,20,-2,56
"33WVQ2",97,21,400,10,11,303
"33WVQ3",192,21,938,14,7,746
"33WVQ4",240,21,255,17,4,15
"33WVR4",8,7,15,1,6,7
"33WWM1",15,14,644,3,11,629
"33WWM2",96,23,296,18,5,200
"33WWM3",50,19,285,11,8,235
"33WWM4",25,23,409,8,15,384
"33WWN1",33,15,128,12,3,95
"33WWN2",23,21,286,5,16,263
"33WWN3",22,13,143,11,2,121
"33WWN4",9,17,146,3,14,137
"33WWP1",128,13,80,13,0,-48
"33WWP2",602,17,150,16,1,-452
"33WWP3",32,18,108,11,7,76
"33WWP4",668,21,672,20,1,4
"33WWQ1",240,22,899,21,1,659
"33WWQ2",519,23,551,19,4,32
"33WWQ3",37,9,48,9,0,11
"33WWQ4",9,9,24,4,5,15
"33WWR1",1394,24,1531,15,9,137
"33WWR2",151,18,400,10,8,249
"33WWR3",363,19,348,17,2,-15
"33WWR4",46,6,11,8,-2,-35
"33WWS3",164,15,113,15,0,-51
"33WWS4",239,20,901,14,6,662
"33WXM1",2,16,193,2,14,191
"33WXM2",18,15,417,9,6,399
"33WXN1",14,13,253,9,4,239
"33WXN2",14,16,216,8,8,202
"33WXP1",9,7,10,1,6,1
"33WXP2",49,9,73,14,-5,24
"33WXQ1",419,10,80,18,-8,-339
"33WXQ2",148,11,24,19,-8,-124
"33WXR1",1078,16,145,23,-7,-933
"33WXR2",30,8,92,7,1,62
"33WXS2",207,21,332,19,2,125
"34SBK4",2,6,6,1,5,4
"34SCK4",NA,9,15,NA,NA,NA
"34SDH3",NA,8,19,NA,NA,NA
"34SDJ1",1,11,33,1,10,32
"34SDJ2",NA,2,2,NA,NA,NA
"34SDJ3",1,12,55,1,11,54
"34SDJ4",NA,6,10,NA,NA,NA
"34SDK2",NA,6,9,NA,NA,NA
"34SDK4",34,15,23,5,10,-11
"34SEF3",1,4,12,1,3,11
"34SEG1",3,1,2,2,-1,-1
"34SEG3",4,8,12,2,6,8
"34SEG4",1,8,8,1,7,7
"34SEH1",NA,4,5,NA,NA,NA
"34SEH2",1,3,16,1,2,15
"34SEH3",1,4,6,1,3,5
"34SEH4",5,5,7,3,2,2
"34SEJ1",13,4,9,3,1,-4
"34SEJ2",NA,2,4,NA,NA,NA
"34SEJ3",NA,7,13,NA,NA,NA
"34SEJ4",NA,4,4,NA,NA,NA
"34SEK2",9,6,16,3,3,7
"34SFF1",2,8,15,2,6,13
"34SFF3",NA,2,2,NA,NA,NA
"34SFF4",26,3,4,2,1,-22
"34SFG1",3,10,22,3,7,19
"34SFG2",3,4,6,1,3,3
"34SFG3",NA,7,10,NA,NA,NA
"34SFG4",3,4,5,2,2,2
"34SFH1",12,7,19,6,1,7
"34SFH2",33,3,5,6,-3,-28
"34SFH3",10,8,14,4,4,4
"34SFH4",1,3,4,1,2,3
"34SFJ1",NA,3,3,NA,NA,NA
"34SFJ2",6,2,2,5,-3,-4
"34SFJ3",1,11,34,1,10,33
"34SFJ4",NA,10,35,NA,NA,NA
"34SFK2",2,6,61,2,4,59
"34SGG1",2,8,19,2,6,17
"34SGG2",NA,1,1,NA,NA,NA
"34SGH1",1,2,2,1,1,1
"34SGH2",18,16,113,6,10,95
"34SGJ2",NA,16,97,NA,NA,NA
"34SGK2",NA,9,15,NA,NA,NA
"34TBK3",1,8,31,1,7,30
"34TBM3",NA,1,6,NA,NA,NA
"34TBN3",18,2,2,16,-14,-16
"34TBN4",30,38,98,17,21,68
"34TBP3",75,10,17,25,-15,-58
"34TBP4",54,7,13,20,-13,-41
"34TBQ3",15,4,7,13,-9,-8
"34TBQ4",5,1,1,4,-3,-4
"34TBR3",36,6,9,18,-12,-27
"34TBR4",34,13,78,17,-4,44
"34TCK3",1,10,25,1,9,24
"34TCL3",NA,6,13,NA,NA,NA
"34TCL4",NA,9,31,NA,NA,NA
"34TCM1",51,43,469,17,26,418
"34TCM2",NA,2,2,NA,NA,NA
"34TCM3",3,27,110,2,25,107
"34TCM4",12,20,68,10,10,56
"34TCN1",67,32,212,23,9,145
"34TCN2",39,36,177,17,19,138
"34TCN3",27,30,175,15,15,148
"34TCN4",47,40,328,23,17,281
"34TCP1",7,2,3,6,-4,-4
"34TCP2",32,30,166,18,12,134
"34TCP3",58,9,21,21,-12,-37
"34TCP4",26,9,21,11,-2,-5
"34TCQ1",12,6,9,10,-4,-3
"34TCQ2",7,4,8,7,-3,1
"34TCQ3",48,9,20,16,-7,-28
"34TCQ4",27,8,20,15,-7,-7
"34TCR1",159,17,355,23,-6,196
"34TCR2",122,15,91,23,-8,-31
"34TCR3",124,7,11,22,-15,-113
"34TCR4",122,11,37,19,-8,-85
"34TCS1",3,8,13,3,5,10
"34TCS2",NA,7,11,NA,NA,NA
"34TCS3",17,13,46,7,6,29
"34TCS4",8,15,25,6,9,17
"34TCT1",52,32,315,21,11,263
"34TCT2",9,14,71,8,6,62
"34TCT3",34,21,170,14,7,136
"34TCT4",4,12,93,1,11,89
"34TDK1",4,6,9,2,4,5
"34TDK3",NA,5,7,NA,NA,NA
"34TDL1",NA,12,24,NA,NA,NA
"34TDL2",NA,6,9,NA,NA,NA
"34TDL3",55,12,39,17,-5,-16
"34TDL4",18,9,29,14,-5,11
"34TDM1",NA,4,6,NA,NA,NA
"34TDM2",NA,3,3,NA,NA,NA
"34TDM3",62,10,20,25,-15,-42
"34TDM4",52,9,12,25,-16,-40
"34TDN1",18,13,21,11,2,3
"34TDN2",44,46,350,23,23,306
"34TDN3",31,6,8,18,-12,-23
"34TDN4",14,8,14,12,-4,0
"34TDP1",19,8,18,10,-2,-1
"34TDP2",12,9,17,7,2,5
"34TDP3",20,10,28,11,-1,8
"34TDP4",52,9,26,18,-9,-26
"34TDQ1",174,21,246,24,-3,72
"34TDQ2",48,8,14,20,-12,-34
"34TDQ3",190,17,151,25,-8,-39
"34TDQ4",46,9,21,21,-12,-25
"34TDR1",110,7,25,18,-11,-85
"34TDR2",130,17,79,24,-7,-51
"34TDR3",33,2,2,7,-5,-31
"34TDR4",67,7,9,12,-5,-58
"34TDS1",4,8,22,3,5,18
"34TDS2",43,10,185,16,-6,142
"34TDS3",NA,7,15,NA,NA,NA
"34TDS4",NA,8,218,NA,NA,NA
"34TDT1",32,13,17,6,7,-15
"34TDT2",1,12,47,1,11,46
"34TDT3",27,15,355,7,8,328
"34TDT4",1,9,327,1,8,326
"34TEK1",10,6,14,3,3,4
"34TEK3",6,13,38,3,10,32
"34TEL1",18,2,3,12,-10,-15
"34TEL2",42,21,381,25,-4,339
"34TEL3",21,3,3,15,-12,-18
"34TEL4",8,7,15,8,-1,7
"34TEM1",41,8,20,20,-12,-21
"34TEM2",25,6,13,16,-10,-12
"34TEM3",28,2,2,12,-10,-26
"34TEM4",77,NA,NA,17,NA,NA
"34TEN1",36,2,2,14,-12,-34
"34TEN2",15,11,35,10,1,20
"34TEN3",28,6,7,13,-7,-21
"34TEN4",27,5,5,15,-10,-22
"34TEP1",14,13,553,10,3,539
"34TEP2",14,14,24,12,2,10
"34TEP3",49,5,7,21,-16,-42
"34TEP4",15,6,8,6,0,-7
"34TEQ1",107,10,29,24,-14,-78
"34TEQ2",26,4,7,10,-6,-19
"34TEQ3",NA,7,8,NA,NA,NA
"34TEQ4",57,6,10,19,-13,-47
"34TER1",NA,7,13,NA,NA,NA
"34TER2",22,2,2,15,-13,-20
"34TER3",NA,2,2,NA,NA,NA
"34TER4",NA,12,20,NA,NA,NA
"34TES1",1,4,12,1,3,11
"34TES2",NA,3,108,NA,NA,NA
"34TES3",11,3,9,4,-1,-2
"34TES4",1,1,1,1,0,0
"34TET1",9,21,231,6,15,222
"34TET2",1,11,56,1,10,55
"34TET3",1,9,32,1,8,31
"34TET4",28,4,29,8,-4,1
"34TFK1",1,9,18,1,8,17
"34TFK3",3,14,62,1,13,59
"34TFL1",90,9,11,27,-18,-79
"34TFL2",NA,4,9,NA,NA,NA
"34TFL3",110,21,102,22,-1,-8
"34TFL4",3,17,50,3,14,47
"34TFM1",32,3,5,17,-14,-27
"34TFM2",57,2,2,20,-18,-55
"34TFM3",91,11,31,22,-11,-60
"34TFM4",78,10,23,27,-17,-55
"34TFN1",64,NA,NA,21,NA,NA
"34TFN2",49,6,7,20,-14,-42
"34TFN3",102,10,16,24,-14,-86
"34TFN4",170,18,167,26,-8,-3
"34TFP1",33,1,2,16,-15,-31
"34TFP2",46,6,7,21,-15,-39
"34TFP3",6,4,5,3,1,-1
"34TFP4",33,3,4,16,-13,-29
"34TFQ1",3,4,7,3,1,4
"34TFQ2",14,9,19,12,-3,5
"34TFQ3",3,2,4,3,-1,1
"34TFQ4",NA,1,1,NA,NA,NA
"34TFR1",NA,7,15,NA,NA,NA
"34TFR2",1,11,98,1,10,97
"34TFR3",NA,2,8,NA,NA,NA
"34TFR4",NA,7,42,NA,NA,NA
"34TFS1",96,15,42,14,1,-54
"34TFS2",NA,2,5,NA,NA,NA
"34TFS3",NA,14,90,NA,NA,NA
"34TFS4",NA,9,19,NA,NA,NA
"34TFT1",NA,2,4,NA,NA,NA
"34TFT2",26,6,10,5,1,-16
"34TFT3",NA,6,8,NA,NA,NA
"34TFT4",NA,6,8,NA,NA,NA
"34TGK1",4,8,12,2,6,8
"34TGL1",81,11,29,17,-6,-52
"34TGL2",8,4,7,6,-2,-1
"34TGM1",78,12,32,24,-12,-46
"34TGM2",96,7,22,24,-17,-74
"34TGN1",61,12,29,20,-8,-32
"34TGN2",84,11,21,22,-11,-63
"34TGP2",9,1,2,9,-8,-7
"34TGQ2",4,4,4,3,1,0
"34TGR1",1,3,7,1,2,6
"34TGR2",NA,3,5,NA,NA,NA
"34TGS1",NA,9,51,NA,NA,NA
"34TGS2",NA,7,20,NA,NA,NA
"34TGT1",NA,8,15,NA,NA,NA
"34TGT2",NA,22,50,NA,NA,NA
"34UCA1",104,27,135,35,-8,31
"34UCA2",31,26,161,15,11,130
"34UCA3",351,25,221,37,-12,-130
"34UCA4",107,31,186,25,6,79
"34UCB1",65,11,26,28,-17,-39
"34UCB2",1109,20,72,26,-6,-1037
"34UCB3",73,16,32,28,-12,-41
"34UCB4",3688,21,78,32,-11,-3610
"34UCC1",44,13,44,17,-4,0
"34UCC2",57,9,17,19,-10,-40
"34UCC3",45,9,24,17,-8,-21
"34UCC4",87,17,179,28,-11,92
"34UCD1",302,23,103,34,-11,-199
"34UCD2",65,17,36,15,2,-29
"34UCD3",63,10,25,21,-11,-38
"34UCD4",30,17,68,9,8,38
"34UCE1",55,20,70,15,5,15
"34UCE2",560,13,30,22,-9,-530
"34UCE3",112,19,64,27,-8,-48
"34UCE4",185,19,45,22,-3,-140
"34UCF1",371,30,101,21,9,-270
"34UCF2",69,42,417,22,20,348
"34UCF4",7,28,149,5,23,142
"34UCU1",1,15,18,1,14,17
"34UCU2",20,28,112,8,20,92
"34UCU3",1,19,81,1,18,80
"34UCU4",76,22,72,11,11,-4
"34UCV1",4,26,125,2,24,121
"34UCV2",NA,29,128,NA,NA,NA
"34UCV3",61,20,86,26,-6,25
"34UCV4",1,46,1195,1,45,1194
"34UDA1",379,25,102,22,3,-277
"34UDA2",1433,39,335,34,5,-1098
"34UDA3",4,20,66,4,16,62
"34UDA4",27,23,130,14,9,103
"34UDB1",36,7,27,22,-15,-9
"34UDB2",32,13,34,18,-5,2
"34UDB3",20,30,98,10,20,78
"34UDB4",953,23,64,31,-8,-889
"34UDC1",24,25,232,11,14,208
"34UDC2",103,18,121,25,-7,18
"34UDC3",1290,35,533,28,7,-757
"34UDC4",57,25,137,21,4,80
"34UDD1",42,5,6,20,-15,-36
"34UDD2",29,11,19,11,0,-10
"34UDD3",14,7,10,8,-1,-4
"34UDD4",202,18,73,26,-8,-129
"34UDE1",99,18,43,17,1,-56
"34UDE2",622,14,57,28,-14,-565
"34UDE3",53,25,723,13,12,670
"34UDE4",724,14,69,13,1,-655
"34UDF1",NA,12,31,NA,NA,NA
"34UDF2",7,17,106,7,10,99
"34UDF3",NA,26,162,NA,NA,NA
"34UDF4",5,23,442,4,19,437
"34UDG4",2,13,99,1,12,97
"34UDU1",NA,21,74,NA,NA,NA
"34UDU2",1,12,40,1,11,39
"34UDU3",3,32,109,3,29,106
"34UDU4",40,35,313,17,18,273
"34UDV1",157,32,347,34,-2,190
"34UDV2",271,27,338,13,14,67
"34UDV3",2764,27,110,35,-8,-2654
"34UDV4",2,14,57,1,13,55
"34UEA1",23,12,39,11,1,16
"34UEA2",12,23,56,8,15,44
"34UEA3",27,25,81,8,17,54
"34UEA4",270,33,128,24,9,-142
"34UEB1",2,15,40,2,13,38
"34UEB2",812,21,54,26,-5,-758
"34UEB3",61,18,44,20,-2,-17
"34UEB4",565,29,73,19,10,-492
"34UEC1",1228,34,683,28,6,-545
"34UEC2",75,40,92,22,18,17
"34UEC3",72,14,28,21,-7,-44
"34UEC4",1471,16,30,27,-11,-1441
"34UED1",10,6,10,9,-3,0
"34UED2",55,25,258,20,5,203
"34UED3",1109,27,188,19,8,-921
"34UED4",60,23,82,17,6,22
"34UEE1",601,16,115,27,-11,-486
"34UEE2",44,19,115,14,5,71
"34UEE3",339,15,53,22,-7,-286
"34UEE4",32,21,97,9,12,65
"34UEF1",NA,2,3,NA,NA,NA
"34UEF2",43,12,31,16,-4,-12
"34UEF3",NA,5,7,NA,NA,NA
"34UEF4",23,11,30,9,2,7
"34UEG1",3,14,204,1,13,201
"34UEG2",27,22,251,7,15,224
"34UEG3",NA,7,17,NA,NA,NA
"34UEG4",NA,21,108,NA,NA,NA
"34UEU1",11,11,23,2,9,12
"34UEU2",NA,19,47,NA,NA,NA
"34UEU3",26,18,59,16,2,33
"34UEU4",NA,3,3,NA,NA,NA
"34UEV1",53,20,57,24,-4,4
"34UEV2",NA,15,22,NA,NA,NA
"34UEV3",813,25,168,27,-2,-645
"34UEV4",4,10,17,4,6,13
"34UFA1",31,15,61,21,-6,30
"34UFA2",44,17,59,23,-6,15
"34UFA3",85,11,22,26,-15,-63
"34UFA4",165,42,877,36,6,712
"34UFB1",2046,24,77,28,-4,-1969
"34UFB2",142,23,82,33,-10,-60
"34UFB3",77,23,163,22,1,86
"34UFB4",1471,19,65,22,-3,-1406
"34UFC1",55,20,57,12,8,2
"34UFC2",77,16,41,21,-5,-36
"34UFC3",4,22,75,4,18,71
"34UFC4",89,27,317,34,-7,228
"34UFD1",5599,22,103,22,0,-5496
"34UFD2",28,19,91,14,5,63
"34UFD3",1007,23,549,40,-17,-458
"34UFD4",72888,30,1429,67,-37,-71459
"34UFE1",1287,28,99,25,3,-1188
"34UFE2",12612,39,1041,37,2,-11571
"34UFE3",6985,24,57,32,-8,-6928
"34UFE4",3450,13,34,23,-10,-3416
"34UFF1",NA,9,25,NA,NA,NA
"34UFF2",937,22,58,25,-3,-879
"34UFF3",7,29,209,2,27,202
"34UFF4",176,26,120,13,13,-56
"34UFG1",NA,13,34,NA,NA,NA
"34UFG2",NA,14,76,NA,NA,NA
"34UFG3",NA,10,15,NA,NA,NA
"34UFG4",NA,8,29,NA,NA,NA
"34UFU1",110,15,28,29,-14,-82
"34UFU2",117,6,7,29,-23,-110
"34UFU4",45,28,70,24,4,25
"34UFV1",327,23,226,33,-10,-101
"34UFV2",138,42,356,33,9,218
"34UGU2",128,22,158,24,-2,30
"34VCL3",103,38,2856,21,17,2753
"34VCM3",111,34,1577,23,11,1466
"34VCM4",379,40,5947,30,10,5568
"34VCQ3",76,26,400,17,9,324
"34VCR3",7,23,3178,7,16,3171
"34VCR4",47,28,918,12,16,871
"34VDH3",NA,2,2,NA,NA,NA
"34VDH4",NA,4,4,NA,NA,NA
"34VDR1",53,37,2017,16,21,1964
"34VDR2",15,26,674,10,16,659
"34VDR3",956,37,7098,21,16,6142
"34VEH1",NA,7,8,NA,NA,NA
"34VEH2",3,17,80,3,14,77
"34VEH3",NA,1,1,NA,NA,NA
"34VEH4",4,10,19,1,9,15
"34VEJ2",NA,4,5,NA,NA,NA
"34VEJ3",NA,5,6,NA,NA,NA
"34VEJ4",NA,3,4,NA,NA,NA
"34VEK4",190,18,122,22,-4,-68
"34VEM3",153,35,3866,17,18,3713
"34VEN1",624,31,2516,25,6,1892
"34VEN2",63,28,1257,9,19,1194
"34VEN3",273,24,982,21,3,709
"34VEN4",530,36,4710,23,13,4180
"34VEP1",65,21,296,13,8,231
"34VEP2",214,28,1248,22,6,1034
"34VEP3",118,22,234,10,12,116
"34VEP4",301,26,399,27,-1,98
"34VEQ1",69,22,1728,11,11,1659
"34VEQ2",53,27,543,14,13,490
"34VEQ3",796,21,855,22,-1,59
"34VEQ4",56,21,344,11,10,288
"34VER2",66,25,1271,13,12,1205
"34VER3",44,13,222,6,7,178
"34VER4",44,22,231,11,11,187
"34VFH1",NA,2,3,NA,NA,NA
"34VFH2",NA,13,34,NA,NA,NA
"34VFH3",NA,1,1,NA,NA,NA
"34VFH4",NA,4,5,NA,NA,NA
"34VFJ1",NA,2,3,NA,NA,NA
"34VFJ2",NA,6,7,NA,NA,NA
"34VFJ4",NA,5,5,NA,NA,NA
"34VFK1",345,28,2363,30,-2,2018
"34VFK3",428,37,3809,31,6,3381
"34VFK4",24,21,90,9,12,66
"34VFL1",59,22,200,26,-4,141
"34VFL2",575,35,2016,30,5,1441
"34VFL3",695,36,1350,32,4,655
"34VFL4",1044,41,3898,35,6,2854
"34VFM1",1720,37,2052,34,3,332
"34VFM2",2052,21,954,32,-11,-1098
"34VFN1",473,37,1561,32,5,1088
"34VFN2",868,33,2015,30,3,1147
"34VFP1",415,29,699,20,9,284
"34VFP2",756,30,4991,28,2,4235
"34VFQ1",94,20,509,16,4,415
"34VFQ2",286,23,484,23,0,198
"34VFR1",95,23,457,22,1,362
"34VFR2",291,15,154,20,-5,-137
"34VXH2",14,23,319,10,13,305
"34WCS3",14,23,237,5,18,223
"34WCS4",4,14,225,2,12,221
"34WCT3",6,14,483,3,11,477
"34WCT4",2,11,92,2,9,90
"34WCU3",34,8,23,7,1,-11
"34WCU4",13,8,42,2,6,29
"34WCV4",100,12,38,6,6,-62
"34WDA1",1344,20,423,20,0,-921
"34WDA2",52,15,122,11,4,70
"34WDA3",67,12,32,8,4,-35
"34WDA4",318,20,2227,23,-3,1909
"34WDB1",332,26,1168,23,3,836
"34WDB2",204,23,277,19,4,73
"34WDB3",430,20,484,20,0,54
"34WDB4",39,7,19,9,-2,-20
"34WDC2",688,25,3079,20,5,2391
"34WDC3",81,10,124,12,-2,43
"34WDC4",117,20,488,11,9,371
"34WDS1",27,21,274,5,16,247
"34WDS2",17,23,446,10,13,429
"34WDS3",29,27,578,15,12,549
"34WDS4",11,27,3390,5,22,3379
"34WDT1",51,16,215,15,1,164
"34WDT2",34,18,2508,13,5,2474
"34WDT3",55,17,1285,12,5,1230
"34WDT4",9,18,280,5,13,271
"34WDU1",45,19,256,18,1,211
"34WDU2",10,12,64,3,9,54
"34WDU3",31,19,750,9,10,719
"34WDU4",43,18,248,12,6,205
"34WDV1",158,12,54,15,-3,-104
"34WDV2",42,16,104,10,6,62
"34WDV3",206,19,406,19,0,200
"34WDV4",226,16,561,18,-2,335
"34WEA1",109,11,50,11,0,-59
"34WEA2",568,11,231,21,-10,-337
"34WEA3",130,9,33,14,-5,-97
"34WEA4",27,8,23,5,3,-4
"34WEB1",21,8,45,5,3,24
"34WEB2",28,8,17,3,5,-11
"34WEB3",130,9,75,13,-4,-55
"34WEB4",15607,9,81,19,-10,-15526
"34WEC1",93,19,211,9,10,118
"34WEC2",75,17,323,13,4,248
"34WEC3",409,21,1623,19,2,1214
"34WEC4",170,15,67,17,-2,-103
"34WED2",34,4,15,6,-2,-19
"34WED4",121,9,73,11,-2,-48
"34WES1",9,18,507,6,12,498
"34WES2",422,25,502,9,16,80
"34WET1",61,25,3738,15,10,3677
"34WET2",11,16,783,6,10,772
"34WET3",22,29,2971,13,16,2949
"34WEU1",180,16,252,3,13,72
"34WEU2",54,27,2322,6,21,2268
"34WEU3",24,16,1554,5,11,1530
"34WEU4",108,23,1310,10,13,1202
"34WEV1",93,14,246,2,12,153
"34WEV2",22,15,264,4,11,242
"34WEV3",10,14,92,2,12,82
"34WEV4",10,10,63,4,6,53
"34WFA1",198,11,84,15,-4,-114
"34WFA2",257,13,187,20,-7,-70
"34WFB2",10,4,11,3,1,1
"34WFS2",25,16,243,11,5,218
"34WFU1",329,18,801,14,4,472
"34WFU2",29,23,748,6,17,719
"34WFV1",531,15,120,15,0,-411
"34WFV2",133,14,233,6,8,100
"35SKB3",1,4,5,1,3,4
"35SKC4",1,8,17,1,7,16
"35SKE4",NA,1,1,NA,NA,NA
"35TKE3",2,2,2,1,1,0
"35TKF3",NA,16,44,NA,NA,NA
"35TKF4",NA,7,15,NA,NA,NA
"35TKG3",93,8,23,26,-18,-70
"35TKG4",109,14,29,24,-10,-80
"35TKH3",49,7,10,22,-15,-39
"35TKH4",71,7,8,19,-12,-63
"35TKJ3",NA,1,1,NA,NA,NA
"35TKJ4",4,NA,NA,3,NA,NA
"35TKK3",1,3,3,1,2,2
"35TKK4",NA,1,1,NA,NA,NA
"35TKL3",NA,7,13,NA,NA,NA
"35TKL4",NA,4,17,NA,NA,NA
"35TLF1",16,9,20,11,-2,4
"35TLF2",3,10,37,2,8,34
"35TLF3",28,5,12,15,-10,-16
"35TLF4",2,13,32,2,11,30
"35TLG1",187,13,31,24,-11,-156
"35TLG2",153,8,27,25,-17,-126
"35TLG3",22,21,132,16,5,110
"35TLG4",29,16,91,12,4,62
"35TLH1",33,17,107,14,3,74
"35TLH2",138,21,138,23,-2,0
"35TLH3",25,11,23,15,-4,-2
"35TLH4",94,20,88,22,-2,-6
"35TLJ2",5,7,21,3,4,16
"35TLJ3",1,1,1,1,0,0
"35TLJ4",7,8,13,6,2,6
"35TLK1",NA,10,27,NA,NA,NA
"35TLK3",4,2,2,3,-1,-2
"35TLK4",1,3,5,1,2,4
"35TLL1",1,15,95,1,14,94
"35TLL2",NA,13,199,NA,NA,NA
"35TLL3",1,14,188,1,13,187
"35TLL4",2,24,244,2,22,242
"35TLM1",1,8,55,1,7,54
"35TLM2",NA,8,37,NA,NA,NA
"35TLM3",7,17,40,3,14,33
"35TLM4",NA,33,114,NA,NA,NA
"35TLN1",NA,36,625,NA,NA,NA
"35TLN2",92,2,2,15,-13,-90
"35TLN3",4,19,331,3,16,327
"35TLN4",2,11,37,2,9,35
"35TMF1",38,10,36,15,-5,-2
"35TMF2",NA,12,60,NA,NA,NA
"35TMF3",NA,1,1,NA,NA,NA
"35TMG1",10,11,156,7,4,146
"35TMG2",51,21,74,16,5,23
"35TMG3",62,11,42,29,-18,-20
"35TMG4",2,4,9,2,2,7
"35TMH1",48,5,5,21,-16,-43
"35TMH2",45,11,110,16,-5,65
"35TMH3",50,5,9,18,-13,-41
"35TMH4",79,6,49,25,-19,-30
"35TMJ1",12,11,16,9,2,4
"35TMJ2",58,9,30,18,-9,-28
"35TMJ3",2,5,14,2,3,12
"35TMJ4",53,3,16,21,-18,-37
"35TMK1",NA,6,7,NA,NA,NA
"35TMK2",11,11,83,5,6,72
"35TMK3",NA,3,4,NA,NA,NA
"35TMK4",NA,2,3,NA,NA,NA
"35TML1",1,15,154,1,14,153
"35TML2",NA,12,85,NA,NA,NA
"35TML3",NA,16,97,NA,NA,NA
"35TML4",1,7,22,1,6,21
"35TMM1",NA,4,15,NA,NA,NA
"35TMM2",NA,12,71,NA,NA,NA
"35TMM3",NA,8,19,NA,NA,NA
"35TMM4",NA,4,7,NA,NA,NA
"35TMN1",NA,5,9,NA,NA,NA
"35TMN2",NA,7,14,NA,NA,NA
"35TMN3",NA,9,30,NA,NA,NA
"35TMN4",NA,3,4,NA,NA,NA
"35TNG1",56,15,40,20,-5,-16
"35TNG2",8,13,125,8,5,117
"35TNG3",103,31,107,28,3,4
"35TNG4",16,4,5,15,-11,-11
"35TNH1",93,12,15,20,-8,-78
"35TNH2",38,14,89,22,-8,51
"35TNH3",56,9,33,17,-8,-23
"35TNH4",7,5,19,6,-1,12
"35TNJ1",82,9,44,31,-22,-38
"35TNJ2",29,2,5,16,-14,-24
"35TNJ3",296,21,158,30,-9,-138
"35TNJ4",101,5,17,30,-25,-84
"35TNK1",NA,2,225,NA,NA,NA
"35TNK2",NA,4,7,NA,NA,NA
"35TNK3",16,12,33,11,1,17
"35TNK4",49,16,101,24,-8,52
"35TNL1",NA,12,141,NA,NA,NA
"35TNL2",NA,10,35,NA,NA,NA
"35TNL3",2,2,4,2,0,2
"35TNL4",315,14,71,25,-11,-244
"35TNM2",NA,3,8,NA,NA,NA
"35TNM3",NA,4,6,NA,NA,NA
"35TNM4",NA,2,4,NA,NA,NA
"35TNN1",1,2,2,1,1,1
"35TNN2",NA,12,42,NA,NA,NA
"35TNN4",NA,9,24,NA,NA,NA
"35TPJ1",1880,16,171,28,-12,-1709
"35TPJ2",41,12,36,20,-8,-5
"35TPK1",322,21,262,37,-16,-60
"35TPK2",50,24,590,15,9,540
"35TPK3",278,10,96,29,-19,-182
"35TPK4",NA,6,9,NA,NA,NA
"35TPL2",198,22,142,35,-13,-56
"35TPL4",242,19,106,28,-9,-136
"35TQK1",130,9,30,17,-8,-100
"35TQL2",344,12,40,23,-11,-304
"35ULA1",1,22,85,1,21,84
"35ULA2",NA,21,114,NA,NA,NA
"35ULA3",3,29,610,2,27,607
"35ULA4",NA,13,65,NA,NA,NA
"35ULB1",NA,12,57,NA,NA,NA
"35ULB2",NA,9,23,NA,NA,NA
"35ULB3",NA,13,65,NA,NA,NA
"35ULB4",NA,17,68,NA,NA,NA
"35ULP2",77,39,1004,18,21,927
"35ULP4",26,35,86,5,30,60
"35ULR1",12,8,8,7,1,-4
"35ULS2",26,27,229,15,12,203
"35ULV1",NA,8,18,NA,NA,NA
"35ULV3",NA,11,20,NA,NA,NA
"35UMA1",NA,13,55,NA,NA,NA
"35UMA2",NA,3,14,NA,NA,NA
"35UMA3",NA,8,22,NA,NA,NA
"35UMB1",1,22,74,1,21,73
"35UMB2",1,25,140,1,24,139
"35UMB3",NA,8,19,NA,NA,NA
"35UMB4",NA,10,26,NA,NA,NA
"35UMP2",10,17,55,3,14,45
"35UMP4",19,NA,NA,5,NA,NA
"35UMV1",NA,12,124,NA,NA,NA
"35UNB1",NA,5,8,NA,NA,NA
"35UNP2",NA,3,23,NA,NA,NA
"35VLC1",NA,3,3,NA,NA,NA
"35VLC2",NA,4,6,NA,NA,NA
"35VLC3",NA,1,1,NA,NA,NA
"35VLC4",NA,8,12,NA,NA,NA
"35VLD1",NA,4,5,NA,NA,NA
"35VLD2",NA,10,24,NA,NA,NA
"35VLD3",NA,5,9,NA,NA,NA
"35VLD4",NA,13,26,NA,NA,NA
"35VLE3",940,39,3927,37,2,2987
"35VLE4",330,41,2993,33,8,2663
"35VLF3",1698,43,5428,35,8,3730
"35VLF4",1059,43,6063,34,9,5004
"35VLG3",7487,47,13833,49,-2,6346
"35VLG4",117,27,337,26,1,220
"35VLH3",1396,36,1501,39,-3,105
"35VLH4",1361,36,2598,40,-4,1237
"35VLJ3",900,30,1133,24,6,233
"35VLJ4",435,32,1092,31,1,657
"35VLK3",58,20,283,11,9,225
"35VLK4",277,29,1853,28,1,1576
"35VLL3",52,19,202,12,7,150
"35VLL4",54,15,135,6,9,81
"35VMC2",3,5,9,1,4,6
"35VMC3",NA,3,6,NA,NA,NA
"35VMC4",NA,5,10,NA,NA,NA
"35VMD1",NA,4,7,NA,NA,NA
"35VMD2",NA,2,2,NA,NA,NA
"35VMD3",503,26,1215,36,-10,712
"35VMD4",NA,3,4,NA,NA,NA
"35VME1",722,37,2608,36,1,1886
"35VME2",655,39,3862,34,5,3207
"35VME3",1306,46,5397,36,10,4091
"35VME4",1063,37,2927,36,1,1864
"35VMF1",1094,41,3569,33,8,2475
"35VMF2",862,38,6011,30,8,5149
"35VMF3",1087,39,4933,34,5,3846
"35VMF4",1115,39,3643,38,1,2528
"35VMG1",567,34,393,33,1,-174
"35VMG2",290,29,346,33,-4,56
"35VMG3",79,18,107,23,-5,28
"35VMG4",148,13,30,29,-16,-118
"35VMH1",227,32,1250,31,1,1023
"35VMH2",1275,34,1022,32,2,-253
"35VMH3",228,25,545,27,-2,317
"35VMH4",158,29,745,18,11,587
"35VMJ1",359,27,1442,28,-1,1083
"35VMJ2",130,25,298,20,5,168
"35VMJ3",58,19,395,13,6,337
"35VMJ4",95,27,237,20,7,142
"35VMK1",67,24,287,16,8,220
"35VMK2",379,28,2941,16,12,2562
"35VMK3",1441,13,395,31,-18,-1046
"35VMK4",218,21,378,27,-6,160
"35VML1",164,15,163,19,-4,-1
"35VML2",60,18,166,17,1,106
"35VML3",203,16,329,24,-8,126
"35VML4",60,12,214,14,-2,154
"35VNC1",NA,4,4,NA,NA,NA
"35VNC2",NA,5,8,NA,NA,NA
"35VNC3",NA,4,5,NA,NA,NA
"35VNC4",3,14,36,3,11,33
"35VND1",211,25,1398,31,-6,1187
"35VND2",NA,2,2,NA,NA,NA
"35VND3",5,3,3,1,2,-2
"35VNE1",553,38,1988,35,3,1435
"35VNE2",890,34,1634,37,-3,744
"35VNF1",571,29,1125,33,-4,554
"35VNF2",239,24,1068,30,-6,829
"35VNF3",84,13,63,22,-9,-21
"35VNH1",156,23,308,18,5,152
"35VNH2",443,33,594,29,4,151
"35VNH3",257,40,1269,28,12,1012
"35VNH4",168,21,156,25,-4,-12
"35VNJ1",206,25,424,19,6,218
"35VNJ2",134,28,565,18,10,431
"35VNJ3",74,14,96,25,-11,22
"35VNJ4",70,21,115,13,8,45
"35VNK1",1652,24,3255,39,-15,1603
"35VNK2",323,24,621,37,-13,298
"35VNK3",963,21,677,25,-4,-286
"35VNK4",237,22,198,19,3,-39
"35VNL1",9453,30,1090,32,-2,-8363
"35VNL2",4349,30,1014,32,-2,-3335
"35VNL3",419,16,257,24,-8,-162
"35VNL4",1671,17,245,27,-10,-1426
"35VPH1",65,16,76,18,-2,11
"35VPJ1",219,28,139,29,-1,-80
"35VPJ2",137,22,246,17,5,109
"35VPK1",169,23,113,21,2,-56
"35VPK2",113,30,478,23,7,365
"35VPL1",542,15,151,29,-14,-391
"35VPL2",180,15,120,17,-2,-60
"35WLM3",67,21,168,22,-1,101
"35WLM4",115,19,705,22,-3,590
"35WLN3",83,17,1209,12,5,1126
"35WLP3",20,12,174,5,7,154
"35WLP4",137,20,411,20,0,274
"35WLQ4",19,10,37,9,1,18
"35WMM1",229,27,621,25,2,392
"35WMM2",753,16,202,22,-6,-551
"35WMM3",2335,14,57,26,-12,-2278
"35WMM4",62,16,71,14,2,9
"35WMN1",604,13,260,26,-13,-344
"35WMN2",2135,27,1367,37,-10,-768
"35WMN3",44,7,28,11,-4,-16
"35WMN4",97,13,60,19,-6,-37
"35WMP1",459,20,1478,26,-6,1019
"35WMP2",66,10,66,16,-6,0
"35WMP3",2034,11,139,23,-12,-1895
"35WMP4",60,10,54,12,-2,-6
"35WMQ1",17,6,32,7,-1,15
"35WMQ2",11,8,134,8,0,123
"35WMQ3",171,9,82,16,-7,-89
"35WMQ4",78,8,66,7,1,-12
"35WMR1",1,7,32,1,6,31
"35WMR2",1837,12,293,22,-10,-1544
"35WMR3",3,7,42,2,5,39
"35WMR4",309,8,42,22,-14,-267
"35WMS1",76,7,18,9,-2,-58
"35WMS2",30,6,44,6,0,14
"35WMS3",38,6,43,9,-3,5
"35WMS4",3,10,63,3,7,60
"35WMT1",196,21,591,17,4,395
"35WMT2",109,17,162,16,1,53
"35WMT3",29,8,21,9,-1,-8
"35WMT4",50,15,75,14,1,25
"35WMU1",59,5,8,5,0,-51
"35WMU2",191,19,216,16,3,25
"35WMU3",45,6,145,7,-1,100
"35WMU4",45,12,41,7,5,-4
"35WNM1",208,17,303,21,-4,95
"35WNM2",232,20,917,21,-1,685
"35WNM3",247,11,335,20,-9,88
"35WNM4",2765,23,573,33,-10,-2192
"35WNN1",564,13,371,21,-8,-193
"35WNN2",71,10,55,13,-3,-16
"35WNN3",170,12,273,15,-3,103
"35WNN4",214,9,274,19,-10,60
"35WNP1",11,12,263,7,5,252
"35WNP2",220,12,116,24,-12,-104
"35WNP3",201,9,51,16,-7,-150
"35WNP4",1077,18,318,18,0,-759
"35WNQ1",28,10,66,11,-1,38
"35WNQ2",177,12,138,18,-6,-39
"35WNQ3",112,5,21,16,-11,-91
"35WNQ4",182,14,87,23,-9,-95
"35WNR1",185,11,133,12,-1,-52
"35WNR2",15,7,26,7,0,11
"35WNR3",4,1,11,3,-2,7
"35WNR4",294,4,10,18,-14,-284
"35WNS1",381,14,260,19,-5,-121
"35WNS2",131,11,415,19,-8,284
"35WNS3",496,21,379,22,-1,-117
"35WNS4",16,5,23,4,1,7
"35WNT1",156,12,78,14,-2,-78
"35WNT2",2911,10,62,19,-9,-2849
"35WNT3",745,20,559,16,4,-186
"35WNT4",377,23,651,20,3,274
"35WNU1",153,12,152,11,1,-1
"35WNU2",82,19,383,9,10,301
"35WNU3",93,6,37,6,0,-56
"35WNU4",44,16,301,6,10,257
"35WPM1",63,9,150,10,-1,87
"35WPM2",10052,27,260,33,-6,-9792
"35WPN1",29,10,24,5,5,-5
"35WPN2",24,7,43,11,-4,19
"35WPP1",1911,10,76,20,-10,-1835
"35WPP2",611,14,276,23,-9,-335
"35WPQ1",1,2,7,1,1,6
"35WPR2",1759,5,11,20,-15,-1748
"36VUP3",96,24,228,17,7,132
"36VUP4",38,12,53,16,-4,15
"36VUQ3",474,14,70,34,-20,-404
"36VUQ4",310,23,192,32,-9,-118
"36VUR3",125,6,34,15,-9,-91
"36VUR4",165,18,109,23,-5,-56
"36VVQ1",74,8,22,17,-9,-52
"36VVQ2",2,1,1,1,0,-1
"36VVR2",1,1,1,1,0,0
"36WUS3",22,2,4,6,-4,-18
"36WUS4",175,11,158,13,-2,-17
"36WUU4",NA,6,7,NA,NA,NA
"36WVC1",60,12,161,9,3,101
"36WVC2",1301,18,405,19,-1,-896
"36WVD2",78,16,264,11,5,186
