"cell50x50","lon","lat"
"29SMC3",2650575.34532151,1939317.9034658
"29SMD3",2672983.1976069,2036621.34068195
"29SMD4",2661747.10594328,1987965.44487036
"29SME4",2684283.4898546,2085285.17229697
"29SNA1",2655253.98473495,1732431.15248147
"29SNA3",2704007.1082584,1720108.62141954
"29SNB1",2677079.52497825,1829625.88403853
"29SNB2",2666133.68384881,1781022.57409832
"29SNB3",2725768.80897506,1817272.74490534
"29SNB4",2714854.49091511,1768685.00481814
"29SNC1",2699168.72175073,1926864.29542982
"29SNC2",2688091.36917915,1878239.87305647
"29SNC3",2747797.02185432,1914479.26249588
"29SNC4",2736749.7081342,1865871.0665515
"29SND1",2721519.8492342,2024139.94148441
"29SND2",2710311.71740206,1975498.02380231
"29SND3",2770090.57188312,2011722.55610963
"29SND4",2758911.01480017,1963096.74059016
"29SNE2",2732792.92963563,2072789.64261926
"29SNE4",2781335.78317954,2060355.94293018
"29SPA1",2752793.06558035,1707864.80149711
"29SPB1",2774489.9254934,1804993.7208398
"29SPB2",2763607.58830318,1756423.45938493
"29SPB3",2823239.4460454,1792788.95250339
"29SPB4",2812389.6055623,1744239.52095647
"29SPC1",2796456.69438439,1902163.55574296
"29SPC2",2785439.66509878,1853573.86183786
"29SPC3",2845143.54187601,1889918.32204618
"29SPC4",2834157.61409505,1841348.98999183
"29SPD1",2818691.34820794,1999370.14320957
"29SPD2",2807540.80282201,1950762.60584758
"29SPD3",2867318.42506657,1987083.50551672
"29SPD4",2856197.4333582,1938496.59781791
"29SPE2",2829908.25477484,2047984.89627521
"29SPE4",2878506.64457185,2035677.22304048
"29SQA1",2858921.98704823,1681435.11847328
"29SQA2",2848985.66412061,1632757.55933181
"29SQB1",2879089.22173169,1778808.2777414
"29TNH4",2850174.01128581,2352273.58558075
"29SQB2",2868921.26813318,1730127.07973639
"29SQC1",2899341.83733015,1876268.45616531
"29SQC2",2889184.49777141,1827532.38012749
"29SQD1",2919840.87648321,1973774.09197773
"29SQD2",2909560.69479252,1925015.87492306
"29SQE2",2930182.52466474,2022541.61128023
"29TMH3",2765163.60103241,2426090.62514996
"29TMH4",2753420.58186102,2377392.43728358
"29TNE1",2744130.5010568,2121446.50695096
"29TNE3",2792646.46409216,2108996.13107607
"29TNF1",2766999.52822742,2218777.85602185
"29TNF2",2755533.00630924,2170109.60604394
"29TNF3",2815463.64719091,2206293.89177372
"29TNF4",2804022.39787242,2157642.2241993
"29TNG1",2790124.23477744,2316128.72298172
"29TNG2",2778529.92846628,2267451.33679662
"29TNG3",2838539.4380796,2303610.78638223
"29TNG4",2826969.37638195,2254950.38536995
"29TNH1",2813503.11621394,2413491.87621955
"29TNH2",2801781.87359008,2364808.98366225
"29TNH3",2861872.55556121,2400938.89263265
"29TNJ2",2825287.30898324,2462176.2451668
"29TNJ4",2873634.92838078,2449605.70298131
"29TPE1",2841191.54865281,2096606.18261981
"29TPE3",2889762.00501822,2084277.38622086
"29TPF1",2863955.65661532,2193865.89258555
"29TPF2",2852540.78604791,2145233.51794762
"29TPF3",2912472.41106478,2181494.9928445
"29TPF4",2901083.75786174,2132883.80747691
"29TPG1",2886982.14427882,2291143.80575412
"29TPG2",2875436.23156714,2242503.10850855
"29TPG3",2935447.9599395,2278729.1571793
"29TPG4",2923927.30972028,2230110.14690965
"29TPH1",2910268.05485198,2388432.8731907
"29TPH2",2898592.7533995,2339787.19170462
"29TPH3",2958686.15774814,2375974.73770895
"29TPH4",2947034.45613555,2327351.04003361
"29TPJ2",2922008.20262466,2437079.79065019
"29TPJ4",2970403.319208,2424599.72627888
"29TQE1",2940584.70929535,2071318.03276269
"29TQF1",2961571.78051938,2168894.76778232
"29TQF2",2951047.90344782,2120102.76031359
"29TQG1",2982799.93618714,2266497.50884538
"29TQG2",2972155.84421805,2217693.24362837
"29TQH1",3004267.21706351,2364119.77262834
"29TQH2",2993503.66401905,2315306.65628083
"29TQJ2",3015090.20135626,2412936.0267987
"29ULT3",2916780.50044837,3425297.24360173
"29UMA2",3030407.60748532,3655172.23634346
"29UMA4",3078414.27869228,3642147.21178998
"29UMS1",2938933.99827409,3315134.27187886
"29UMT1",2964784.32960597,3412358.59791153
"29UMT2",2951830.47825804,3363752.61534397
"29UMT3",3012814.63023035,3399419.05360255
"29UMT4",2999867.7238314,3350829.80223074
"29UMU2",2977795.69132772,3460951.06588196
"29UMU3",3038882.42388757,3496556.3697895
"29UMU4",3025819.69182484,3447994.67673938
"29UMV1",3017169.89690969,3606640.73879112
"29UMV2",3003988.44383099,3558092.95177601
"29UMV3",3065179.82813979,3593633.07655861
"29UMV4",3052002.34722996,3545102.72066304
"29UNA1",3139728.52351868,3677588.17077527
"29UNA2",3126440.46257662,3629111.23221182
"29UNA3",3187767.01791732,3664520.12799111
"29UNA4",3174482.52456365,3616065.28928803
"29UNB4",3177090.27892276,3719501.84887676
"29UNT1",3060867.63457854,3386479.58694009
"29UNT2",3047927.90957092,3337909.15393403
"29UNT3",3102473.45815224,3349266.43253608
"29UNU1",3086922.34614919,3483578.93135181
"29UNU2",3073865.69516877,3435036.34696888
"29UNU3",3134980.02915476,3470597.96360782
"29UNU4",3121929.97954701,3422077.07756275
"29UNV1",3113209.86019067,3580616.80967917
"29UNV2",3100037.28551189,3532105.87848436
"29UNV3",3161256.46150621,3567592.89825788
"29UNV4",3148088.99770773,3519103.57936166
"29UPA1",3235816.75630669,3651440.70391485
"29UPA2",3222536.72202422,3603010.43604917
"29UPA3",3280410.99676612,3639079.03920062
"29UPA4",3268164.55841862,3590405.06823017
"29UPB2",3249155.53017763,3699852.21713976
"29UPB4",3292711.2240307,3687735.67102865
"29UPT1",3183708.28087313,3353345.98798743
"30STF3",2925513.45305931,1667271.83711272
"29UPU1",3183051.62931563,3457614.80315963
"29UPU2",3170008.88954214,3409117.39737578
"29UPU3",3231749.31467973,3444287.82657932
"29UPU4",3219719.68495268,3395553.56646488
"29UPV1",3209315.96949915,3554562.20568933
"29UPV2",3196154.17467893,3506096.65305791
"29UPV3",3255972.04029175,3541714.46012277
"29UPV4",3243833.76408978,3493008.36977687
"29VPC3",3329930.58528584,3833592.85232794
"30SUK2",3037836.51825898,2001426.55405325
"29VPE4",3381047.54189223,3976178.45232746
"30SUG1",2999140.24434278,1755292.36170834
"30STG3",2942488.02278142,1765294.2301515
"30STG4",2933921.52718298,1716279.82423281
"30STH3",2959492.56573013,1863403.48418538
"30STH4",2950965.99553382,1814340.83804814
"30STJ3",2976691.88937777,1961574.02618976
"30STJ4",2968067.90432217,1912481.39638124
"30STK4",2985363.739444,2010680.08808798
"30SUF1",2983959.0685902,1656960.74320727
"30SUF2",2976433.35540584,1607824.61059895
"30SUF3",3033500.9433048,1648225.67971129
"30SUF4",3026003.37755492,1599091.90303782
"30SUG2",2991528.41947572,1706117.2767733
"30SUG3",3048627.88445886,1746552.619791
"30SUG4",3041042.6046321,1697379.54058307
"30SUH1",3014491.71746263,1853696.5923074
"30SUH2",3006794.69764625,1804485.93228716
"30SUH3",3063928.10773165,1844950.98430667
"30SUH4",3056256.42692523,1795743.20279727
"30SUJ1",3030012.78155605,1952167.99329003
"30SUJ2",3022230.8847069,1902924.14579367
"30SUJ3",3079401.11683746,1943416.43667125
"30SUJ4",3071642.94719768,1894175.73676601
"30SUK4",3087202.11932095,1992671.92307753
"30SVF1",3083078.49944133,1639566.41756737
"30SVF3",3132688.15521071,1630983.34387532
"30SVG1",3098150.24717644,1737883.21372277
"30SVG2",3090592.18440839,1688715.46497838
"30SVG3",3147704.11201026,1729285.30948718
"30SVG4",3140173.46698986,1680124.85820022
"30SVH1",3113399.10115742,1836271.67293957
"30SVH2",3105752.62355688,1787068.8434384
"30SVH3",3162900.39939379,1827659.22624614
"30SVH4",3155279.66909907,1778463.56377349
"30SVJ1",3128823.24457521,1934726.44648479
"30SVJ2",3121089.11496041,1885491.30392554
"30SVJ3",3178275.40619049,1926098.73593768
"30SVJ4",3170565.66010622,1876871.35037556
"30SVK2",3136601.02636078,1983976.46938976
"30SVK4",3186029.56119214,1975340.96599697
"30SWF1",3182325.94969789,1622476.72635636
"30SWF3",3231987.85291223,1614047.21024777
"30SWG1",3197285.55594785,1720759.73864138
"30SWG2",3189782.77660341,1671608.80211296
"30SWG3",3246890.52827161,1712307.1546089
"30SWG4",3239415.7940571,1663167.99377625
"30SWH1",3212428.43813913,1819114.31260245
"30SWH2",3204834.26053454,1769928.33323429
"30TTN3",3047404.49746,2354738.91465551
"30SWH3",3261979.46546029,1810637.53917088
"30SWH4",3254411.78221202,1761463.90495201
"30SWJ1",3227753.53161958,1917533.98654372
"30SWJ2",3220068.32929623,1868316.57693132
"30SWJ3",3277254.09338714,1909032.77155502
"30SWJ4",3269593.91020334,1859827.50014427
"30SWK2",3235483.91069876,1966766.13322046
"30SWK4",3284960.18418998,1958252.60956803
"30SXF1",3281670.00430673,1605695.77658729
"30SXG1",3296515.039107,1703928.0006064
"30SXG2",3289068.68890391,1654802.55161698
"30SXG3",3346155.65821126,1695622.16958641
"30SXH1",3311549.88229495,1802229.39332101
"30SXH2",3304008.79131334,1753070.3886914
"30SXH3",3361135.41628499,1793890.7053826
"30SXH4",3353621.61747009,1744748.24763278
"30SXJ1",3326773.01030913,1900595.74570906
"30SXJ2",3319138.14039879,1851404.81342079
"30SXJ3",3376306.47882242,1892223.43021278
"30SXJ4",3368697.30897872,1843049.22170767
"30SXK2",3334454.53193821,1949800.93145135
"30SXK4",3383963.20924958,1941411.54133012
"30SYG1",3403017.33361449,1686104.68064195
"30SYH1",3416327.04610813,1784586.29936809
"30SYH2",3409651.24373034,1735336.30185526
"30SYJ1",3429802.76462096,1883138.8963895
"30SYJ2",3423044.26353467,1833854.01306868
"30SYK2",3436602.82223749,1932439.48336663
"30TTK3",2994084.06718882,2059798.86214593
"30TTL3",3011667.74055696,2158072.53407179
"30TTL4",3002852.12544299,2108930.02634257
"30TTM3",3029441.64551284,2256388.15714804
"30TTM4",3020530.97872183,2207225.46417349
"30TTN4",3038399.53854171,2305559.38989385
"30TTP4",3056455.99980209,2403925.92649959
"30TUK1",3045701.94528936,2050699.49942516
"30TUK3",3095045.58049696,2041941.61873996
"30TUL1",3061558.34221123,2149286.10096352
"30TUL2",3053609.5921922,2099986.38869643
"30TUL3",3110860.10933562,2140520.85096543
"30TUL4",3102931.63801725,2091224.93384753
"30TUM1",3077580.13613558,2247920.84333643
"30TUM2",3069548.41379248,2198597.67549169
"30TUM3",3126843.36514106,2239148.78155492
"30TUM4",3118830.77221584,2189829.25406126
"30TUN1",3093766.8845219,2346598.0295948
"30TUN2",3085653.01100665,2297254.49393431
"30TUN3",3142994.74544494,2337818.01144579
"30TUN4",3134898.09703995,2288478.47639931
"30TUP2",3101921.80092926,2395951.03195106
"30TUP4",3151132.68977444,2387166.51594241
"30TUT3",3226223.52713915,2831579.06499617
"30TVK1",3144422.24758175,2033240.62535957
"30TVK3",3193828.22184563,2024597.31463182
"30TVL1",3160194.0581506,2131808.46274578
"30TVL2",3152286.68131417,2082518.0374907
"30TVL3",3209556.86615369,2123149.11722391
"30TVL4",3201670.54090038,2073867.1452847
"30TVM1",3176138.55585407,2230424.48664298
"30TVM2",3168144.78152626,2181110.90243435
"30TVM3",3225461.14652701,2221748.44877894
"30TVM4",3217487.27217537,2172443.27551291
"30TVN1",3192253.26014271,2329081.17379845
"30TVN2",3184174.56109447,2279747.94133371
"30TVN3",3241539.04858941,2320388.30431473
"30TVN4",3233478.54471972,2271063.48525104
"30TVP2",3200374.32473245,2378423.2373818
"30TVP4",3249642.73936363,2369721.60684091
"30TVT1",3275346.73831221,2822773.12129246
"30TVT3",3324493.41035331,2813987.86564801
"30TWK1",3243259.07686859,2016012.37434185
"30TWK3",3292712.07751637,2007486.24486451
"30TWL1",3258944.55495503,2114543.36786071
"30TWL2",3251079.5635278,2065271.8324597
"30TWL3",3308352.99470801,2105991.90244528
"30TWL4",3300509.6447145,2056732.78010873
"30TWM1",3274807.82880665,2213121.60123636
"30TWM2",3266853.92767633,2163827.0590223
"30TWM3",3324174.70605661,2204544.59591664
"30TWM4",3316241.36793176,2155262.81239633
"30TWN1",3290848.09507948,2311739.84997847
"30TWN2",3282805.78158477,2262425.93461026
"30TWN3",3340176.68418098,2303136.43594011
"30TWN4",3332153.32112726,2253835.77820154
"30TWP2",3298934.22177344,2361062.15720552
"30TWP4",3348244.74737011,2352445.57024321
"30TWS3",3405958.91633995,2697782.95487673
"30TWS4",3397582.6214899,2648436.20219396
"30TWT1",3373660.10258831,2805224.26234257
"30TWT2",3365185.62268128,2755859.00919879
"30TWT3",3422842.22327826,2796483.11642653
"30TWT4",3414378.78455141,2747132.10769542
"30TXK1",3342182.80479238,1999019.70548714
"30TXK3",3391667.46349734,1990613.19789929
"30TXL1",3357778.23262217,2097495.48561502
"30TXL2",3349957.44300292,2048251.56255019
"30TXL3",3407217.04690119,2089055.01232967
"30TXL4",3399418.52936326,2039828.16592598
"30TXM1",3373558.34242309,2196017.62054093
"30TXM2",3365645.28064245,2146751.29479734
"30TXM3",3422954.24883341,2187541.70871046
"30TXM4",3415062.44145193,2138292.90636707
"30TXN1",3389520.86661685,2294578.95912526
"30TXN2",3381516.85598642,2245293.63525862
"30TXN3",3438877.12398547,2286068.07252319
"30TXN4",3430892.65672057,2236800.46100441
"30TXP1",3405665.67366659,2393173.95313047
"30TXP2",3397570.62717106,2343872.56281183
"30TXP3",3454985.1389469,2384627.3559939
"30TXP4",3446907.96358015,2335344.05480503
"30TXQ1",3421990.43302763,2491796.26647589
"30TXQ2",3413805.75115199,2442482.09193954
"30TXQ3",3471276.10677405,2483213.17076704
"30TXQ4",3463107.64041459,2433917.49549477
"30TXR1",3438495.01586927,2590439.77327392
"30TXR2",3430220.391329,2541115.721302
"30TXR3",3487750.1693845,2581819.8448846
"30TXR4",3479490.40030575,2532514.33808423
"30TXS1",3455177.29285362,2689098.07854571
"30TXS2",3446814.08978706,2639767.37401724
"30TXS3",3504404.54580587,2680441.0688469
"30TXS4",3496055.03241307,2631128.75775121
"30TXT1",3472036.20279129,2787764.68648758
"30TXT2",3463584.65074062,2738430.72511315
"30TXT3",3521238.83883262,2779070.38910752
"30TXT4",3512799.39277418,2729754.97540411
"30TYK1",3443443.55751373,1981755.31281424
"30TYL1",3457248.44409864,2080430.02806918
"30TYL2",3450325.50823674,2031085.83964847
"30TYM1",3471215.93389536,2179156.20422595
"30TYM2",3464211.9487086,2129787.04207618
"30TYN1",3485344.70538897,2277927.32183156
"30TYN2",3478260.09394139,2228536.59167937
"30TYP1",3499633.88425396,2376736.80191939
"30TYP2",3492469.45485329,2327327.54742974
"30TYQ1",3514081.88465839,2475576.46618494
"30TYQ2",3506838.0808708,2426153.25580181
"30TYR1",3528687.94265228,2574440.04592887
"30TYR2",3521365.23088583,2525006.03088347
"30TYS1",3557998.32490565,2671342.84539297
"30TYS2",3551541.01672056,2621776.99011572
"30TYT1",3571009.83239344,2770480.82537422
"30TYT2",3564487.95264358,2720910.91639936
"30UUA2",3221419.45436478,3115689.64606894
"30UUA3",3278096.66103654,3127946.1890993
"30UUA4",3269352.09115663,3078555.66900497
"30UUB3",3295703.50354627,3226716.49381361
"30UUB4",3286880.47518775,3177333.29065104
"30UUC3",3286225.60282596,3330320.1968988
"30UUC4",3276313.6266308,3281128.98417416
"30UUD1",3281641.47489664,3433046.853868
"30UUD3",3331383.61128477,3424192.81148402
"30UUD4",3322405.55370898,3374833.7519719
"30UUE1",3301771.39745415,3531363.14374402
"30UUF1",3322074.0888871,3629632.98880878
"30UUF2",3311901.30592496,3580504.40056281
"30UUF3",3367678.56666198,3621542.10466699
"30UUG1",3342548.11630881,3727849.24056104
"30UUG2",3332289.56336869,3678748.22987693
"30UUG3",3386053.92442805,3720153.58236475
"30UUG4",3376847.21730658,3670853.70620917
"30UUU3",3243355.58948693,2930371.23675792
"30UUU4",3234769.55439844,2880975.1517957
"30UVA1",3351726.46522364,3114668.671168
"30UVB1",3344773.06450072,3217845.38591057
"30UVB2",3335954.4376892,3168470.77375203
"30UVB3",3393863.10803284,3208977.36222159
"30UVB4",3385048.72067768,3159613.51513249
"30UVC1",3362529.72821312,3316579.19648205
"30UVC2",3353631.6182612,3267215.08845208
"30UVC3",3411612.99820764,3307689.15434633
"30UVC4",3402717.93090189,3258336.33583347
"30UVD1",3370104.12476895,3451151.22162281
"30UVD2",3371467.63622727,3365936.58602116
"30UVD3",3429524.06738684,3406374.11439639
"30UVD4",3420548.52788082,3357035.19007181
"30UVE4",3438539.26210617,3455704.49589404
"30UVF1",3416742.61120407,3612598.2939178
"30UVF3",3465823.74445749,3603638.8500072
"30UVF4",3456689.33356597,3554337.54886604
"30UVG1",3435123.9291101,3711190.10897398
"30UVG2",3425914.0829143,3661900.00746859
"30UVG3",3484210.22381033,3702206.65261591
"30UVG4",3474997.32788395,3652928.93993012
"30UVU1",3292461.03562969,2921549.77377497
"30UVU2",3283883.38923712,2872161.30905033
"30UVU3",3341588.966545,2912744.74978413
"30UVU4",3333020.53645952,2863366.28448701
"30UVV4",3350199.0608386,2962122.80460538
"30UWA1",3425391.77472882,3101407.07487013
"30UWB1",3442969.25122722,3200112.87659409
"30UWB2",3434159.74468526,3150762.10412245
"30UWB3",3492088.42518604,3191252.47986546
"30UXB3",3595060.76431476,3172554.50519618
"30UWB4",3483283.99167839,3141917.17028789
"30UWC1",3460712.07996154,3298798.03883513
"30UWC2",3451820.12182955,3249458.61059661
"30UWC3",3509822.86178794,3289906.5938272
"30UWC4",3500934.68164659,3240582.54546658
"30UWD1",3478618.27424447,3397455.97699894
"30UWD2",3469644.69628806,3348130.64985169
"30UWD3",3527723.64943512,3388532.76029737
"30UWD4",3518752.33915722,3339223.65543699
"30UWE1",3472140.85961627,3500552.84632404
"30UWE2",3487632.64061329,3446772.5547775
"30UWE3",3545790.14220955,3487124.91656631
"30UWE4",3536736.36081233,3437833.52830436
"30UWF1",3514917.61584598,3594664.94245633
"30UWF2",3505782.33283997,3545377.76211781
"30UWF3",3588572.67462836,3581177.0411126
"30UWF4",3554885.1559813,3536406.31928466
"30UWG1",3557860.59397942,3688693.64492292
"30UWG2",3524093.20499335,3643940.7001845
"30UWG4",3597749.97735503,3630426.52124714
"30UWU1",3390735.96888329,2903956.70109365
"30UWU2",3382176.8546426,2854590.54853799
"30UWU3",3439897.75337636,2895186.38391833
"30UWU4",3431348.6247852,2845834.75310548
"30UWV2",3399336.92652504,2953322.41904693
"30UWV3",3461463.63146228,3018560.11700597
"30UXB1",3541216.35551587,3182397.27415249
"30UXB2",3532417.89348156,3133079.40343152
"30UXB4",3587269.84785161,3123084.72337459
"30UXC1",3558941.49984188,3281015.54907504
"30UXC2",3550057.74994511,3231709.43919739
"30UXC3",3610754.39697117,3271480.97997401
"30UXC4",3602889.06590293,3222020.13783017
"30UXD1",3576836.24209245,3379605.4774226
"30UXD2",3567867.76162704,3330314.43366015
"30UXD3",3626596.10015903,3370385.07477165
"30UXD4",3618656.69070311,3320936.22789232
"30UXE1",3594899.692416,3478161.13907417
"30UXE2",3585847.04813155,3428887.96918072
"30UXE4",3634572.61449551,3419826.53195874
"30UXF2",3626091.50570568,3523283.07224539
"30UXU1",3489070.92054264,2886434.45837598
"30UXU2",3480531.78468921,2837099.86775306
"30UXU3",3538251.74376667,2877701.90675318
"30UXU4",3529722.96985357,2828386.6366788
"30UXV1",3510614.85815608,3009765.67215718
"30UXV2",3497653.84156614,2935768.37268886
"30UXV3",3564069.91079857,2974691.92945217
"30UXV4",3556236.32193987,2925246.70747493
"30UYU1",3584149.02790228,2869616.71924885
"30UYU2",3577563.60723657,2820049.99998312
"30VUH1",3363192.06136293,3826004.403299
"30VUH2",3352849.01000408,3776934.82924472
"30VUH3",3404579.39994796,3818715.32919474
"30VUH4",3395297.90291269,3769441.02180317
"30VUJ1",3369505.37949495,3927406.98729866
"30VUJ2",3373613.69194871,3875025.97744033
"30VUJ3",3423254.28743598,3917220.53255283
"30VUJ4",3413898.20282212,3867975.55371474
"30VUK3",3442077.36349116,4015663.17611743
"30VUK4",3432647.32346489,3966450.15961283
"30VUL4",3451544.00308754,4064859.00863918
"30VVH1",3453658.4290391,3809731.45956626
"30VVH2",3444372.48067936,3760467.41746294
"30VVH3",3502753.04038846,3800723.10285363
"30VVH4",3493462.08580681,3751471.78185449
"30VVJ1",3472345.7531833,3908215.98764045
"30VVJ2",3462983.26763124,3858981.21564875
"30VVJ3",3521451.28617366,3899182.27586911
"30VVJ4",3512082.67014904,3849960.04374688
"30VVK1",3491183.69385789,4006636.83416685
"30VVK2",3481745.76403473,3957434.82484932
"30VVK3",3540303.46341396,3997577.09509541
"30VVK4",3530858.04243619,3948388.07753327
"30VVL4",3549787.00642076,4046749.37383934
"30VWH1",3551858.80480764,3791691.12389139
"30VWH2",3542563.94227672,3742454.50139417
"30VWJ1",3570567.17910771,3890120.45096034
"30VWJ2",3585750.64208254,3836377.57566354
"30VWJ3",3619690.04422476,3881031.15275607
"31SBC3",3477406.74617181,1776527.44831929
"31SBD4",3482458.86318279,1826001.9058088
"31SBE4",3492647.04054953,1925008.40232527
"31TCG4",3612911.49816507,2113746.89248002
"31TBE3",3497783.1170511,1974538.44648644
"31TBF3",3508137.73763167,2073649.29829641
"31TBF4",3502946.70886428,2024085.76121286
"31TBG3",3518602.43299695,2172821.6618754
"31TBG4",3513356.35504231,2123228.1534566
"31TBH3",3529176.56171216,2272048.70843625
"31TBH4",3523875.87707884,2222428.59773581
"31TBJ3",3539858.7497046,2371324.53558143
"31TBJ4",3534504.04058557,2321681.1583385
"31TBK3",3550648.45100542,2470640.98581186
"31TBK4",3545240.22501587,2420977.84893447
"31TBL3",3561544.74688716,2569990.76293566
"31TBL4",3556083.43347191,2520312.17973054
"31TCF1",3558664.28697826,2068874.33006798
"31TCF2",3552203.44171389,1994396.63712037
"31TCF3",3608593.89014784,2064071.7764516
"31TCG1",3567356.38592437,2168237.12524859
"31TCG2",3562999.58942779,2118547.83508692
"31TCG3",3617250.91577852,2163437.33923974
"31TCH1",3576133.16711311,2267659.04127055
"31TCH2",3571734.2764759,2217941.06126928
"31TCH3",3625995.88483457,2262861.0976915
"31TCH4",3621612.43881651,2213142.18687738
"31TCJ1",3584993.57676831,2367134.09645386
"31TCJ2",3580553.14784064,2317390.65758121
"31TCJ3",3634827.21089447,2362337.79656629
"31TCJ4",3630400.71346826,2312593.16145466
"31TCK1",3593937.07366374,2466655.68995642
"31TCK2",3589454.90127911,2416889.58088284
"31TCK3",3643745.25985482,2461860.83720617
"31TCK4",3639275.32739291,2412093.94997704
"31TCL1",3602962.59307838,2566217.80749286
"31TCL2",3598439.82746711,2516431.95093252
"31TCL3",3652748.33605071,2561424.40489528
"31TCL4",3648236.13474213,2511637.92373797
"31TCM1",3612070.6923986,2665814.73302737
"31TCM2",3607506.22835425,2616012.28012523
"31TCM3",3661836.62513179,2661021.89305425
"31TCM4",3657281.77735366,2611219.22758245
"31TCN1",3621259.70511211,2765439.50651142
"31TCN2",3616654.96414045,2715623.89647493
"31TCN3",3671009.26743856,2760646.87964369
"31TCN4",3666412.52990978,2710831.30331333
"31TDF1",3658545.1091879,2059322.4811214
"31TDF3",3708514.61092408,2054626.37478155
"31TDG1",3667167.20033016,2158685.72514709
"31TEJ1",3784436.80322108,2348183.72301174
"31TDG2",3662844.68897501,2108996.38833865
"31TDG3",3717100.64462446,2153982.42041631
"31TDG4",3712795.94627709,2104296.73589985
"31TDH1",3675879.37632199,2258106.6580777
"31TDH2",3671511.93439966,2208389.16486484
"31TDH3",3725780.20494752,2253396.24792357
"31TDH4",3721428.86293859,2203682.29341845
"31TDJ1",3684681.62246541,2357580.15961472
"31TDJ2",3680269.28380049,2307837.24292438
"31TDJ3",3734552.98010153,2352862.12081742
"31TDJ4",3730154.86432381,2303123.00450927
"31TDK1",3693573.24407623,2457100.19742175
"31TDK2",3689116.28563891,2407334.78287702
"31TDK3",3743417.73100988,2452374.65429633
"31TDK4",3738973.94014344,2402613.15990067
"31TDL1",3702553.64685772,2556660.21375393
"31TDL2",3698052.23424324,2506875.58154309
"31TDL3",3752374.65713603,2551925.86858182
"31TDL4",3747884.85224519,2502145.56761648
"31TDM1",3711621.9945792,2656253.8065968
"31TDM2",3707076.77113537,2606453.36188243
"31TDM3",3761422.78458473,2651511.30096887
"31TDM4",3756887.47833494,2601714.83394216
"31TDN1",3720777.54253696,2755875.32307584
"31TDN2",3716188.97219422,2706061.29753497
"31TDN3",3770561.07722051,2751124.30809441
"31TDN4",3765980.56913698,2701314.76999643
"31TEG1",3767047.87502749,2149328.10349956
"31TEG2",3762760.90763175,2099648.2882518
"31TEH1",3775694.32614276,2248730.00337119
"31TEH2",3771358.90118628,2199022.06732308
"31TEJ2",3780053.70731198,2298450.69101634
"31TEJ3",3834330.21929144,2343545.22362867
"31TEJ4",3829961.74310634,2293820.67079586
"31TEK1",3793275.3649866,2447683.75097182
"31TEK2",3788844.11243568,2397928.55769186
"31TEK3",3843141.06863135,2443027.95472764
"31TEK4",3838723.38026258,2393281.28657582
"31TEL1",3802208.20752653,2547222.29121202
"31TEL2",3797729.86067623,2497448.37882038
"31TEL3",3852049.76044558,2542549.90059983
"31TEL4",3847583.37374697,2492784.37140319
"31TEM1",3811235.31521874,2646794.7863245
"31TEM2",3806709.92762563,2597004.84079335
"31TEM3",3861055.7974031,2642104.6135086
"31TEM4",3856540.77499772,2592323.68990168
"31TEN1",3820356.35876292,2746394.52117016
"31TEN2",3815784.26801793,2696591.63635314
"31TEN3",3870158.73920073,2741686.39741022
"31TEN4",3865595.10238843,2691892.36054667
"31TFH1",3875547.16867445,2239531.61433752
"31TFJ1",3884228.80791937,2338947.39042775
"31TFJ2",3879875.23639189,2289233.37434463
"31TFJ3",3934128.73464991,2334390.25927053
"31TFJ4",3929790.22988996,2284689.41799465
"31TFK1",3893011.61728339,2438408.32010266
"31TFK2",3888607.72096478,2388672.61740548
"31TFK3",3942883.60502151,2433824.57303206
"31TFK4",3938493.0854204,2384102.46913675
"31TFL1",3901896.03927939,2537908.36414212
"31TFL2",3897441.23820823,2488153.80913525
"31TFL3",3951743.04239372,2533298.0536099
"31TFL4",3947300.21908724,2483556.91856971
"31TFM1",3910880.53503447,2637441.05519587
"31TFM2",3906375.89624089,2587670.93287906
"31TFM3",3960705.42180877,2632804.03787138
"31TFM4",3956211.58694262,2583047.10489089
"31TFN1",3919964.63626712,2736999.91156557
"31TFN2",3915410.08230872,2687217.58554034
"31TFN3",3969770.93938188,2732336.27187192
"31TFN4",3965225.37982906,2682567.12257361
"31TGH1",3947526.42610437,2232939.24542453
"31TGJ1",3979309.01772639,2330110.52407741
"31TGJ2",3975890.01161311,2280351.57131779
"31TGK1",3986207.20621616,2429661.03513678
"31TGK2",3982748.2399667,2379880.37067276
"31TGL1",3993184.55663126,2529250.48280719
"31TGL2",3989685.83994551,2479451.59893591
"31TGM1",4014916.8253193,2628078.81298361
"31TGM2",4012330.06416035,2578215.3574151
"31TGN1",4020129.5494548,2727820.96964287
"31TGN2",4017516.60291257,2677947.50036504
"31UCP1",3630529.304938,2865086.49812548
"31UCP2",3625884.6358333,2815260.95392301
"31UCP3",3680265.54305432,2860294.31283515
"31UCP4",3675626.9490238,2810468.5019756
"31UCQ1",3631008.59524179,2965458.87584368
"31UCQ2",3625143.36247066,2915745.62444995
"31UCQ3",3689604.90237199,2959957.44602134
"31UCQ4",3684924.78528235,2910124.30659189
"31UCR2",3636900.04565513,3015173.33306431
"31UCR4",3694305.52779215,3009793.01083723
"31UCS1",3654011.7050077,3164418.962931
"31UCS2",3648237.21858362,3114684.01976857
"31UCS3",3708530.70279335,3159305.7387083
"31UCS4",3703768.51204812,3109467.72017637
"31UCT1",3665638.09073295,3263883.12761901
"31UCT2",3659811.94124339,3214152.23426141
"31UCT3",3742983.84619853,3256580.46967065
"31UCT4",3713312.95654331,3209142.95316376
"31UCU1",3677367.11880855,3363334.66925048
"31UCU2",3671489.83477822,3313610.93509668
"31UCU3",3727781.5350397,3358643.02930783
"31UCU4",3722938.55144845,3308812.4626305
"31UCV2",3683269.7131781,3413053.70382197
"31UDP1",3730020.24306709,2855518.31965845
"31UDP2",3725387.95224682,2805694.55076053
"31UDP3",3779789.55708578,2850758.55614746
"31UDP4",3775164.21049051,2800939.26615304
"31UDQ1",3739348.92665039,2955176.87944845
"31UDQ2",3734673.84780262,2905346.05827323
"31UDQ3",3789107.32456017,2950407.70022474
"31UDQ4",3784437.52071883,2900581.759913
"31UDR1",3723898.11909596,3057236.86978633
"31UDR2",3744045.3868764,3005009.825862
"31UDR3",3798513.46268454,3050065.68812063
"31UDR4",3793799.39984146,3000236.0103
"31UDS2",3755882.43942996,3129597.04706777
"31UDS3",3808007.82874497,3149726.40188031
"31UDS4",3803249.72848847,3099895.94226188
"31UDU1",3777513.43644623,3353841.08968202
"31UDU2",3772669.40370327,3304013.48011016
"31UEP1",3829570.03305295,2846015.28325691
"31UEP2",3824951.55016442,2796202.78543032
"31UEP3",3879357.32842416,2841288.9097916
"31UEP4",3874746.20676598,2791485.46106993
"31UEQ1",3838875.94718422,2945650.67498366
"31UEQ2",3834211.32100767,2895831.68065497
"31UEQ3",3888651.5180808,2940906.11318928
"31UEQ4",3883992.54327869,2891096.07445635
"31UER1",3848273.79175081,3045294.58141866
"31UER2",3843563.41010496,2995471.98774099
"31UER3",3898040.3887425,3040531.3959427
"31UER4",3893334.15572888,2990718.06745496
"31UES1",3857762.49598474,3144940.96876887
"31UES2",3853006.72518528,3095117.71980828
"31UES3",3907523.31910021,3140158.68840483
"31UES4",3902769.87642,3090345.04730124
"31UET2",3862540.9998154,3194763.54442197
"31UET3",3917100.02377874,3239782.68999473
"31UET4",3912299.97895982,3189971.4868388
"31UFP1",3929147.99868279,2836579.8218426
"31UFP2",3924544.0495236,2786787.9342499
"31UFP3",3978938.24836914,2831888.69987592
"31UFP4",3974341.84314079,2782110.60618904
"31UFQ1",3938429.81463685,2936174.04126154
"31UFQ2",3933776.72935544,2886375.51669666
"31UFQ3",3997147.34633444,2930483.2669775
"31UFQ4",3993518.91300974,2880609.72774294
"31UFR1",3947809.37184361,3035776.26923029
"31UFR2",3943107.47116219,2985974.61663893
"31UFR3",4004380.21721569,3030249.69037644
"31UFR4",4000794.23419031,2980359.41082718
"31UFS1",3957285.9422654,3135380.30889631
"31UFS2",3952535.56532283,3085578.32157802
"31UFS3",4011829.62456122,3130003.9880351
"31UFS4",4008095.45046859,3080126.55992578
"31UFT1",3966859.27123073,3234980.25605824
"31UFT2",3962060.69197085,3185181.08240992
"31UFT3",4019353.66408616,3229757.05318554
"31UFT4",4015582.46206743,3179881.03916158
"31UFU1",3976528.44804155,3334569.74883896
"31UFU2",3971681.93622025,3284776.68735773
"31UFU3",4026951.38962665,3329502.79291251
"31UFU4",4023143.2327064,3279631.23206134
"31UFV4",4030778.2077594,3379370.75845064
"31UGP1",4025393.34746434,2827573.21338581
"31UGP2",4022755.18027566,2777696.90936094
"31VFE3",4087153.91257808,3926487.3122778
"31VFF1",4038447.7325814,4026854.72257401
"31VFF2",4037768.42268762,3976959.66450778
"31VFF3",4088537.11841119,4026305.13298032
"31VFF4",4087845.3659368,3976402.08796228
"31VFG1",4064868.87940899,4126338.07958193
"31VFG2",4064184.00444922,4076465.82522733
"31VFH1",4066238.93767825,4226038.58563716
"32TKR3",4026328.37172264,2527467.91458808
"31VFH2",4065554.01325702,4176196.10148435
"31VFJ1",4067608.2359146,4325674.77707042
"31VFJ2",4066923.82429604,4275864.9264085
"31VFK2",4068292.91897481,4375467.15694223
"32TKN3",4016696.23665212,2228250.54586767
"32TKP3",4019879.55520629,2327942.35821158
"32TKP4",4018284.32035912,2278089.83678125
"32TKQ3",4023090.35565656,2427683.9191219
"32TKQ4",4021481.56518135,2377807.08912655
"32TKR4",4024706.07847467,2477571.09295748
"32TLN1",4063904.37035126,2227626.43961494
"32TLP1",4065254.54442281,2327382.79499462
"32TLP2",4064579.31305507,2277497.94582231
"32TLP3",4115360.16555437,2326595.29585047
"32TLP4",4114698.47218488,2276703.98521486
"32TLQ1",4066607.26813261,2427191.88104948
"32TLQ2",4065930.50558984,2377281.24590841
"32TLQ3",4116688.29120157,2426416.53602868
"32TLQ4",4116023.34945856,2376499.73403266
"32TLR1",4067962.02202403,2527047.63227239
"32TLR2",4067284.61228116,2477114.20941582
"32TLR3",4118021.44025529,2526284.66045167
"32TLR4",4117354.16982159,2476345.10112516
"32TLS1",4069319.87700777,2626944.41083483
"32TLS2",4068640.43791381,2576991.24444481
"32TLS3",4119360.38171377,2626193.11841117
"32TLS4",4118690.10636383,2576234.16005068
"32TLT1",4070679.7761036,2726875.16134252
"32TLT2",4069999.4269786,2676905.78587926
"32TLT3",4120704.82321134,2726135.4591873
"32TLT4",4120032.01104983,2676160.4156999
"32TMP1",4165477.16951,2325847.03932001
"32TMP3",4215601.65992924,2325138.66013349
"32TMQ1",4166780.04568945,2425675.92459713
"32TMQ2",4166127.49180113,2375755.25561234
"32TMQ3",4216879.17377192,2424970.67105557
"32TMQ4",4216239.0204049,2375048.58851586
"32TMR1",4168091.73376184,2525551.42387362
"32TMR2",4167434.64138434,2475608.20897215
"32TMR3",4218168.99158227,2524848.25033806
"32TMR4",4217522.70856026,2474903.91840691
"32TMS1",4169411.96790261,2625467.11206679
"32TMS2",4168750.67939545,2575504.78519666
"32TMS3",4219470.56148685,2624766.89758704
"32TMS4",4218818.41979105,2574802.97609057
"32TMT1",4170740.51018268,2725417.31742207
"32TMT2",4170075.28281257,2675438.12959979
"32TMT3",4220783.43103213,2724719.93495325
"32TMT4",4220125.45691103,2674739.51937185
"32TNP1",4265729.16188816,2324469.8525741
"32TNP3",4315856.79041305,2323840.65347306
"32TNQ1",4266982.3611472,2424300.05992794
"32TNQ2",4266353.80497866,2374378.8861167
"32TNQ3",4317084.50682802,2423664.15804786
"32TNQ4",4316468.40796899,2373746.19280906
"32TNR1",4268249.98935718,2524175.81129634
"32TNR2",4267614.21333546,2474232.40072401
"32TNR3",4318330.16822597,2523534.16667633
"32TNR4",4317705.25203625,2473593.70688523
"32TNS1",4269532.45819483,2624092.59274135
"32TNS2",4268889.2716515,2574129.61173624
"32TNS3",4319593.85105162,2623444.24772307
"32TNS4",4318959.87546289,2573484.73612386
"32TNT1",4270830.02619094,2724043.71614622
"32TNT2",4270179.49331817,2674064.26002928
"32TNT3",4320875.62510442,2723388.72324438
"32TNT4",4320232.40157732,2673412.41793629
"32TPM3",4413813.90946455,2123272.76336217
"32TPN1",4364798.59208673,2223491.82890773
"32TPN2",4364216.17798668,2173633.74670871
"32TPN3",4414942.10107564,2222958.02806617
"32TPN4",4414375.06358176,2173107.76204106
"32TPP1",4365980.07918699,2323251.4844866
"32TPP2",4365386.67893584,2273364.59012242
"32TPP3",4416095.20348005,2322702.08512422
"32TPP4",4415515.43171281,2272823.14490313
"32TPQ1",4367182.31524357,2423063.76639797
"32TPQ2",4366578.72136118,2373151.46214087
"32TPQ3",4417272.41276398,2422498.34789265
"32TPQ4",4416680.71541886,2372594.2989613
"32TPR1",4368406.28706938,2522922.72933057
"32TPR2",4367791.66305253,2472987.77440125
"32TPR3",4418474.32856835,2522341.5555622
"32TPR4",4417870.20523469,2472414.57765845
"32TPS1",4369651.03347638,2622821.84245327
"32TPS2",4369026.15347285,2572867.57734688
"32TPS3",4419699.91850019,2622224.97898369
"32TPS4",4419084.37232288,2572278.3773504
"32TPT1",4370916.65826498,2722754.64648934
"32TPT2",4370281.15063966,2672784.39801459
"32TPT3",4420949.9310287,2722142.44344954
"32TPT4",4420321.93998825,2672179.70891941
"32TQM1",4462839.6751113,2122660.21604245
"32TQN1",4462158.31385363,2222326.33413649
"32TQN2",4462498.94836584,2172485.59081229
"32TQP1",4461476.49182658,2322050.78366094
"32TQP2",4461817.6140836,2272181.57229964
"32TQQ1",4460794.27414928,2421825.43014013
"32TQQ2",4461135.52956788,2371932.1063388
"32TQR1",4460111.44358274,2521643.7887285
"32TQR2",4460452.7300196,2471729.83670916
"32TQS1",4474122.77808297,2621893.49489654
"32TQS2",4475416.58555296,2571987.56752242
"32TQT1",4471515.81468028,2721721.90567682
"32TQT2",4472822.45529508,2671805.08592989
"32ULA1",4067924.87354346,3026778.37011454
"32ULA2",4066348.80002866,2976799.80283423
"32ULA3",4124769.63745199,3026108.78397475
"32ULA4",4124088.83956954,2976102.79662898
"32ULB1",4071321.25899636,3126744.00414494
"32ULB2",4069619.76300481,3076760.39845025
"32ULB3",4126135.10971395,3126127.31877857
"32ULB4",4125451.70920432,3076117.11422539
"32ULC1",4074744.80974817,3226712.38984838
"32ULC2",4073029.53354789,3176728.22994444
"32ULC3",4127505.44658457,3226149.56583646
"32ULC4",4126819.52344098,3176138.28192031
"32ULD1",4078195.61984949,3326677.3459887
"32ULD2",4076466.82911968,3276695.75650544
"32ULD3",4128880.84576979,3326169.14524595
"32ULD4",4128192.49794026,3276160.06844447
"32ULE2",4079931.00504494,3376656.51949953
"32ULE4",4129570.24680091,3376176.13461271
"32ULU1",4072041.89203965,2826834.26087296
"32ULU2",4071360.70001134,2776851.90915413
"32ULU3",4122054.4990339,2826106.60763322
"32ULU4",4121378.94547024,2776118.13995456
"32ULV1",4064698.36150022,2926822.50211716
"32ULV2",4063055.36254022,2876848.74012255
"32ULV3",4123409.44101206,2926099.81493928
"32ULV4",4122731.22619948,2876100.83682611
"32UMA1",4174777.27981697,3025412.08040014
"32UMA2",4174099.30382125,2975402.47532007
"32UMA3",4224791.85562355,3024722.49823033
"32UMA4",4224116.77639995,2974711.69440402
"32UMB1",4176139.40979248,3125437.50656571
"32UMB2",4175457.56050745,3075423.84086112
"32UMB3",4226150.77812267,3124750.61321767
"32UMB4",4225469.96773661,3074735.60335099
"32UMC1",4177509.48641879,3225467.11922267
"32UMC2",4176823.46864453,3175452.17435657
"32UMC3",4227520.56881056,3224782.70612042
"32UMC4",4226834.30327111,3174766.74141048
"32UMD1",4178887.96549299,3325493.83710474
"32UMD2",4178197.8904675,3275481.28489342
"32UMD3",4228901.89548209,3324812.04489023
"32UMD4",4228209.89642386,3274797.93627522
"32UME1",4180274.30353208,3425511.70456688
"32UME2",4179580.06186311,3375504.33422952
"32UME3",4230294.09353369,3424832.01371228
"32UME4",4229596.45336579,3374823.57595721
"32UMF3",4231697.35540114,3524837.52715243
"32UMF4",4230994.30070422,3474837.01873781
"32UMG1",4183070.4077842,3625496.48098182
"32UMG3",4233111.3622317,3624821.7131941
"32UMG4",4232402.93207944,3574832.79622186
"32UMU1",4172077.875001,2825395.63735627
"32UMU2",4171408.00754858,2775403.37081658
"32UMU3",4222108.17577066,2824701.07869558
"32UMU4",4221444.44352676,2774707.49279192
"32UMV1",4173423.4110495,2925396.10297165
"32UMV2",4172749.59764261,2875393.50412954
"32UMV3",4223444.44818247,2924703.95955546
"32UMV4",4222775.06922284,2874700.31187253
"32UNA1",4274809.4906467,3024040.32103434
"32UNA2",4274137.07585274,2974030.53868579
"32UNA3",4324826.38260562,3023365.600373
"32UNA4",4324156.92385332,2973359.05242472
"32UNB1",4276164.80263885,3124066.37024406
"32UNB2",4275485.29193201,3074052.40008694
"32UNB3",4326178.35844859,3123384.82031173
"32UNB4",4325499.95137669,3073374.27980727
"32UNC1",4277534.77618001,3224096.34587068
"32UNC2",4276847.98442762,3174081.44574072
"32UNC3",4327547.92029987,3223408.09605248
"32UNC4",4326860.93795385,3173396.33634058
"32UND1",4278918.5571396,3324123.53607936
"32UND2",4278224.84050635,3274110.50853142
"32UND3",4328934.41625977,3323428.35963027
"32UND4",4328238.84905821,3273419.05509316
"32UNE1",4280316.62744812,3424141.30868395
"32UNE2",4279615.9985706,3374133.96987239
"32UNE3",4330338.2256073,3423439.64078156
"32UNE4",4329634.25956906,3373435.5775569
"32UNF1",4281728.65677446,3524144.58477859
"32UNF2",4281020.95001429,3474145.19891996
"32UNF3",4331759.29971938,3523436.01662848
"32UNF4",4331046.57479397,3473439.99292014
"32UNG1",4283154.77752568,3624126.48545981
"32UNG2",4282440.05320482,3574138.71469645
"32UNG3",4333197.26922691,3623410.84567992
"32UNU1",4272141.93565849,2824022.91510888
"32UNU2",4271484.07790844,2774030.30866082
"32UNU3",4322174.79070322,2823361.20508222
"32UNU4",4321523.12788485,2773371.86885454
"32UNV1",4273468.3509293,2924023.81283069
"32UNV2",4272803.14632271,2874021.16673193
"32UNV3",4323491.82654972,2923355.70708295
"32UNV4",4322831.11030854,2873356.10505603
"32UPA1",4374838.65046396,3022698.15790523
"32UPA2",4374172.13767017,2972697.26396229
"32UPA3",4431687.99176877,3021817.12099794
"32UPA4",4431901.53353981,2971814.50793095
"32UPB1",4376187.04187644,3122706.35230973
"32UPB2",4375510.30799491,3072701.34314014
"32UPB3",4431004.36260419,3121823.19549872
"32UPB4",4431346.28174157,3071819.27954723
"32UPC1",4377556.08390634,3222718.04506659
"32UPC2",4376869.13664884,3172712.061122
"32UPC3",4430319.05901959,3221832.76431587
"32UPC4",4430662.03579142,3171827.91689179
"32UPD1",4378945.40170994,3322726.86085513
"32UPD2",4378248.23424633,3272723.19166494
"32UPD3",4429631.6471152,3321839.70189278
"32UPD4",4429975.50077177,3271836.94560376
"32UPE1",4380355.10965646,3422726.93751941
"32UPE2",4379647.81131628,3372728.3841504
"32UPE3",4428942.73424165,3421837.11336955
"32UPE4",4429287.65155525,3371840.06841021
"32UPF2",4381067.27120803,3472721.48812843
"32UPF4",4428597.55702409,3471829.96825936
"32UPU1",4372203.2763018,2822716.05774365
"32UPU2",4371557.42408495,2772732.48196356
"32UPU3",4422223.55578653,2822087.84717238
"32UPU4",4421583.71103524,2772112.2904319
"32UPV1",4373510.66302883,2922699.32763983
"32UPV2",4372854.47011893,2872705.34099097
"32UPV3",4432268.98785714,2921817.96480981
"32UPV4",4432635.58485392,2871825.15041507
"32UQU1",4468882.73530494,2821562.09600882
"32UQU2",4470202.5647412,2771641.61233551
"32VLK3",4137233.09053761,3925887.84947976
"32VLK4",4136530.72363955,3875955.88437467
"32VLL3",4138640.67709341,4025716.91221124
"32VLL4",4137936.3771146,3975808.33882095
"32VLM3",4140052.74765311,4125494.69606692
"32VLM4",4139346.07614663,4075612.67776556
"32VLN3",4141469.1184847,4225213.9023981
"32VLN4",4140760.52313249,4175361.92637466
"32VLP3",4142889.28515683,4324869.68430679
"32VLP4",4142178.63956727,4275050.07867501
"32VLQ3",4144313.6395725,4424454.84691161
"32VLQ4",4143600.98296404,4374671.33411655
"32VMH1",4184479.92309868,3725451.15901497
"32VMH2",4183774.62062872,3675477.58480554
"32VMH3",4234536.17073771,3724778.56950869
"32VMH4",4233822.3325849,3674804.02846766
"32VMK1",4187322.38201381,3925253.78061324
"32VMK2",4186608.90359673,3875318.64421054
"32VMK3",4237418.02453027,3924585.50067976
"32VMK4",4236693.47082424,3874649.2170248
"32VML1",4188754.39641631,4025089.98701507
"32VML2",4188037.68542048,3975177.97268797
"32VML3",4238874.67364499,4024423.95376721
"32VML4",4238144.94044345,3974511.02097724
"32VMM1",4190194.10006353,4124873.93115693
"32VMM2",4189473.40351943,4074988.74681393
"32VMM3",4240341.85156871,4124210.21001913
"32VMM4",4239606.86048796,4074323.82464509
"32VMN1",4191641.34160401,4224600.00220165
"32VMN2",4190916.81891951,4174744.71728206
"32VMN3",4241819.45744667,4223938.26460792
"32VMN4",4241079.40266422,4174081.89436352
"32VMP1",4193095.28594965,4324262.51148216
"32VMP2",4192367.38002367,4274439.60267277
"32VMP3",4243307.29447489,4323602.61397327
"32VMP4",4242562.13275923,4273778.66323514
"32VMQ1",4194556.53076377,4423854.40318395
"32VMQ2",4193824.9838443,4374067.56206008
"32VMQ3",4244805.3827209,4423196.62207675
"32VMQ4",4244055.15350182,4373408.76001346
"32VMR4",4245558.33972068,4472965.35749352
"32VNH1",4284594.77262517,3724081.01151674
"32VNH2",4283873.13715843,3674107.63874972
"32VNH3",4334652.42564007,3723358.53215372
"32VNH4",4333922.31744855,3673388.48227227
"32VNJ2",4285319.99054139,3774045.97396632
"32VNJ4",4335385.93242416,3773320.29719588
"32VNK1",4287515.89831333,3923883.14937624
"32VNL1",4288997.123749,4023719.13119479
"32VNL2",4288254.91105455,3973807.43722862
"32VNL3",4339118.39207118,4022975.56814455
"32VNL4",4338363.22317368,3973067.28443892
"32VNM1",4290491.8465091,4123502.8701245
"32VNM2",4289742.88886697,4073617.746722
"32VNM3",4340640.44103716,4122751.9647531
"32VNM4",4339877.26469061,4072870.57430517
"32VNN1",4292000.01503945,4223228.35998559
"32VNN2",4291244.20807512,4173373.27939666
"32VNN3",4342178.832506,4222470.34957496
"32VNN4",4341407.56731211,4172618.92616035
"32VNP1",4293521.69079422,4322890.09287994
"32VNP2",4292759.13470593,4273067.45781808
"32VNP3",4343734.26054623,4322125.01028096
"32VNP4",4342954.52290858,4272306.04332481
"32VNQ1",4295056.68602473,4422481.43505011
"32VNQ2",4294287.43562773,4372694.91479679
"32VNQ3",4345305.94726811,4421708.90854547
"32VNQ4",4344518.08976533,4371926.08194982
"32VNR1",4296604.80010434,4521996.029081
"32VNR2",4295829.06334764,4472248.82135921
"32VNR3",4346894.02755511,4521216.40704623
"32VNR4",4346098.02935333,4471472.83509872
"32VPH1",4384704.59938391,3722611.15929458
"32VPH2",4383967.06403957,3672646.7317068
"32VPK3",4413145.67505852,3922069.3663912
"32VPK4",4414609.99188508,3872156.49266805
"32VPL1",4389233.98592759,4022193.35565591
"32VPL2",4388466.73409682,3972290.97571329
"32VPL3",4435254.22219015,4021465.95214084
"32VPL4",4436724.14043134,3971626.68988521
"32VPM1",4398967.83048159,4121664.83747116
"32VPM2",4399459.85236251,4071775.7320847
"32VPN1",4398286.2375541,4221409.13516063
"32VPN2",4398644.83753561,4171550.99706489
"32VPP1",4397566.99806845,4321076.40124528
"32VPP2",4397926.7329966,4271251.16244682
"32VPQ1",4396844.45127852,4420672.39694642
"32VPQ2",4397205.99630265,4370883.69955823
"32VPR1",4396119.50320611,4520190.63470703
"32VPR2",4396482.5434252,4470441.8622768
"32WNS2",4297383.83879008,4571723.08868943
"32WNS3",4348498.5711243,4620641.87812078
"32WNS4",4347694.15097321,4570939.83960752
"32WPS1",4395459.186043,4619412.4105803
"32WPS2",4395755.9536832,4569918.0641355
"32WPT2",4394974.57603172,4669092.90514759
"33SWC3",4834275.3910027,1745916.75482761
"33SWC4",4838717.08034821,1671510.67082919
"33SWD3",4828293.78535004,1845204.26105478
"33SWD4",4831292.90086457,1795550.16782209
"33SWE2",4775127.88358972,1891512.44589487
"33SWE4",4825278.42129087,1894878.36697866
"33SXC1",4884476.51702056,1749344.87746612
"33SXC2",4887466.17032586,1699734.3539848
"33SXD1",4878450.41149642,1848631.04672901
"33SXD2",4881471.36249225,1798977.43864109
"33SXD3",4928588.08832971,1852120.06891164
"33SXD4",4931630.77817868,1802469.36928925
"33SXE2",4875414.02393033,1898304.50450559
"33SYE2",4978807.09043355,1905441.43805666
"33TTF3",4514897.06218416,2024417.29596478
"33TTG3",4510683.90911921,2123929.22421505
"33TTG4",4512797.22689336,2074164.94657705
"33TTH3",4506417.11275783,2223503.73037472
"33TTH4",4508557.22434762,2173708.90750519
"33TTJ3",4502096.40201144,2323134.79667641
"33TTJ4",4504263.28262074,2273312.80022205
"33TTK3",4522712.69512222,2424541.57780068
"33TTK4",4499916.1848823,2372968.67085943
"33TTL3",4493296.25890473,2522534.95633528
"33TTL4",4495516.1136069,2472669.9819173
"33TUF1",4565608.25937447,2027695.55079385
"33TUF3",4615719.6034849,2030850.8108533
"33TUG1",4559611.12722609,2127140.08200113
"33TUG2",4562619.4687937,2077409.64985782
"33TUG3",4609686.26824672,2130318.16947842
"33TUG4",4612712.52504975,2080576.53224479
"33TUH1",4553535.21199344,2226645.77039799
"33TUH2",4556583.03396982,2176885.65874489
"33TUH3",4603577.488763,2229846.21827064
"33TUH4",4606641.29059968,2180074.85206914
"33TUJ1",4547380.56767011,2326206.53912535
"33TUJ2",4550467.8362195,2276420.02813202
"33TUJ4",4600494.48883645,2279631.28392128
"33TUK3",4591133.39802595,2429061.62474202
"33TUL1",4534837.05225468,2525467.38364646
"33TUL2",4538002.3954837,2475636.59162657
"33TUL3",4584799.00107522,2528736.52173666
"33TUL4",4587975.48767717,2478894.08222746
"33TUM1",4528449.7870585,2625155.78807185
"33TUM2",4531652.82449737,2575307.32735368
"33TUM3",4578390.83995375,2628447.72251631
"33TUM4",4581604.03217959,2578587.89027478
"33TUN1",4521985.60243789,2724873.85116286
"33TUN2",4525227.14305888,2675011.34772665
"33TUN3",4571909.19067575,2728188.75220767
"33TUN4",4575159.26508305,2678314.87894943
"33TVE1",4671827.50541132,1934643.76731451
"33TVE3",4721975.8064296,1937894.80608662
"33TVF1",4665831.65759316,2034060.6916849
"33TVF2",4668838.92643029,1984343.25922291
"33TVF3",4715941.12836986,2037324.62501405
"33TVF4",4718967.19534222,1987601.0582697
"33TVG1",4659762.96826304,2133545.88271986
"33TVG2",4662806.35603466,2083795.20076411
"33TVG3",4709836.65600904,2136822.65305971
"33TVG4",4712897.71418988,2087065.58001081
"33TVH1",4653621.01517218,2233091.53271054
"33TVH2",4656701.0165074,2183311.31676326
"33TVK1",4641120.58952086,2432343.01920401
"33TVK3",4691106.01473583,2435660.32637943
"33TVK4",4694271.07401977,2385822.59075669
"33TVL1",4634763.09707241,2532036.24377424
"33TVL2",4637950.58039251,2482184.63085999
"33TVL3",4684725.41391401,2535366.56927521
"33TVL4",4687924.33313577,2485508.36326147
"33TVM1",4628334.58103374,2631765.82697873
"33TVM2",4631557.56800976,2581897.0224707
"33TVM3",4678276.90722404,2635110.28316497
"33TVM4",4681509.71504557,2585234.28621054
"33TVN1",4621835.31019742,2731526.07862853
"33TVN2",4625093.85035837,2681642.3557479
"33TVN3",4671760.62650351,2734884.76118912
"33TVN4",4675027.07707225,2684994.06784708
"33TWE1",4772116.53493247,1941204.18340119
"33TWE3",4822246.92372877,1944571.72914466
"33TWF1",4766044.00445384,2040642.24973622
"33TWF2",4769088.74220326,1990914.54651484
"33TWF3",4816136.10287159,2044013.30032482
"33TWF4",4819199.41022612,1994283.4610298
"33TWG1",4759903.89171257,2140148.64016552
"33TWG2",4762982.2296463,2090387.35388324
"33TWG4",4813056.47957587,2093760.30632025
"33TWJ1",4747424.49935952,2339339.37006271
"33TWJ3",4797420.85861842,2342722.23141725
"33TWJ4",4800579.47234438,2292901.99722205
"33TWK1",4741086.42294151,2439012.57566729
"33TWK2",4744263.55055516,2389170.31728687
"33TWK3",4791056.72496451,2442399.43305858
"33TWK4",4794246.60872148,2392555.01477283
"33TWL1",4734682.6843519,2538727.91587428
"33TWL2",4737892.58668622,2488865.12428518
"33TWL3",4784630.36017196,2542119.98408962
"33TWL4",4787851.44632016,2492254.65926511
"33TWM1",4728214.11603618,2638480.91583157
"33TWM2",4731456.36137432,2588600.23798765
"33TWM3",4778142.40945184,2641877.47416389
"33TWM4",4781394.15524222,2591994.65799155
"33TWN1",4721681.5587407,2738264.91998859
"33TWN2",4724955.93923525,2688369.45124757
"33TWN3",4771593.44765854,2741666.24398645
"33TWN4",4774875.45840323,2691768.17430626
"33TXE1",4872362.49235261,1947997.20650793
"33TXE3",4922459.4475987,1951480.1984962
"33TXF1",4866213.40235551,2047437.62899256
"33TXF2",4869295.59855436,1997708.58860805
"33TXF3",4916272.5706899,2050915.38850603
"33TXF4",4919372.99462557,2001188.91678315
"33TXH3",4903726.6225973,2249984.43769475
"33TXJ1",4847403.43387571,2346144.75444987
"33TXJ2",4850575.84980596,2296324.53893601
"33TXJ3",4897368.43562525,2349606.38336864
"33TXJ4",4900554.43120935,2299788.82500283
"33TXK1",4841013.57644822,2445821.44188027
"33TXK2",4844216.08299156,2395977.31464566
"33TXK3",4890953.65873914,2449277.80443916
"33TXK4",4894167.99023841,2399436.50937655
"33TXL1",4834565.25791235,2545541.93503798
"33TXL2",4837796.77080151,2495676.57961635
"33TXL3",4884483.37250878,2548993.50901526
"33TXL4",4887725.33475355,2499130.60746021
"33TXM1",4828058.09653318,2645299.64525434
"33TXM2",4831319.09398395,2595416.45454996
"33TXM3",4877957.13861288,2648746.70852692
"33TXM4",4881227.44138142,2598865.57492439
"33TXN1",4821492.76209261,2745088.14035973
"33TXN2",4824782.58371427,2695190.40163183
"33TXN3",4871376.24606914,2748531.31073618
"33TXN4",4874673.56915809,2698635.34157117
"33TYE1",4974868.83525803,1955059.46963186
"33TYF2",4970909.91474495,2004695.82129546
"33UUT2",4488183.97623954,3173404.91115372
"33TYH1",4950805.2342298,2253120.0294794
"33TYH2",4954867.24308845,2203405.60279582
"33TYJ1",4942619.96146361,2352587.59146386
"33TYJ2",4946722.90831253,2302847.54228529
"33TYK1",4934353.97229945,2452099.7156425
"33TYK2",4938497.12644405,2402338.36488464
"33TYL1",4926007.63618368,2551649.90782947
"33TYL2",4930190.5844284,2501870.72690557
"33TYM1",4932184.9603198,2652811.90893107
"33TYM2",4937354.33090678,2603118.47218447
"33TYN1",4921768.66263688,2752208.88134808
"33TYN2",4926989.65698408,2702508.85228885
"33UUA2",4473593.97483683,3473074.96441034
"33UUA4",4520996.33745275,3476593.42882698
"33UUB3",4510336.78502501,3626208.00852268
"33UUB4",4513907.1283529,3576343.22967492
"33UUP1",4515445.16880357,2824615.95632443
"33UUP2",4518724.9976216,2774742.65096442
"33UUP3",4565354.24283794,2827954.50887477
"33UUP4",4568640.75897904,2778069.24131445
"33UUQ1",4499905.34715344,2923657.18351202
"33UUQ2",4502259.4059156,2873717.23625007
"33UUQ3",4558726.60838541,2927738.24585793
"33UUQ4",4562049.39301516,2877844.50590636
"33UUR1",4495314.47359634,3023553.41381495
"33UUR2",4497539.38365268,2973600.41111374
"33UUR3",4552026.81675476,3027533.66304528
"33UUR4",4555385.64987551,2977634.95820472
"33UUS1",4490573.22067758,3123453.79193803
"33UUS2",4492950.13686201,3073502.97912235
"33UUS3",4545255.41746962,3127334.56365107
"33UUS4",4548650.04077443,3077433.68668144
"33UUT1",4485782.68366519,3223355.67029679
"33UUT3",4538412.49627118,3227135.05642396
"33UUT4",4541842.72535759,3177235.15311126
"33UUU1",4480943.47252493,3323252.88717264
"33UUU2",4483369.14582726,3273305.3221087
"33UUU3",4531498.78393853,3326928.77494511
"33UUU4",4534964.44206399,3277033.14088814
"33UUV1",4476055.85694425,3423138.68781069
"33UUV2",4478505.5401355,3373197.71307043
"33UUV3",4524514.49132851,3426709.83821643
"33UUV4",4528015.33430921,3376821.27607067
"33UVA2",4570890.65443611,3480077.08427644
"33UVB1",4585201.97629495,3631470.1934545
"33UVB2",4563810.32256772,3579847.50549654
"33UVP1",4615266.35523306,2831310.64051265
"33UVP2",4618559.42601174,2781415.7216663
"33UVP3",4665177.69369377,2834683.7724898
"33UVP4",4668477.57316095,2784781.70884464
"33UVQ1",4608627.58605488,2931113.49208283
"33UVQ2",4611955.63894011,2881210.18017022
"33UVQ3",4658528.31314722,2934500.92599832
"33UVQ4",4661861.46362708,2884590.60676123
"33UVR1",4601919.73114047,3030928.01547128
"33UVR2",4605282.26633768,2981019.6175129
"33UVR3",4651812.61670403,3034330.11552096
"33UVR4",4655178.73466667,2984414.43989782
"33UVS1",4595143.23677287,3130748.14264737
"33UVS2",4598540.29144567,3080837.62782882
"33UVS3",4645031.50135498,3134165.29534839
"33UVS4",4648430.30509567,3084247.20880939
"33UVT1",4588298.2361222,3230568.58348483
"33UVT2",4591729.28134715,3180658.7097522
"33UVT3",4638184.79624621,3234000.81705741
"33UVT4",4641616.28767367,3184083.59063169
"33UVU1",4581385.77390206,3330382.29763848
"33UVU2",4584850.61477162,3280476.74375285
"33UVU3",4631273.72795555,3333830.00954568
"33UVU4",4634737.39524042,3283916.42995663
"33UVV1",4574405.80257336,3430183.28426363
"33UVV2",4577904.09913124,3380284.83128785
"33UVV3",4624298.18317793,3433646.20782796
"33UVV4",4627793.80261204,3383740.09310945
"33UWA2",4670679.63095159,3487005.78286834
"33UWA4",4720566.62003381,3490450.25592021
"33UWP1",4715084.80421201,2838073.61080143
"33UWP2",4718391.05343265,2788166.67216582
"33UWP3",4764983.33354385,2841479.86319626
"33UWP4",4768296.09317986,2791570.35963718
"33UWQ1",4708424.56708529,2937900.63487657
"33UWQ2",4711762.39424853,2887985.33038121
"33UWQ3",4758313.06328714,2941312.39745469
"33UWQ4",4761655.7188012,2891394.1694392
"33UWR1",4701701.5886199,3037739.9308647
"33UWR2",4705070.8800922,2987819.17089545
"33UWR3",4751582.85423364,3041157.20388194
"33UWR4",4754955.43249131,2991233.58937795
"33UWS1",4694915.83567841,3137585.39292456
"33UWS2",4698316.45470571,3087662.1312661
"33UWS3",4744793.12290279,3141008.2222191
"33UWS4",4748195.16770826,3091082.15169069
"33UWT1",4688068.27029203,3237431.45355047
"33UWT2",4691499.75899668,3187508.92805814
"33UWT3",4737944.48102149,3240860.20527887
"33UWT4",4741376.13046156,3190934.47725678
"33UWU1",4681158.60076185,3337271.34058892
"33UWU2",4684621.08034566,3287352.37989723
"33UWU3",4731036.86757109,3340706.04618102
"33UWU4",4734497.80668133,3290784.32662583
"33UWV1",4674187.85700232,3437098.47086571
"33UWV2",4677681.02434069,3387186.88607269
"33UWV3",4724071.15438804,3440539.81709442
"33UWV4",4727561.33833779,3390624.90249858
"33UXA1",4766929.26141184,3543787.24742859
"33UXA2",4770443.45614575,3493881.14997038
"33UXA3",4813275.95080353,3546754.37365401
"33UXA4",4817848.81939815,3496933.07396645
"33UXP1",4814869.82228408,2844902.36107254
"33UXP2",4818188.51479924,2794992.74543039
"33UXP3",4864740.42065137,2848341.16985137
"33UXP4",4868065.06607981,2798433.71221727
"33UXQ1",4808189.63183493,2944735.55949153
"33UXQ2",4811536.94669146,2894816.97548927
"33UXQ3",4866901.41241065,2948648.33722984
"33UXQ4",4871326.89145848,2898811.25303001
"33UXR1",4801452.56277465,3044581.44113436
"33UXR2",4804828.22349408,2994657.38445281
"33UXR3",4858141.87213818,3048351.87512628
"33UXR4",4862455.88613806,2998487.67720078
"33UXS1",4794658.94556292,3144433.81047926
"33UXS2",4798062.81267466,3094507.07370865
"33UXS3",4849323.64931606,3148049.80220307
"33UXS4",4853742.43395741,3098200.66464313
"33UXT1",4787809.52051275,3244286.83753274
"33UXT2",4791241.33830297,3194360.55346957
"33UXT3",4840427.5025245,3247745.51943381
"33UXT4",4844885.40008493,3197898.32026235
"33UXU1",4780904.44574521,3344134.13288738
"33UXU2",4784363.93376117,3294211.58192032
"33UXU3",4831453.51382696,3347432.86662148
"33UXU4",4835950.09103238,3297590.61328562
"33UXV1",4773944.3193211,3443969.85866418
"33UXV2",4777431.33573042,3394053.84217888
"33UXV3",4822402.86202147,3447105.00158211
"33UXV4",4826938.00383311,3397271.32795915
"33UYP1",4911249.52358695,2851609.00155798
"33UYP2",4916521.88208459,2801909.63298059
"33VUC2",4463626.62944947,3672753.69854373
"33VUC3",4503143.58321755,3725913.50923416
"33VUC4",4506748.80216805,3676064.97020941
"33VUD1",4441098.89390263,3821998.13270861
"33VUD2",4442545.258753,3772092.57049264
"33VUD3",4495881.76638499,3825581.2980096
"33VUD4",4499521.15161807,3775752.65969168
"33VUE3",4488551.56265599,3925205.299815
"33VUE4",4492225.11749179,3875399.24368237
"33VUF3",4481153.06670811,4024779.3585341
"33VUF4",4484860.83762759,3974998.81622505
"33VUG3",4465462.52655535,4123572.01954108
"33VUG4",4468206.11980836,4073753.64603963
"33VUH3",4460245.98393809,4223163.01883299
"33VUH4",4462877.98133763,4173366.50565825
"33VUJ3",4454948.53154812,4322705.56771705
"33VUJ4",4457603.04733317,4272942.94496869
"33VUK3",4449607.36096625,4422174.92221283
"33VUK4",4452283.53297944,4372449.79412988
"33VUL3",4444221.89426448,4521564.54102722
"33VUL4",4446919.86514956,4471880.30991116
"33VVC1",4553065.2766833,3729448.7815871
"33VVC2",4556663.88921881,3679590.00371675
"33VVC3",4602989.60174961,3732959.74768898
"33VVC4",4606580.42959729,3683092.9667452
"33VVD1",4545820.14123731,3829137.82096504
"33VVD2",4549451.04157301,3779298.37963038
"33VVD3",4595760.91087668,3832665.13859062
"33VVD4",4599382.97218331,3782817.21572536
"33VVE1",4538509.26946337,3928782.64968824
"33VVE2",4542172.68586168,3878966.16351036
"33VVE3",4588469.89290374,3932326.5503697
"33VVE4",4592123.0241965,3882501.65112265
"33VVF1",4531133.16190016,4028378.5681822
"33VVF2",4534829.53319734,3978587.20699509
"33VVF3",4581116.82369392,4031939.47279394
"33VVF4",4584800.95750473,3982139.75160704
"33VVG1",4523692.84411053,4127918.32460153
"33VVG2",4527421.12709791,4078155.73206298
"33VVG3",4573702.3520473,4131496.56218413
"33VVG4",4577417.16261359,4081725.20802198
"33VVH1",4516188.58941871,4227396.29049202
"33VVH2",4519948.70793273,4177665.55094876
"33VVH3",4566226.83646089,4230991.80561725
"33VVH4",4569972.24711637,4181252.30083488
"33VVJ1",4508619.99045884,4326806.70106525
"33VVJ2",4512412.20704458,4277110.33286335
"33VVJ3",4558690.48866656,4330419.68090961
"33VVJ4",4562466.28439801,4280714.42854748
"33VVK1",4500988.18610591,4426142.55049473
"33VVK2",4504811.95816238,4376484.22310674
"33VVK3",4551093.83359291,4429773.55542482
"33VVK4",4554899.77006883,4380106.22595379
"33VVL1",4493293.31633889,4525398.17977145
"33VVL2",4497148.50958656,4475781.01524354
"33VVL3",4543437.38955598,4529047.07291481
"33VVL4",4547273.09918741,4479420.8573469
"33VWC1",4652912.03756778,3736446.12308801
"33VWC2",4681448.68901591,3688302.33372162
"33VWC3",4727780.14951598,3741625.6545493
"33VWD1",4645700.20588408,3836163.32176221
"33VWD2",4649313.67746999,3786309.48195676
"33VWD3",4695634.57820131,3839632.12263085
"33VWD4",4699238.83489425,3789774.87027809
"33VWE1",4638429.31673643,3935836.78616522
"33VWE2",4642072.27119365,3886005.8505688
"33VWE3",4713354.33728389,3941033.93250315
"33VWE4",4716981.43629114,3891198.47064516
"33VWF1",4631099.65583306,4035462.01041667
"33VWF2",4634771.89575603,3985656.12248475
"33VWF3",4681078.31386269,4038945.93708146
"33VWF4",4684737.98681482,3989136.00493539
"33VWG1",4623711.544041,4135031.63092121
"33VWG2",4627412.9821883,4085253.99476815
"33VWG3",4673716.78744793,4138523.26469741
"33VWG4",4677404.37458105,4088741.78629662
"33VWH1",4616265.38864739,4234539.64149041
"33VWH2",4619995.65082406,4184793.71681239
"33VWH3",4666300.07701671,4238039.49222387
"33VWH4",4670015.26257372,4188289.53027753
"33VWJ1",4608761.65851929,4333980.54159482
"33VWJ2",4612520.67294529,4284268.73975687
"33VWJ3",4658829.29886832,4337488.97305387
"33VWJ4",4662571.52183855,4287772.98228403
"33VWK1",4601200.67097248,4433347.68717392
"33VWK2",4604988.20885182,4383673.67809512
"33VWK3",4651304.21906662,4436864.6138842
"33VWK4",4655073.54601719,4387186.30214816
"33VWL1",4593582.7013181,4532634.70794101
"33VWL2",4597398.73066769,4483001.70493379
"33VWL3",4643725.38083691,4536160.79461221
"33VWL4",4647521.55992468,4486523.27058316
"33VXD2",4747357.72214511,3818141.95030531
"33VXF1",4731048.31792707,4042390.95492068
"33VXF2",4734696.06669132,3992579.53689667
"33VXF3",4776930.10272911,4045545.34758015
"33VXF4",4782800.02227769,3995979.3544215
"33VXG1",4731874.52130921,4142374.9545725
"33VXG2",4736777.17964836,4092681.46761752
"33VXH1",4722257.77889102,4241740.02107506
"33VXH2",4727099.04836748,4192071.91689515
"33VXJ1",4712520.1258685,4341022.84780752
"33VXJ2",4717397.89769891,4291390.53857185
"33VXK1",4702708.86175486,4440228.52215484
"33VXK2",4707623.5245104,4390635.70907811
"33VXL1",4692825.38079863,4539350.62729395
"33VXL2",4697776.36214486,4489800.6699682
"33WUM3",4438793.05391624,4620866.96007753
"33WUM4",4441512.85686352,4571226.92936023
"33WUN3",4433320.65417725,4720074.09612052
"33WUN4",4436062.01685887,4670482.80033994
"33WUP4",4430568.56475291,4769639.38933922
"33WVM1",4485535.58098734,4624567.94265967
"33WVM2",4489422.37471976,4574994.24405754
"33WVM3",4535721.22747866,4628235.3024765
"33WVM4",4539586.75041287,4578652.23324656
"33WVN1",4477715.49670965,4723644.6944981
"33WVN2",4481633.23858494,4674118.24276329
"33WVN3",4527945.57640644,4727330.65481339
"33WVN4",4531840.79382154,4677794.83130509
"33WVP1",4469833.60149587,4822623.07419391
"33WVP2",4473782.0770746,4773146.64659356
"33WVP3",4520111.36386563,4826328.00367643
"33WVP4",4524035.93360072,4776841.99610994
"33WVQ2",4465869.16429946,4872073.12472386
"33WVQ3",4512218.37147874,4925220.97778146
"33WVQ4",4516172.32769362,4875787.98395223
"33WVR4",4508250.0421617,4974626.32746262
"33WWM1",4585908.23884122,4631836.70635716
"33WWM2",4589752.50794859,4582246.71922311
"33WWM3",4636093.25465274,4635371.89879032
"33WWM4",4639915.85524249,4585777.41647156
"33WWN1",4578178.01732903,4730946.13278957
"33WWN2",4582050.11778903,4681403.23841836
"33WWN3",4628408.22124854,4734490.78207578
"33WWN4",4632257.41176735,4684943.17627142
"33WWP1",4570391.69069204,4829957.77301017
"33WWP2",4574291.6753414,4780464.5682684
"33WWP3",4620670.41761204,4833512.33875193
"33WWP4",4624546.0307027,4784014.11133353
"33WWQ1",4562550.22942911,4928865.34482648
"33WWQ2",4566477.68621611,4879424.9935034
"33WWQ3",4612880.7690056,4932429.18272005
"33WWQ4",4616782.06938651,4882984.18775285
"33WWR1",4554653.60832435,5027662.40543594
"33WWR2",4558608.85107221,4978278.09628995
"33WWR3",4605039.15096126,5031237.07166975
"33WWR4",4608966.33697718,4981847.13653912
"33WWS3",4606673.35404074,5130463.26707675
"33WWS4",4601098.92990539,5080597.77110447
"33WXM1",4682956.721727,4638176.93857883
"33WXM2",4687856.58403778,4588877.79581796
"33WXN1",4672843.25822428,4737313.56562526
"33WXN2",4677833.15501731,4687643.97535091
"33WXP1",4662745.81599611,4836137.74812602
"33WXP2",4667803.27101346,4786739.64999733
"33WXQ1",4666998.19415267,4936519.41486337
"33WXQ2",4657560.22815015,4885477.32488195
"33WXR1",4654350.00872094,5034816.94233295
"33WXR2",4660684.902294,4985686.28537601
"33WXS2",4647993.94330617,5083908.00730568
"34SBK4",5035050.2075423,1911389.75048636
"34SCK4",5137660.6323894,1926042.9123428
"34SDH3",5256608.40561501,1792298.71045799
"34SDJ1",5193903.98378758,1883814.67003928
"34SDJ2",5200385.47343734,1834464.39109486
"34SDJ3",5243635.74331148,1891003.77752409
"34SDJ4",5250141.34220154,1841642.79722118
"34SDK2",5187383.33838377,1933181.27814321
"34SDK4",5237091.72650898,1940381.24258396
"34SEF3",5381799.27320971,1609593.39978941
"34SEG1",5319239.1134354,1700884.75401408
"34SEG3",5369028.5356316,1708176.07656685
"34SEG4",5375432.64617837,1658874.52740444
"34SEH1",5306369.71546636,1799534.25579243
"34SEH2",5312823.57784657,1750199.92984408
"34SEH3",5356108.16420916,1806837.29883093
"34SEH4",5362586.97871302,1757497.22832101
"34SEJ1",5293348.8593242,1898256.28053516
"34SEJ2",5299878.13957351,1848886.77191004
"34SEJ3",5343039.79022943,1905571.69340906
"34SEJ4",5349592.64074091,1856195.8775219
"34SEK2",5286781.93412806,1947642.36551081
"34SEK4",5336450.05454867,1954964.10599062
"34SFF1",5431614.85828844,1616948.92670083
"34SFF2",5437971.56301219,1567686.16028751
"34SFF3",5481398.81498138,1624380.43027352
"34SFF4",5487782.98170106,1575116.68135923
"34SFG1",5418790.41884105,1715538.97955514
"34SFG2",5425220.99379636,1666233.49157025
"34SFG3",5468521.51387676,1722972.37620844
"34SFG4",5474977.9545716,1673666.28714974
"34SFH1",5405820.17079531,1814207.2593017
"34SFH2",5412323.44134451,1764863.67091596
"34SFH3",5455501.4214682,1821643.67652312
"34SFH4",5462029.32907806,1772298.63743082
"34SFJ1",5392704.44837379,1912949.43676641
"34SFJ2",5399280.57423348,1863569.51984256
"34SFJ3",5442339.05637594,1920388.89151109
"34SFJ4",5448938.19856727,1871007.28844226
"34SFK2",5386092.25610689,1962345.83948515
"34SFK4",5435704.84032556,1969786.88542795
"34SGG1",5525455.25203127,1731477.90018482
"34SGG2",5524699.69069883,1681171.59154893
"34SGH1",5510775.18065452,1829893.26569257
"34SGH2",5518136.11903125,1780676.60358638
"34SGJ2",5503372.23993116,1879127.12209914
"34SGK2",5488441.3997841,1977643.4697849
"34TBK3",5029402.04490433,1960836.35953357
"34TBL4",5023719.4194395,2010299.22626048
"34TBM3",5006467.1960005,2158775.93567026
"34TBN3",4994797.2670495,2257825.43709798
"34TBN4",5000649.03768278,2208294.5815812
"34TBP3",4982993.03788372,2356919.75045355
"34TBP4",4988911.67430547,2307367.58316182
"34TBQ3",4971056.10382967,2456050.81169803
"34TBQ4",4977041.16536878,2406480.86438623
"34TBR3",4958987.50455841,2555211.30630194
"34TBR4",4965038.29259627,2505627.87608322
"34TCK3",5131123.55357292,1975411.6863731
"34TCL3",5117930.57975219,2074192.79711402
"34TCL4",5124546.80846081,2024795.32084981
"34TCM1",5054953.82286178,2165871.87903448
"34TCM2",5061628.84835737,2116464.4482205
"34TCM3",5104579.52355918,2173027.38173037
"34TCM4",5111274.74982959,2123603.9412677
"34TCN1",5041484.19785049,2264720.58330733
"34TCN2",5048238.91147769,2215290.79518205
"34TCN3",5091072.42897145,2271908.26043359
"34TCN4",5097845.43677456,2222462.27986899
"34TCP1",5027855.83656076,2363609.70989931
"34TCP2",5034689.89985481,2314160.86260187
"34TCP3",5077409.24431222,2370829.9114616
"34TCP4",5084260.21599567,2321364.30496148
"34TCQ1",5014069.98854398,2462532.6614368
"34TCQ2",5020982.42951751,2413067.44257286
"34TCQ3",5063592.09978567,2469785.96760404
"34TCQ4",5070519.73768374,2420304.03913485
"34TCR1",5000127.25056858,2561483.28422283
"34TCR2",5007118.39404053,2512004.83667591
"34TCR3",5049620.92993744,2568770.33063222
"34TCR4",5056625.63444145,2519274.96332776
"34TCS1",4986029.71151062,2660456.1015142
"34TCS2",4993097.64493196,2610967.25059587
"34TCS3",5035497.66503519,2667776.58006848
"34TCS4",5042578.17192638,2618271.01954944
"34TCT1",4971777.57081289,2759443.89222221
"34TCT2",4978922.777273,2709948.35027694
"34TCT3",5021223.16547979,2766798.2234689
"34TCT4",5028379.34938368,2717285.85548089
"34TDK1",5180823.61682304,1982563.44688531
"34TDK3",5230509.65935005,1989774.54277015
"34TDL1",5167587.12300841,2081371.46847512
"34TDL2",5174224.91938063,2031960.27928784
"34TDL3",5217230.47103928,2088604.91170669
"34TDL4",5223888.98025261,2039182.81826925
"34TDM1",5154196.46575916,2180233.55765034
"34TDM2",5160910.96188346,2130796.19854136
"34TDM3",5203800.13493288,2187489.48865825
"34TDM4",5210534.25107774,2138040.90074758
"34TDN1",5140651.93004617,2279141.84212867
"34TDN2",5147443.28002199,2229682.08372804
"34TDN3",5190219.22884083,2286421.05684806
"34TDN4",5197028.56753982,2236949.60672396
"34TDP1",5126954.96329497,2378091.31697611
"34TDP2",5133822.43326666,2328611.83661273
"34TDP3",5176489.04553225,2385393.95305264
"34TDP4",5183372.63131735,2335902.63832522
"34TDQ1",5113106.53448498,2477075.92531494
"34TDQ2",5120049.59320477,2427579.64672293
"34TDQ3",5162609.87773851,2484402.63283053
"34TDQ4",5169568.01064572,2434894.42901088
"34TDR1",5099107.81445502,2576089.12092138
"34TDR2",5106125.75013088,2526579.2872048
"34TDR3",5148583.98952908,2583439.36683907
"34TDR4",5155615.40103816,2533917.67429699
"34TDS1",5084959.69311698,2675124.44969867
"34TDS2",5092052.23415155,2625604.5406037
"34TDS3",5134411.69257743,2682499.56770187
"34TDS4",5141516.16081567,2632967.08492774
"34TDT1",5070662.96112627,2774176.20535631
"34TDT2",5077829.9404404,2724648.51817585
"34TDT3",5120093.71854788,2781576.50681534
"34TDT4",5127270.71917994,2732036.3251842
"34TEK1",5280177.24287968,1997044.30667185
"34TEK3",5329823.62164097,2004372.36542367
"34TEL1",5266856.65224721,2095892.46249639
"34TEL2",5273535.61132199,2046461.4481978
"34TEL3",5316461.51912419,2103233.53813811
"34TEL4",5323160.69071861,2053795.59204996
"34TEM1",5253387.09068659,2194795.07372073
"34TEM2",5260140.28608773,2145337.39894296
"34TEM3",5302953.41953022,2202149.76049601
"34TEM4",5309725.67262226,2152685.21910317
"34TEN1",5239770.35339194,2293745.10950042
"34TEN2",5246596.97618637,2244264.34031518
"34TEN3",5289301.57196171,2301113.47036976
"34TEN4",5296145.54299805,2251625.87027665
"34TEP1",5226007.11785718,2392736.82342149
"34TEP2",5232907.1030336,2343236.08827619
"34TEP3",5275506.3263007,2400119.52451928
"34TEP4",5282421.80583675,2350611.60878882
"34TEQ1",5212098.96422959,2491764.86973347
"34TEQ2",5219071.03948613,2442246.90726517
"34TEQ3",5261568.75190987,2499161.90315019
"34TEQ4",5268555.28032626,2449636.59492619
"34TER1",5198046.16716199,2590821.23063396
"34TER2",5205090.45534935,2541289.64426153
"34TER3",5247489.84158795,2598234.05531912
"34TER4",5254547.05400295,2548694.63850363
"34TES1",5183849.98869295,2689901.46729329
"34TES2",5190965.81263669,2640358.88419661
"34TES3",5233270.81912632,2697329.59842511
"34TES4",5240397.86875705,2647779.45641764
"34TET1",5169511.86110837,2788998.9636543
"34TET2",5176698.73471532,2739448.47704113
"34TET3",5218912.77462565,2796442.8936424
"34TET4",5226109.0565077,2746884.24623945
"34TFK1",5379444.35104438,2011758.14354665
"34TFK3",5429035.68540803,2019200.93972976
"34TFL1",5366041.07836699,2110627.68620889
"34TFL2",5372760.57465291,2061185.76544764
"34TFL3",5415592.00167111,2118074.80908839
"34TFL4",5422331.04457552,2068630.6300097
"34TFM1",5352495.78900948,2209552.70014036
"34TFM2",5359286.0757798,2160083.78603925
"34TFM3",5402009.62299279,2217003.51982065
"34TFM4",5408818.30847792,2167532.52504486
"34TFN1",5338808.85630245,2308525.79584243
"34TFN3",5388288.66695477,2315981.64765908
"34TFN4",5395166.45641318,2266486.95767
"34TFP1",5324982.20327237,2407541.78132059
"34TFP2",5331913.01317854,2358028.76269862
"34TFP3",5374431.01985304,2415002.74568546
"34TFP4",5381376.74635075,2365487.2418923
"34TFQ1",5311015.86988173,2506594.01646094
"34TFQ2",5318016.53813227,2457063.79851257
"34TFQ3",5360437.07693332,2514060.15562544
"34TFQ4",5367450.90343635,2464527.50184872
"34TFR1",5296911.90888421,2605676.75496224
"34TFR2",5303981.10475189,2556131.94463164
"34TFR3",5346308.40413092,2613148.75543774
"34TFR4",5353389.41986208,2563601.03424321
"34TFS1",5282670.53458768,2704783.35739129
"34TFS2",5289808.42988997,2655227.39609579
"34TFS3",5332045.1734827,2712261.70503042
"34TFS4",5339193.78304346,2662702.35642014
"34TFT1",5268292.99164907,2803907.42448214
"34TFT2",5275498.63519007,2754343.55672065
"34TFT3",5317649.21783399,2811392.9985929
"34TFT4",5324863.80610535,2761825.32098489
"34TGK1",5480913.60661435,2026923.9584783
"34TGL1",5465734.97750741,2125526.80050359
"34TGL2",5473344.75201911,2076218.75121514
"34TGM1",5450392.55497511,2224179.25988948
"34TGM2",5458084.18782986,2174847.19053678
"34TGN1",5434887.43905521,2322874.80035473
"34TGN2",5442660.113068,2273522.04408357
"34TGP1",5419221.15720576,2421606.96685954
"34TGP2",5427074.53579657,2372236.63391169
"34TGQ1",5403395.21164479,2520367.67640802
"34TGQ2",5411328.18366162,2470984.04291992
"34TGR1",5387410.57440107,2619150.43499252
"34TGR2",5395422.40925464,2569756.95366423
"34TGS1",5385670.57818177,2720708.67208168
"34TGS2",5394695.37343819,2671483.5168198
"34TGT1",5367486.59655573,2819154.92741685
"34TGT2",5376600.89017139,2769932.61140866
"34UCA1",4921359.12070803,3055287.98749645
"34UCA2",4927671.36641038,3005648.72377325
"34UCA3",4977500.93142356,3063898.22287933
"34UCA4",4984880.70511504,3014382.69965792
"34UCB1",4908506.29738611,3154563.47408693
"34UCB2",4914948.47745116,3104926.57214022
"34UCB3",4962631.02015722,3162921.91250712
"34UCB4",4970084.32384568,3113411.4484458
"34UCC1",4895528.65371235,3253828.81019127
"34UCC2",4902032.91060761,3204197.76929088
"34UCC3",4947614.52036323,3261930.70317088
"34UCC4",4955140.89710176,3212428.45125387
"34UCD1",4882427.3240824,3353077.85289385
"34UCD2",4888993.39412117,3303455.82934063
"34UCD3",4932452.70956059,3360918.2433007
"34UCD4",4940051.69957203,3311427.50701661
"34UCE1",4869203.14938238,3452303.83916701
"34UCE2",4875830.37589485,3402694.21389127
"34UCE3",4917146.30283437,3459878.62207012
"34UCE4",4924817.42235034,3410402.20798697
"34UCF1",4855856.92313022,3551499.05368111
"34UCF2",4862545.26984673,3501905.84078848
"34UCF4",4909439.52058339,3509346.45458482
"34UCU1",4957372.01058896,2858441.04764374
"34UCU2",4964593.98498835,2808942.06044988
"34UCU3",5006798.09283813,2865830.13074596
"34UCU4",5014029.27167211,2816313.58800818
"34UCV1",4934103.77588006,2956021.16984613
"34UEA3",5175012.46870683,3093826.19179796
"34UCV2",4940505.26092842,2906394.03123466
"34UCV3",4992223.65308729,2964865.56377503
"34UCV4",4999529.39230394,2915347.77565169
"34UDA1",5026893.45581094,3071367.37494807
"34UDA2",5034279.320086,3021836.32971006
"34UDA3",5076278.77890389,3078845.35491515
"34UDA4",5083670.42226528,3029301.18362457
"34UDB1",5012013.64949398,3170422.12835276
"34UDB2",5019471.79133682,3120896.09989512
"34UDB3",5061389.8848888,3177927.05568554
"34UDB4",5068852.01910512,3128387.46363477
"34UDC1",4996990.16272551,3269462.93940227
"34UDC2",5004519.81451892,3219944.66367295
"34UDC3",5046360.18152606,3276995.07180621
"34UDC4",5053892.52569084,3227463.34856233
"34UDD1",4981824.63950397,3368482.81369127
"34UDD2",4989425.29241721,3318975.97306542
"34UDD3",5031191.46216141,3376042.79584204
"34UDD4",5038793.26629841,3326521.70579949
"34UDE1",4966517.54718339,3467475.70340669
"34UDE2",4974188.62409925,3417983.07301611
"34UDE3",5015884.18342642,3475063.51564387
"34UDE4",5023554.90048075,3425556.87637797
"34UDF1",4951069.76117332,3566435.66453823
"34UDF2",4958811.22857655,3516960.10756147
"34UDF3",5000439.38033838,3574052.16965895
"34UDF4",5008178.85917839,3524562.28452307
"34UDG4",4992665.54834016,3623532.37441313
"34UDU1",5056219.254794,2873238.0791414
"34UDU2",5063459.32733452,2823706.27117799
"34UDU3",5105631.74387122,2880664.01048948
"34UDU4",5112880.76818812,2831119.4552839
"34UDV1",5041628.98376992,2972304.00129788
"34UDV2",5048942.34622156,2922770.93190646
"34UDV3",5091026.53992872,2979755.67019567
"34UDV4",5098347.15357875,2930209.8606119
"34UEA1",5125653.0346417,3086331.81544291
"34UEA2",5133049.874939,3036776.6697613
"34UEB1",5110755.42112531,3185435.70962612
"34UEB2",5118221.41973316,3135884.94699445
"34UEB3",5160107.17339579,3192947.62313099
"34UEB4",5167576.45707907,3143388.01626088
"34UEC1",5095720.71227095,3284526.47639203
"34UEC2",5103255.13390777,3234983.31362033
"34UEC3",5145067.62149665,3292056.52256495
"34UEC4",5152604.11135876,3242504.022423
"34UED1",5080549.19776432,3383597.28630936
"34UED2",5088151.91947852,3334064.57987694
"34UED3",5129894.35919745,3391145.74918494
"34UED4",5137497.42936943,3341604.0102605
"34UEE1",5065242.46422024,3482641.60667786
"34UEE2",5072912.86095402,3433123.15900683
"34UEE3",5114588.75974831,3490209.41499794
"34UEE4",5122258.12706301,3440681.24653179
"34UEF1",5049801.02910746,3581654.30410921
"34UEF2",5057538.56352232,3532152.35572001
"34UEF3",5099151.75671726,3589241.60711136
"34UEF4",5106886.6049752,3539729.74116177
"34UEG1",5034226.1570639,3680628.54174657
"34UEG2",5042030.28475725,3631146.75204128
"34UEG3",5083584.08031201,3688235.64771703
"34UEG4",5091384.12866396,3638743.587369
"34UEU1",5155032.14284472,2888107.35554405
"34UEU2",5162289.50589107,2838552.27959738
"34UEU3",5204416.14118435,2895567.47340207
"34UEU4",5211681.80328943,2846004.19158253
"34UEV1",5140412.10930646,2987220.31703792
"34UEV2",5147739.39648817,2937663.74757774
"34UEV3",5189782.439791,2994697.45685534
"34UEV4",5197116.38930623,2945132.19491675
"34UFA1",5224353.28988743,3101327.67874812
"34UFA2",5231759.99676252,3051757.43685674
"34UFA3",5280443.17381788,3109734.56173394
"34UFA4",5288863.28579328,3060309.52439316
"34UFB1",5209440.74451834,3200462.46219093
"34UFB2",5216913.53412145,3150896.17973738
"34UFB3",5263525.7547333,3208562.80874735
"34UFB4",5272003.51867205,3159150.51188851
"34UFC1",5194397.0413429,3299584.65450856
"34UFC2",5201935.38924423,3250025.45632525
"34UFC3",5246455.67674567,3307372.77733555
"34UFC4",5255009.8478298,3257970.47043443
"34UFD1",5179222.8848957,3398687.85290538
"34UFD2",5186826.23182621,3349139.00946758
"34UFD3",5229233.55782505,3406158.27358722
"34UFD4",5237863.44334338,3356768.94893399
"34UFE1",5163919.36693175,3497766.24042694
"34UFE2",5171587.33367731,3448230.55591516
"34UFE3",5211861.15995245,3504912.51227212
"34UFE4",5220566.33335,3455539.8141694
"34UFF1",5148487.17735604,3596813.03182977
"34UFF2",5156219.13093808,3547293.87578494
"34UFF3",5194339.53199172,3603627.93641367
"34UFF4",5203118.83463747,3554275.60962791
"34UFG1",5132927.37050543,3695822.50419976
"34UFG2",5140723.32540281,3646322.7890189
"34UFG3",5176670.07018631,3702297.37107759
"34UFG4",5185523.41486465,3652968.8129511
"34UFU1",5253780.30988414,2903043.91915616
"34UFU2",5261053.50490274,2853474.83154897
"34UFU4",5310401.38518387,2860963.82347525
"34UFV1",5239133.43482717,3002186.09991051
"34UFV2",5246473.67521396,2952614.69282713
"34UGU2",5358327.80287524,2868373.24531149
"34VCL3",4822327.29429048,4052718.88920387
"34VCM3",4797901.01722836,4149889.05160463
"34VCM4",4805040.72377939,4100445.44815844
"34VCQ3",4755092.58405768,4446227.92506558
"34VCR3",4740579.35836631,4544836.26871379
"34VCR4",4747849.78631558,4495544.11339106
"34VDH3",4969140.70018421,3771906.55078627
"34VDH4",4977016.08574284,3722460.27538162
"34VDR1",4789064.07835558,4552857.48386557
"34VDR2",4797482.03859489,4503724.98779748
"34VDR3",4838626.79146675,4560787.60006601
"34VEH1",5018518.6121976,3779558.29224021
"34VEH2",5026388.98672758,3730099.46074467
"34VEH3",5067886.92446119,3787185.99990715
"34VEH4",5075751.24701605,3737716.62067645
"34VEJ1",5002679.13497568,3878437.63730337
"34VEJ2",5010615.43496232,3829004.45655528
"34VEJ3",5052060.46724283,3886086.32680148
"34VEJ4",5059989.58984918,3836642.81160433
"34VEK4",5044099.65145927,3935515.59549066
"34VEM3",5003819.28932435,4182424.20957128
"34VEN1",4938022.3447688,4273324.80271511
"34VEN2",4946216.96063882,4224027.08936075
"34VEN3",4987486.99964587,4281062.29313768
"34VEN4",4995668.71333505,4231753.09198499
"34VEP1",4921537.6554222,4371858.91590233
"34VEP2",4929795.84739444,4322602.2327162
"34VEP3",4971030.83199882,4379620.14350073
"34VEP4",4979274.44370697,4330351.66276325
"34VEQ1",4904926.49937266,4470305.44819791
"34WCT4",4718599.76127358,4692560.72265297
"34VEQ2",4913247.74720133,4421093.46750049
"34VEQ3",4954451.11671482,4478090.60722179
"34VEQ4",4962756.39718551,4428866.58033596
"34VER2",4896573.66732932,4519493.96154975
"34VER3",4937748.81901028,4576468.06500241
"34VER4",4946115.27829736,4527291.60125071
"34VFH1",5117241.18063043,3794788.93493216
"34VFH2",5125100.07783622,3745311.44778057
"34VFH3",5158853.97334201,3800913.31593889
"34VFH4",5167780.20115724,3751612.40332784
"34VFJ1",5101429.1210796,3893705.52213597
"34VFJ2",5109350.86466193,3844254.01280897
"34VFJ4",5149972.83594939,3850247.29231616
"34VFK1",5085492.24737093,3992566.24523517
"34VFK3",5135222.28725951,4000428.28311213
"34VFK4",5145378.30445824,3951412.3309277
"34VFL1",5069431.60246149,4091365.29501842
"34VFL2",5077477.45461155,4041973.90865764
"34VFL3",5114790.08316317,4098384.98775313
"34VFL4",5125026.00870387,4049420.14790113
"34VFM1",5061362.22598899,4191201.02354885
"34VFM2",5070631.80743694,4142028.49583789
"34VFN1",5042818.4204841,4289504.17476141
"34VFN2",5052114.73762853,4240365.20029545
"34VFP1",5024118.90161975,4387716.56561258
"34VFP2",5033486.2202126,4338621.48574081
"34VFQ1",5005277.22836953,4485835.5132453
"34VFQ2",5014715.63461713,4436788.08892619
"34VFR1",4986295.29616488,4583854.66296799
"34VFR2",4995803.9526534,4534858.2331519
"34VXH2",4790879.54274982,4199321.6781484
"34WCS3",4725954.33304948,4643345.7583937
"34WCS4",4733280.76230842,4594103.64876254
"34WCT3",4711217.97142042,4741748.25883498
"34WCU3",4696371.87275315,4840035.07940936
"34WCU4",4703808.68710215,4790906.87128669
"34WCV4",4688793.1553096,4889134.06615022
"34WDA1",4703099.70619094,5042672.78678681
"34WDA2",4711840.688251,4993826.27329521
"34WDA3",4752873.02902021,5050780.16230858
"34WDA4",4761589.17683132,5001915.66424027
"34WDB1",4675941.04733288,5138524.09141401
"34WDB2",4694327.2190563,5091486.24513388
"34WDB3",4735347.58669181,5148410.68413013
"34WDB4",4744125.85129341,5099612.14981855
"34WDC2",4668454.46938461,5187482.67526473
"34WDC3",4717699.25215187,5245904.06649738
"34WDC4",4726538.83738381,5197174.89409839
"34WDS1",4772129.68031458,4651047.03134034
"34WDS2",4780613.29183175,4601965.25839854
"34WDS3",4821728.44590938,4659011.538652
"34WDS4",4830193.5675157,4609912.38756144
"34WDT1",4755065.31310605,4749129.08697783
"34WDT2",4763613.62851327,4700101.78935114
"34WDT3",4804702.92124697,4757128.39949344
"34WDT4",4813231.52122094,4708083.59691707
"34WDU1",4737871.90042615,4847098.27359784
"34WDU2",4746484.50369787,4798128.24106446
"34WDU3",4787551.50533569,4855133.07692665
"34WDU4",4796143.06072554,4806145.19337458
"34WDV1",4720549.63583391,4944947.83945635
"34WDV2",4729226.67664211,4896038.25137692
"34WDV3",4770274.45684215,4953019.12401131
"34WDV4",4778928.76299427,4904091.38884448
"34WEA1",4802650.65105992,5058805.15627459
"34WEA2",4811342.08670616,5009924.57528081
"34WEA3",4852428.81480755,5066747.1229067
"34WEA4",4861094.7133387,5017852.20996492
"34WEB1",4785177.54605213,5156468.39361876
"34WEB2",4793929.0362695,5107653.39015127
"34WEB3",4844479.93342379,5165800.40851988
"34WEB4",4843733.37018964,5115609.37541002
"34WEC1",4767584.40888164,5253995.06569958
"34WEC2",4776395.83725711,5205249.14371074
"34WEC3",4824569.18755536,5262956.19960636
"34WEC4",4834568.57492875,5214408.07715911
"34WED2",4758743.16181056,5302705.48131257
"34WED4",4814531.59262368,5311481.55464976
"34WES1",4871327.93241333,4666911.67902538
"34WES2",4879774.34339598,4617797.58809404
"34WET1",4854342.6853842,4765058.93566768
"34WET2",4862850.75438095,4715998.86212418
"34WET3",4903980.06792045,4772919.93754161
"34WEU1",4837233.93156431,4863094.47649787
"34WEU2",4845803.52682127,4814091.04942665
"34WEU3",4886915.04508239,4870982.05146285
"34WEU4",4895462.67575947,4821965.2588497
"34WEV1",4820003.10274891,4961012.04974305
"34WEV2",4828633.57958425,4912068.42404678
"34WEV3",4869731.24683839,4968925.88323032
"34WEV4",4878337.9646816,4919969.09344733
"34WFA1",4901130.73075548,5074601.95250983
"34WFA2",4912168.16928822,5026168.41676326
"34WFB2",4890056.87837536,5122991.21169951
"34WFS2",4976751.96583999,4632824.25350967
"34WFU1",4928518.42375486,4877235.35476174
"34WFU2",4943229.3914972,4803205.11549468
"34WFV1",4923168.44761802,4977693.94632231
"34WFV2",4918673.2253103,4925978.08816958
"35SKB3",5589227.67720565,1743312.98658798
"35SKC4",5580283.24097713,1792229.4109811
"35SKE4",5543954.68113086,1988032.06081759
"35TKE3",5534736.2518959,2037012.85185839
"35TKF3",5516136.18083044,2135005.56194139
"35TKF4",5525463.32043261,2086004.36216468
"35TKG3",5497320.81985841,2233033.89114452
"35TKG4",5506755.3024895,2184015.63117699
"35TKH3",5478292.04023563,2331091.08560267
"35TKH4",5487833.06128261,2282059.13754918
"35TKJ3",5459050.73045547,2429171.04228669
"35TKJ4",5468697.6342483,2380128.7919435
"35TKK3",5439599.22091386,2527265.76519454
"35TKK4",5449351.23541612,2478216.73922909
"35TKL3",5419939.23267649,2625367.96303934
"35TKL4",5429795.27077224,2576316.43219356
"35TLF1",5565586.47044759,2146285.3019397
"35TLF2",5575782.53135563,2097443.76474006
"35TLF3",5614450.40625676,2157350.51734367
"35TLF4",5624671.23214762,2108489.0914444
"35TLG1",5545015.15912783,2243988.07869576
"35TLG2",5555330.51846257,2195133.44707401
"35TLG3",5593831.10937169,2255094.41565308
"35TLG4",5604170.25683772,2206219.41334652
"35TLH1",5524206.40693888,2341712.50896781
"35TLH2",5534640.40591055,2292847.97131623
"35TLH3",5572977.65132152,2352859.93646297
"35TLH4",5583433.57854886,2303974.71963826
"35TLJ1",5503161.44589794,2439452.45440337
"35TLJ2",5513713.42578855,2390581.31875963
"35TLJ3",5551890.5438188,2450641.48353681
"35TLJ4",5562463.13987064,2401749.01618772
"35TLK1",5481882.15870151,2537201.34302418
"35TLK2",5492550.8795505,2488326.25690101
"35TLK3",5530572.52673479,2548432.78918573
"35TLK4",5541260.18171269,2499536.30683467
"35TLL1",5460369.74152679,2634952.99315052
"35TLL2",5471155.22096285,2586077.16362685
"35TLL3",5509024.13155548,2646227.67768881
"35TLL4",5519826.95858916,2597330.13197224
"35TLM1",5438626.8167376,2732702.01903889
"35TLM2",5449526.87430244,2683828.15597987
"35TLM3",5487247.89506403,2744019.81094772
"35TLM4",5498164.32624747,2695124.38228473
"35TLN1",5416654.25917088,2830441.13886759
"35TLN2",5427669.02963069,2781573.03204297
"35TLN3",5465245.29207149,2841802.69228343
"35TLN4",5476274.8827138,2792912.7931754
"35TMF1",5663293.37436673,2168472.43543127
"35TMF2",5673539.16889711,2119593.01171338
"35TMF3",5712112.20179208,2179650.00097924
"35TMG1",5642627.61927253,2266252.64800298
"35TMG2",5652989.48546212,2217359.28668891
"35TMG3",5691400.26034424,2277461.51308011
"35TMG4",5701785.00458217,2228552.50619123
"35TMH1",5621729.81864016,2364054.50426932
"35TMH2",5632207.55152009,2315151.02092875
"35TMH3",5670459.46913765,2375295.67728604
"35TMH4",5680958.51011377,2326375.98060621
"35TMJ1",5600601.93526142,2461873.04813569
"35TMJ2",5611194.53098015,2412962.09492206
"35TMJ3",5649291.68522823,2473146.87092717
"35TMJ4",5659903.75548403,2424219.43554659
"35TMK1",5579245.52912573,2559702.23275092
"35TMK2",5589952.16958406,2510786.72476429
"35TMK3",5627897.75599183,2571009.50890445
"35TMK4",5638622.86053432,2522077.36644747
"35TML1",5557662.39384033,2657535.53763354
"35TML2",5568482.05946141,2608618.69503085
"35TML3",5606280.65215869,2668875.97948509
"35TML4",5617117.20598442,2619942.46078325
"35TMM1",5535854.03337626,2755366.51109328
"35TMM2",5546786.12532416,2706451.82630851
"35TMM3",5584441.15683748,2766741.65416679
"35TMM4",5595388.67213793,2717809.47295017
"35TMN1",5513821.78972805,2853189.4396543
"35TMN2",5524865.9080777,2804279.23257538
"35TMN3",5562380.63116288,2864599.79638926
"35TMN4",5573438.29159399,2815672.03540343
"35TNG1",5740145.61281374,2288720.65037591
"35TNG2",5750552.54909078,2239798.0936555
"35TNG3",5788859.82198175,2300029.21013716
"35TNG4",5799288.77417431,2251095.3199649
"35TNH1",5719162.70744708,2386582.35664743
"35TNH2",5729682.18779938,2337648.75928631
"35TNH3",5767835.85869478,2397913.72762151
"35TNH4",5778375.66480503,2348968.72014617
"35TNJ1",5697955.51582545,2484461.61776037
"35TNJ2",5708587.1686067,2435520.13261478
"35TNJ3",5746590.61593245,2495816.66844352
"35TNJ4",5757240.79051748,2446863.29755977
"35TNK1",5676526.14853959,2582353.15447966
"35TNK2",5687268.43449268,2533406.44831684
"35TNK3",5725125.74670103,2593732.04203346
"35TNK4",5735885.54491834,2544773.22237148
"35TNL1",5654875.61955891,2680248.91031386
"35TNL2",5665728.32188608,2631300.62698194
"35TNL3",5703442.86404376,2691653.31975638
"35TNL4",5714311.60999624,2642692.33477724
"35TNM1",5633005.64394522,2778144.48533637
"35TNM2",5643967.82839893,2729197.22884403
"35TNM3",5681543.79425698,2789574.15915809
"35TNM4",5692520.32677398,2740614.35330731
"35TNN1",5610918.2690066,2876033.31603171
"35TNN2",5621989.15786632,2827090.17212055
"35TNN4",5670513.65964762,2838532.52400844
"35TPJ1",5795192.56231408,2507211.40148313
"35TPJ2",5805860.94665802,2458248.2071956
"35TPK1",5773693.17504405,2605146.19443873
"35TPK2",5784469.99509807,2556177.66936196
"35TPK3",5822225.29167733,2616594.30737279
"35TPK4",5833017.97574782,2567618.47015832
"35TPL2",5762863.05519177,2654116.55232921
"35TPL4",5811379.52879979,2665572.5042376
"35TQK1",5864419.25218024,2626364.47922866
"35TQL2",5852663.96157137,2675121.51584611
"35ULA1",5236289.39817161,3611905.19839075
"35ULA2",5247155.43210999,3562951.09358534
"35ULA3",5281256.78656756,3623012.20617469
"35ULA4",5293162.8289121,3574274.58867448
"35ULB1",5214413.74649161,3709767.8694679
"35ULB2",5225375.26528623,3660844.34227441
"35ULB3",5257285.74773807,3720438.44405762
"35ULB4",5269297.61578524,3671733.67013629
"35ULP2",5405582.4641075,2879305.65393374
"35ULP4",5454159.30071359,2890689.41501263
"35ULR1",5342759.86546598,3121839.1718101
"35ULS2",5332334.17586295,3170887.87209209
"35ULV1",5257973.25765959,3513982.72831013
"35ULV3",5305015.22515198,3525521.61901738
"35UMA1",5329703.99415411,3634739.05888199
"35UMA2",5341612.7894748,3585978.66387909
"35UMA3",5378142.0063598,3646453.78270817
"35UMB1",5305729.6198862,3732210.86102665
"35UMB2",5317743.04570086,3683483.1863468
"35UMB3",5354165.38290166,3743966.88217567
"35UMB4",5366179.35646457,3695218.71478231
"35UMP2",5502722.35758681,2902095.93000531
"35UMP4",5551268.316659,2913524.27750847
"35UMV1",5353468.80765442,3537203.30455383
"35UNB1",5402588.84317073,3755705.47118264
"35UNP2",5599793.1777311,2924973.27248015
"35VLC1",5192348.06277866,3807563.2705124
"35VLC2",5203404.65508375,3758674.38643607
"35VLC3",5233103.12761533,3817794.41211036
"35VLC4",5245220.75163686,3769125.54224296
"35VLD1",5155493.70752615,3902374.00252336
"35VLD2",5181338.76021537,3856418.27160082
"35VLD3",5208711.01045201,3915073.46263878
"35VLD4",5220933.06494884,3866444.08181449
"35VLE3",5184110.65607573,4012269.45745854
"35VLE4",5196436.68872939,3963682.30277696
"35VLF3",5159303.19857624,4109376.15260636
"35VLF4",5171732.76179795,4060834.21771164
"35VLG3",5126363.00132989,4204278.27749554
"35VLG4",5137839.21091927,4155532.0595321
"35VLH3",5103376.24615346,4301715.59979676
"35VLH4",5114900.17151081,4253006.41122019
"35VLJ3",5080191.95876487,4399058.34052155
"35VLJ4",5091807.01354395,4350399.85486296
"35VLK3",5056827.5912282,4496294.43267271
"35VLK4",5068532.34073558,4447690.14338242
"35VLL3",5033283.62649658,4593417.15526267
"35VLL4",5045077.66165428,4544870.52794236
"35VMC1",5281546.66622086,3829612.99597715
"35VMC2",5293664.49611103,3780921.12437146
"35VMC3",5329983.35219301,3841410.81885462
"35VMC4",5342099.84443017,3792697.94330252
"35VMD1",5257157.33752024,3926939.39058869
"35VMD2",5269377.89922021,3878286.13802593
"35VMD3",5305597.43243355,3938779.70941903
"35VMD4",5317815.7478237,3890104.80330627
"35VME1",5232562.34931293,4024182.75649372
"35VME2",5244885.25031467,3975571.82012902
"35VME3",5281009.07166631,4036066.37520936
"35VME4",5293328.33991054,3987433.60782641
"35VMF1",5207762.97642084,4121338.36368109
"35VMF2",5220188.28900295,4072772.04657303
"35VMF3",5256219.28729157,4133266.2433468
"35VMF4",5268639.08703227,4084677.81370134
"35VMG1",5182761.44780898,4218399.04592118
"35VMG2",5195287.53469729,4169880.86009306
"35VMG3",5231229.95021759,4230372.0001292
"35VMG4",5243749.43093432,4181831.0880954
"35VMH1",5157558.95949536,4315359.11172193
"35VMH2",5170185.23511451,4266892.18017415
"35VMH3",5206042.40572697,4327377.59553487
"35VMH4",5218660.91226391,4278887.71409147
"35VMJ1",5132156.05176199,4412212.61544038
"35VMJ2",5144882.37012189,4363799.56192823
"35VMJ3",5180657.75576743,4424277.43558725
"35VMJ4",5193374.69554859,4375841.01015439
"35VMK1",5106554.99980213,4508952.64469784
"35VMK2",5119380.22086293,4460597.09476158
"35VMK3",5155077.60132106,4521064.87939514
"35VMK4",5167892.12871179,4472685.58366335
"35VML1",5080756.84593056,4605573.44425326
"35VML2",5093680.33263057,4557278.55362212
"35VML3",5129303.47965992,4617733.55490491
"35VML4",5142214.71757394,4569414.5694357
"35VNC1",5378408.79466943,3853186.83814669
"35VNC2",5390524.10909854,3804455.19838277
"35VNC3",5426819.80344277,3864940.26391212
"35VNC4",5438932.731076,3816191.77017709
"35VND1",5354027.48444938,3950593.83237321
"35VND2",5366243.34992185,3901899.83411321
"35VND3",5402444.15544854,3962380.92758812
"35VND4",5414656.51816258,3913670.19508371
"35VNE1",5329446.82162872,4047919.39828598
"35VNE2",5341762.14238989,3999267.15079553
"35VNF1",5304667.82894035,4145158.97685049
"35VNF2",5317082.05979487,4096550.64247221
"35VNF3",5353105.3675369,4157015.74610672
"35VNH1",5254520.89047945,4339351.99860384
"35VNH2",5267130.76524867,4290841.39022365
"35VNH3",5302990.3850945,4351281.29457593
"35VNH4",5315591.26082002,4302752.30785791
"35VNJ1",5229155.68030856,4436293.89189855
"35VNJ2",5241862.45466094,4387836.31895262
"35VNJ3",5277645.76774304,4448260.94431869
"35VNJ4",5290341.92801025,4399784.53533105
"35VNK1",5203597.82096782,4533124.18588088
"35VNK2",5216400.6663493,4484723.32064442
"35VNK3",5252111.33416264,4545129.45099589
"35VNK4",5264902.23502113,4496709.37614586
"35VNL1",5177848.61033215,4629836.46022135
"35VNL2",5190746.97667565,4581495.55895425
"35VNL3",5226388.50458879,4641881.18786808
"35VNL4",5239273.40133913,4593520.55914365
"35VPH1",5357219.38969712,4364415.42846986
"35VPJ1",5329670.79273236,4460871.7637913
"35VPJ2",5343470.84236316,4412657.9857626
"35VPK1",5301914.91148243,4557208.27345241
"35VPK2",5315818.53275898,4509055.35508703
"35VPL1",5273954.17364094,4653418.6657909
"35VPL2",5287960.24741634,4605329.92386206
"35WLM3",5009562.18584894,4690419.12949127
"35WLM4",5021445.01096882,4641933.51517846
"35WLN3",4985664.41785026,4787292.17551246
"35WLP3",4961592.65534247,4884027.65643232
"35WLP4",4973650.26812462,4835677.86262904
"35WLQ4",4949385.29827663,4932341.94121277
"35WMM1",5054762.67660387,4702069.27702838
"35WMM2",5067784.25650649,4653837.44925828
"35WMM3",5103336.21568609,4714278.41649282
"35WMM4",5116343.90708916,4666021.85016347
"35WMN1",5028574.15921042,4798432.9784729
"35WMN2",5041692.57472429,4750267.93481181
"35WMN3",5077177.27291212,4810691.81842673
"35WMN4",5090280.62662073,4762501.79459463
"35WMP1",5002192.64179678,4894659.14337458
"35WMP2",5015407.25548143,4846563.69147936
"35WMP3",5050828.33374119,4906968.66118226
"35WMP4",5064026.62774673,4858847.7578927
"35WMQ1",4975618.87133644,4990740.93015008
"35WMQ2",4988929.5739898,4942718.3164263
"35WMQ3",5024290.17843266,5003102.41628056
"35WMQ4",5037582.94754741,4955053.89746536
"35WMR1",4948854.4106534,5086673.3300167
"35WMR2",4962260.50569421,5038726.19846316
"35WMR3",4997564.56613444,5099086.70742503
"35WMR4",5010950.65999863,5051113.63671479
"35WMS1",4912582.97667272,5179896.57655418
"35WMS2",4935401.20909982,5134581.22290574
"35WMS3",4970652.2838687,5194915.94744162
"35WMS4",4984131.76727044,5147021.13136974
"35WMT1",4887891.22131549,5276121.5819871
"35WMT2",4900286.01055002,5228035.38659869
"35WMT3",4943554.97517141,5290583.50044957
"35WMT4",4957126.78482123,5242770.32322867
"35WMU1",4862971.67580246,5372171.30239726
"35WMU2",4875452.38143333,5324166.91634568
"35WMU3",4916273.44080289,5386083.48371599
"35WMU4",4929937.14774889,5338354.86290776
"35WNM1",5151909.27401309,4726425.7808921
"35WNM2",5164902.6239377,4678146.87660752
"35WNM3",5200478.61443043,4738510.51544871
"35WNM4",5213456.75096385,4690211.57239195
"35WNN1",5125781.75965841,4822884.63495771
"35WNN2",5138869.02389569,4774671.7756382
"35WNN3",5174383.18670091,4835010.26734941
"35WNN4",5187454.10623288,4786776.91435078
"35WNP1",5099466.51261614,4919207.6251352
"35WNP2",5112647.35364847,4871063.47920902
"35WNP3",5148103.11585515,4931375.24357023
"35WNP4",5161266.28512647,4883210.01399899
"35WNQ1",5072965.45890887,5015388.52234136
"35WNQ2",5086238.98224742,4967316.23961482
"35WNQ3",5121640.48968083,5027598.12595244
"35WNQ4",5134894.56778035,4979504.79117335
"35WNR1",5046279.57047546,5111420.76406362
"35WNR2",5059645.59269132,5063423.64617471
"35WNR3",5094995.75910813,5123674.51254626
"35WNR4",5108340.71167723,5075655.00773534
"35WNS1",5019410.22319539,5207298.92414158
"35WNS2",5032867.65631562,5159379.48005104
"35WNS3",5077404.25235331,5221767.47068611
"35WNS4",5081605.55852239,5171655.36632258
"35WNT1",4992358.56716918,5303016.25363061
"35WNT2",5005907.01462355,5255178.03051254
"35WNT3",5048126.12532246,5316941.15604898
"35WNT4",5062770.99745057,5269376.86025933
"35WNU1",4965126.05752067,5398567.04902968
"35WNU2",4978764.83274898,5350812.89242701
"35WNU3",5018541.23952082,5411924.41516899
"35WNU4",5033358.17370456,5364455.04026741
"35WPM1",5245913.45573924,4749308.15789484
"35WPM2",5259897.43749095,4701473.99747106
"35WPN1",5217424.71591027,4845430.38746352
"35WPN2",5231641.24313818,4797261.79588136
"35WPP1",5188859.99697976,4941215.08167107
"35WPP2",5203167.0758314,4893342.0387923
"35WPQ1",5173912.40354761,5040984.25206421
"35WPQ2",5174493.98719538,4989058.71129914
"35WPR2",5158303.75664791,5088391.05163545
"34TFN2",5345669.97954661,2259033.48027712
"34UEA4",5182414.44063124,3044262.30347929
"36VUP3",5384356.25451352,4476980.18898337
"36VUP4",5400354.00178996,4429387.52146688
"36VUQ3",5352179.67881678,4572060.96420301
"36VUQ4",5368298.31005328,4524538.30132767
"36VUR3",5319761.57910002,4666996.6448606
"36VUR4",5336000.37379924,4619547.47749984
"30UXE3",3665896.03668314,3466003.35699954
"30STF4",2917180.05968283,1618305.92510199
"36VVQ1",5400421.30191392,4588956.4551697
"36VVQ2",5417634.52064134,4541772.49852594
"36VVR2",5383143.46079923,4636102.20117656
"36WUS3",5287104.73161929,4761779.91232259
"36WUS4",5303462.89475928,4714407.61060237
"36WUT3",5254211.02211076,4856402.56388681
"36WUU4",5237676.42252992,4903651.20624239
"36WVC1",5109767.94266724,5335617.81148587
"36WVC2",5126753.2694879,5288715.57321104
"36WVD2",5092656.22346028,5382449.50800053
