cell50x50,SR_natural_ebba1,SR_human_dominated_ebba1,SR_natural_ebba2,SR_human_dominated_ebba2,deltaSR_bird_natural,deltaSR_bird_human_dominated,SR_natural_m_b2000,SR_human_dominated_m_b2000,SR_natural_m_a2015,SR_human_dominated_m_a2015,deltaSR_mammal_natural,deltaSR_mammal_human_dominated
29SMC3,7,106,11,108,4,2,3,7,3,26,0,19
29SMD3,11,98,8,91,-3,-7,1,2,2,19,1,17
29SMD4,8,115,9,101,1,-14,1,4,2,21,1,17
29SME4,NA,NA,NA,NA,NA,NA,NA,NA,NA,1,NA,NA
29SNA1,NA,NA,NA,NA,NA,NA,NA,NA,1,10,NA,NA
29SNA3,NA,NA,NA,NA,NA,NA,NA,NA,3,9,NA,NA
29SNB1,7,100,6,106,-1,6,2,3,2,13,0,10
29SNB2,11,115,12,114,1,-1,1,9,4,20,3,11
29SNB3,7,104,10,113,3,9,NA,1,4,17,NA,16
29SNB4,NA,NA,NA,NA,NA,NA,NA,6,4,17,NA,11
29SNC1,NA,NA,NA,NA,NA,NA,1,5,2,19,1,14
29SNC2,9,104,9,91,0,-13,2,5,3,11,1,6
29SNC3,9,111,10,115,1,4,2,7,2,16,0,9
29SNC4,9,109,15,122,6,13,1,2,2,13,1,11
29SND1,11,105,13,113,2,8,1,5,4,23,3,18
29SND2,11,111,14,116,3,5,2,5,2,15,0,10
29SND3,9,94,9,98,0,4,1,1,2,18,1,17
29SND4,9,112,11,103,2,-9,1,3,2,20,1,17
29SNE2,9,104,7,100,-2,-4,1,4,4,20,3,16
29SNE4,8,96,8,88,0,-8,NA,NA,4,20,NA,NA
29SPA1,NA,NA,NA,NA,NA,NA,NA,NA,1,8,NA,NA
29SPB1,NA,NA,NA,NA,NA,NA,NA,1,3,18,NA,17
29SPB2,11,118,13,114,2,-4,NA,1,3,21,NA,20
29SPB3,17,109,8,99,-9,-10,NA,1,3,18,NA,17
29SPB4,13,117,19,121,6,4,NA,1,3,16,NA,15
29SPC1,10,107,13,114,3,7,2,3,2,14,0,11
29SPC2,NA,NA,NA,NA,NA,NA,NA,2,3,10,NA,8
29SPC3,NA,NA,NA,NA,NA,NA,NA,NA,2,8,NA,NA
29SPC4,11,120,12,115,1,-5,2,3,2,12,0,9
29SPD1,NA,NA,NA,NA,NA,NA,1,1,3,21,2,20
29SPD2,6,107,9,104,3,-3,NA,NA,3,20,NA,NA
29SPD3,NA,NA,NA,NA,NA,NA,NA,1,1,12,NA,11
29SPD4,14,129,18,132,4,3,1,1,2,19,1,18
29SPE2,10,110,11,109,1,-1,1,4,2,21,1,17
29SPE4,17,130,14,121,-3,-9,1,2,2,18,1,16
29SQA1,22,133,22,145,0,12,4,12,3,22,-1,10
29SQA2,13,115,14,108,1,-7,NA,1,2,16,NA,15
29SQB1,19,114,15,116,-4,2,NA,1,4,24,NA,23
29SQB2,NA,NA,NA,NA,NA,NA,3,12,4,26,1,14
29SQC1,NA,NA,NA,NA,NA,NA,NA,NA,2,10,NA,NA
29SQC2,11,106,9,114,-2,8,NA,NA,2,18,NA,NA
29SQD1,16,121,16,123,0,2,NA,1,2,15,NA,14
29SQD2,14,124,21,132,7,8,NA,1,2,14,NA,13
29SQE2,14,126,21,132,7,6,NA,6,3,22,NA,16
29TMH3,6,67,7,67,1,0,NA,NA,3,11,NA,NA
29TMH4,NA,NA,NA,NA,NA,NA,NA,NA,2,10,NA,NA
29TNE1,NA,NA,NA,NA,NA,NA,NA,1,2,27,NA,26
29TNE3,NA,NA,NA,NA,NA,NA,1,5,3,22,2,17
29TNF1,NA,NA,NA,NA,NA,NA,NA,4,2,16,NA,12
29TNF2,5,89,8,100,3,11,1,2,3,20,2,18
29TNF3,9,78,8,94,-1,16,NA,5,6,24,NA,19
29TNF4,9,87,8,86,-1,-1,1,3,3,19,2,16
29TNG1,12,97,9,107,-3,10,NA,NA,4,21,NA,NA
29TNG2,9,101,8,91,-1,-10,1,4,2,20,1,16
29TNG3,10,107,10,109,0,2,1,NA,5,20,4,NA
29TNG4,11,118,10,102,-1,-16,2,5,5,20,3,15
29TNH1,7,95,7,97,0,2,NA,3,3,23,NA,20
29TNH2,9,98,10,108,1,10,2,NA,3,18,1,NA
29TNH3,6,86,7,90,1,4,NA,NA,3,20,NA,NA
29TNH4,4,82,7,84,3,2,NA,NA,2,15,NA,NA
29TNJ2,NA,NA,NA,NA,NA,NA,NA,NA,2,6,NA,NA
29TNJ4,NA,NA,NA,NA,NA,NA,1,NA,5,30,4,NA
29TPE1,9,98,13,106,4,8,NA,2,3,21,NA,19
29TPE3,16,129,14,108,-2,-21,1,13,3,16,2,3
29TPF1,9,93,11,108,2,15,1,6,5,34,4,28
29TPF2,7,100,10,98,3,-2,NA,2,4,11,NA,9
29TPF3,14,117,14,118,0,1,NA,2,7,32,NA,30
29TPF4,19,129,15,119,-4,-10,NA,NA,3,21,NA,NA
29TPG1,11,115,13,124,2,9,NA,1,4,18,NA,17
29TPG2,12,122,10,114,-2,-8,NA,4,3,15,NA,11
29TPG3,NA,NA,NA,NA,NA,NA,1,4,3,20,2,16
29TPG4,13,121,12,115,-1,-6,1,7,3,27,2,20
29TPH1,NA,NA,NA,NA,NA,NA,NA,1,5,27,NA,26
29TPH2,9,98,9,89,0,-9,2,NA,3,18,1,NA
29TPH3,NA,NA,NA,NA,NA,NA,1,1,6,30,5,29
29TPH4,13,113,10,112,-3,-1,1,1,6,36,5,35
29TPJ2,6,86,5,81,-1,-5,NA,NA,3,18,NA,NA
29TPJ4,NA,NA,NA,NA,NA,NA,NA,NA,7,30,NA,NA
29TQE1,21,125,19,133,-2,8,NA,20,3,21,NA,1
29TQF1,17,116,14,132,-3,16,NA,2,5,30,NA,28
29TQF2,21,137,14,118,-7,-19,NA,NA,1,12,NA,NA
29TQG1,NA,NA,NA,NA,NA,NA,1,9,4,31,3,22
29TQG2,14,117,14,127,0,10,1,6,4,31,3,25
29TQH1,16,90,17,109,1,19,NA,NA,5,28,NA,NA
29TQH2,11,110,11,117,0,7,1,1,4,28,3,27
29TQJ2,NA,NA,NA,NA,NA,NA,NA,NA,4,16,NA,NA
29ULT3,NA,NA,NA,NA,NA,NA,2,4,1,2,-1,-2
29UMA2,22,85,19,63,-3,-22,2,4,3,4,1,0
29UMA4,21,83,14,61,-7,-22,2,3,3,8,1,5
29UMT1,23,92,20,66,-3,-26,3,11,4,10,1,-1
29UMT2,14,71,17,73,3,2,3,6,4,14,1,8
29UMT3,NA,NA,NA,NA,NA,NA,4,10,4,17,0,7
29UMT4,13,63,13,77,0,14,3,10,4,11,1,1
29UMU2,NA,NA,NA,NA,NA,NA,2,3,3,2,1,-1
29UMU3,19,87,15,69,-4,-18,4,10,4,13,0,3
29UMU4,NA,NA,NA,NA,NA,NA,3,5,4,10,1,5
29UMV1,NA,NA,NA,NA,NA,NA,2,5,3,10,1,5
29UMV2,22,75,22,75,0,0,3,4,3,8,0,4
29UMV3,NA,NA,NA,NA,NA,NA,3,4,4,14,1,10
29UMV4,16,86,13,85,-3,-1,3,6,4,16,1,10
29UNA1,28,88,17,68,-11,-20,3,4,3,10,0,6
29UNA2,18,86,20,76,2,-10,3,11,4,10,1,-1
29UNA3,13,89,9,78,-4,-11,3,12,3,14,0,2
29UNA4,15,92,11,85,-4,-7,3,17,3,17,0,0
29UNB4,26,92,21,85,-5,-7,2,6,3,9,1,3
29UNT1,17,80,6,70,-11,-10,3,7,4,13,1,6
29UNT2,11,70,14,68,3,-2,3,8,4,14,1,6
29UNT3,15,80,15,76,0,-4,4,10,4,12,0,2
29UNU1,NA,NA,NA,NA,NA,NA,4,10,4,14,0,4
29UNU2,10,80,10,75,0,-5,4,9,4,18,0,9
29UNU3,7,79,7,80,0,1,3,8,4,11,1,3
29UNU4,6,84,6,73,0,-11,3,8,5,12,2,4
29UNV1,NA,NA,NA,NA,NA,NA,3,8,4,13,1,5
29UNV2,NA,NA,NA,NA,NA,NA,3,6,4,12,1,6
29UNV3,NA,NA,NA,NA,NA,NA,3,8,4,13,1,5
29UNV4,12,88,8,83,-4,-5,3,7,4,12,1,5
29UPA1,NA,NA,NA,NA,NA,NA,2,9,3,17,1,8
29UPA2,8,80,6,72,-2,-8,2,15,3,16,1,1
29UPA3,NA,NA,NA,NA,NA,NA,2,10,4,16,2,6
29UPA4,19,85,11,80,-8,-5,2,14,3,19,1,5
29UPB2,19,93,21,83,2,-10,3,8,3,12,0,4
29UPB4,20,90,17,72,-3,-18,2,10,3,19,1,9
29UPT1,NA,NA,NA,NA,NA,NA,3,7,4,12,1,5
29UPU1,NA,NA,NA,NA,NA,NA,3,9,5,13,2,4
29UPU2,NA,NA,NA,NA,NA,NA,3,6,4,12,1,6
29UPU3,20,92,20,89,0,-3,3,10,5,14,2,4
29UPU4,17,87,12,75,-5,-12,2,5,4,11,2,6
29UPV1,NA,NA,NA,NA,NA,NA,2,7,3,12,1,5
29UPV2,6,90,6,79,0,-11,3,7,4,14,1,7
29UPV3,NA,NA,NA,NA,NA,NA,2,11,3,10,1,-1
29UPV4,21,88,22,78,1,-10,2,11,4,18,2,7
29VPC3,28,86,24,78,-4,-8,4,15,4,16,0,1
29VPE4,NA,NA,NA,NA,NA,NA,2,11,3,13,1,2
30STF3,19,122,19,134,0,12,NA,5,5,14,NA,9
30STF4,19,135,22,138,3,3,NA,3,4,22,NA,19
30STG3,NA,NA,NA,NA,NA,NA,NA,NA,4,27,NA,NA
30STG4,NA,NA,NA,NA,NA,NA,NA,3,4,27,NA,24
30STH3,13,102,13,106,0,4,NA,1,3,11,NA,10
30STH4,NA,NA,NA,NA,NA,NA,NA,NA,3,16,NA,NA
30STJ3,18,117,20,135,2,18,2,9,3,22,1,13
30STJ4,17,127,20,130,3,3,NA,NA,3,11,NA,NA
30STK4,19,133,26,151,7,18,1,10,3,20,2,10
30SUF1,13,114,19,122,6,8,1,NA,4,20,3,NA
30SUF2,12,87,11,95,-1,8,NA,NA,3,15,NA,NA
30SUF3,15,125,22,136,7,11,NA,1,3,22,NA,21
30SUF4,NA,NA,NA,NA,NA,NA,NA,NA,2,7,NA,NA
30SUG1,NA,NA,NA,NA,NA,NA,NA,2,3,20,NA,18
30SUG2,NA,NA,NA,NA,NA,NA,NA,NA,4,17,NA,NA
30SUG3,16,108,11,96,-5,-12,NA,NA,4,17,NA,NA
30SUG4,17,117,19,125,2,8,1,1,4,21,3,20
30SUH1,NA,NA,NA,NA,NA,NA,1,10,2,14,1,4
30SUH2,13,91,11,102,-2,11,NA,NA,2,16,NA,NA
30SUH3,NA,NA,NA,NA,NA,NA,3,15,3,14,0,-1
30SUH4,NA,NA,NA,NA,NA,NA,1,NA,4,17,3,NA
30SUJ1,16,107,17,121,1,14,2,16,2,12,0,-4
30SUJ2,15,121,13,111,-2,-10,1,13,3,11,2,-2
30SUJ3,NA,NA,NA,NA,NA,NA,NA,11,3,16,NA,5
30SUJ4,NA,NA,NA,NA,NA,NA,NA,9,3,14,NA,5
30SUK2,20,134,18,137,-2,3,2,16,3,14,1,-2
30SUK4,16,121,20,134,4,13,NA,11,4,14,NA,3
30SVF1,14,117,17,126,3,9,2,NA,4,15,2,NA
30SVF3,16,109,19,119,3,10,4,6,5,18,1,12
30SVG1,10,95,11,102,1,7,NA,NA,3,16,NA,NA
30SVG2,13,111,13,125,0,14,3,5,2,19,-1,14
30SVG3,16,112,15,114,-1,2,NA,9,3,14,NA,5
30SVG4,15,107,14,109,-1,2,3,10,4,14,1,4
30SVH1,NA,NA,NA,NA,NA,NA,NA,8,3,19,NA,11
30SVH2,NA,NA,NA,NA,NA,NA,NA,4,6,26,NA,22
30SVH3,14,110,12,106,-2,-4,1,10,5,18,4,8
30SVH4,NA,NA,NA,NA,NA,NA,NA,9,3,13,NA,4
30SVJ1,NA,NA,NA,NA,NA,NA,NA,8,2,14,NA,6
30SVJ2,NA,NA,NA,NA,NA,NA,2,10,4,20,2,10
30SVJ3,NA,NA,NA,NA,NA,NA,1,5,1,13,0,8
30SVJ4,NA,NA,NA,NA,NA,NA,NA,6,2,11,NA,5
30SVK2,NA,NA,NA,NA,NA,NA,1,15,3,18,2,3
30SVK4,12,111,18,127,6,16,NA,8,4,14,NA,6
30SWF1,23,113,19,116,-4,3,3,17,2,14,-1,-3
30SWF3,NA,NA,NA,NA,NA,NA,NA,13,2,13,NA,0
30SWG1,16,108,15,107,-1,-1,1,3,4,16,3,13
30SWG2,12,94,10,100,-2,6,1,7,4,22,3,15
30SWG3,13,90,10,89,-3,-1,1,1,2,12,1,11
30SWG4,NA,NA,NA,NA,NA,NA,1,3,2,22,1,19
30SWH1,13,103,11,115,-2,12,1,12,3,12,2,0
30SWH2,NA,NA,NA,NA,NA,NA,5,16,4,16,-1,0
30SWH3,NA,NA,NA,NA,NA,NA,NA,9,3,12,NA,3
30SWH4,NA,NA,NA,NA,NA,NA,1,13,3,16,2,3
30SWJ1,NA,NA,NA,NA,NA,NA,NA,5,2,11,NA,6
30SWJ2,NA,NA,NA,NA,NA,NA,NA,7,2,12,NA,5
30SWJ3,NA,NA,NA,NA,NA,NA,1,8,3,14,2,6
30SWJ4,NA,NA,NA,NA,NA,NA,NA,3,3,16,NA,13
30SWK2,NA,NA,NA,NA,NA,NA,NA,6,2,12,NA,6
30SWK4,NA,NA,NA,NA,NA,NA,2,2,2,11,0,9
30SXF1,NA,NA,NA,NA,NA,NA,NA,NA,1,2,NA,NA
30SXG1,NA,NA,NA,NA,NA,NA,1,6,1,9,0,3
30SXG2,NA,NA,NA,NA,NA,NA,NA,NA,2,10,NA,NA
30SXG3,23,108,22,120,-1,12,NA,1,1,13,NA,12
30SXH1,NA,NA,NA,NA,NA,NA,NA,7,2,22,NA,15
30SXH2,14,92,13,110,-1,18,NA,5,5,19,NA,14
30SXH3,NA,NA,NA,NA,NA,NA,2,20,4,31,2,11
30SXH4,23,127,21,134,-2,7,1,10,5,28,4,18
30SXJ1,12,101,13,96,1,-5,2,16,3,18,1,2
30SXJ2,NA,NA,NA,NA,NA,NA,NA,8,3,19,NA,11
30SXJ3,15,104,14,108,-1,4,5,24,7,32,2,8
30SXJ4,14,98,14,115,0,17,5,26,5,33,0,7
30SXK2,14,96,17,110,3,14,3,9,5,25,2,16
30SXK4,16,113,18,110,2,-3,4,21,5,31,1,10
30SYG1,NA,NA,NA,NA,NA,NA,NA,NA,NA,2,NA,NA
30SYH1,14,106,18,119,4,13,5,23,7,30,2,7
30SYH2,NA,NA,NA,NA,NA,NA,1,8,2,23,1,15
30SYJ1,22,125,23,135,1,10,5,26,7,31,2,5
30SYJ2,20,116,17,124,-3,8,6,24,7,30,1,6
30SYK2,19,127,19,124,0,-3,8,26,6,35,-2,9
30TTK3,20,129,17,131,-3,2,5,19,5,21,0,2
30TTL3,NA,NA,NA,NA,NA,NA,NA,1,2,16,NA,15
30TTL4,17,140,13,131,-4,-9,NA,2,3,23,NA,21
30TTM3,NA,NA,NA,NA,NA,NA,NA,NA,2,17,NA,NA
30TTM4,NA,NA,NA,NA,NA,NA,NA,NA,3,24,NA,NA
30TTN3,19,101,16,103,-3,2,NA,1,5,26,NA,25
30TTN4,15,134,19,132,4,-2,NA,NA,5,25,NA,NA
30TTP4,NA,NA,NA,NA,NA,NA,NA,NA,5,32,NA,NA
30TUK1,17,131,17,131,0,0,4,9,8,26,4,17
30TUK3,20,129,17,125,-3,-4,1,7,3,26,2,19
30TUL1,10,125,13,125,3,0,NA,1,2,19,NA,18
30TUL2,16,123,13,130,-3,7,1,NA,1,12,0,NA
30TUL3,10,112,14,126,4,14,NA,1,2,16,NA,15
30TUL4,17,129,17,135,0,6,NA,2,3,18,NA,16
30TUM1,12,111,11,118,-1,7,NA,NA,1,11,NA,NA
30TUM2,12,120,13,118,1,-2,NA,NA,2,18,NA,NA
30TUM3,16,124,13,123,-3,-1,NA,4,1,22,NA,18
30TUM4,13,124,15,122,2,-2,NA,NA,2,23,NA,NA
30TUN1,18,111,20,118,2,7,2,9,6,31,4,22
30TUN2,16,129,17,129,1,0,1,2,3,26,2,24
30TUN3,19,116,16,118,-3,2,3,9,9,47,6,38
30TUN4,23,126,20,130,-3,4,1,2,5,26,4,24
30TUP2,7,93,12,100,5,7,1,2,4,22,3,20
30TUP4,9,102,15,99,6,-3,NA,1,6,24,NA,23
30TUT3,NA,NA,NA,NA,NA,NA,NA,2,NA,9,NA,7
30TVK1,22,128,21,141,-1,13,NA,23,4,31,NA,8
30TVK3,NA,NA,NA,NA,NA,NA,1,7,3,21,2,14
30TVL1,14,114,16,129,2,15,NA,1,2,12,NA,11
30TVL2,20,133,22,137,2,4,2,21,3,27,1,6
30TVL3,16,115,16,127,0,12,NA,4,3,27,NA,23
30TVL4,21,124,20,135,-1,11,NA,15,5,34,NA,19
30TVM1,15,121,13,125,-2,4,1,1,2,25,1,24
30TVM2,17,117,17,122,0,5,1,NA,3,30,2,NA
30TVM3,18,128,18,136,0,8,2,8,5,26,3,18
30TVM4,20,128,14,121,-6,-7,2,11,4,19,2,8
30TVN1,17,115,20,130,3,15,NA,2,8,43,NA,41
30TVN2,17,124,15,130,-2,6,1,4,6,40,5,36
30TVN3,14,118,16,131,2,13,2,5,7,37,5,32
30TVN4,19,129,15,131,-4,2,1,NA,4,31,3,NA
30TVP2,NA,NA,NA,NA,NA,NA,1,6,5,33,4,27
30TVP4,NA,NA,NA,NA,NA,NA,NA,NA,5,32,NA,NA
30TVT1,11,102,10,95,-1,-7,2,11,3,16,1,5
30TVT3,18,119,18,116,0,-3,4,27,6,38,2,11
30TWK1,15,114,18,128,3,14,NA,8,2,10,NA,2
30TWK3,16,114,13,113,-3,-1,1,NA,3,13,2,NA
30TWL1,15,108,13,122,-2,14,NA,4,3,23,NA,19
30TWL2,16,113,16,122,0,9,NA,12,2,14,NA,2
30TWL3,NA,NA,NA,NA,NA,NA,NA,1,2,12,NA,11
30TWL4,12,101,13,103,1,2,NA,7,3,13,NA,6
30TWM1,19,131,18,131,-1,0,1,2,4,16,3,14
30TWM2,16,127,15,129,-1,2,1,NA,4,25,3,NA
30TWM3,22,144,18,136,-4,-8,1,10,6,29,5,19
30TWM4,17,118,16,129,-1,11,1,9,3,14,2,5
30TWN1,13,118,17,130,4,12,1,NA,5,28,4,NA
30TWN2,21,136,23,150,2,14,2,12,5,23,3,11
30TWN3,16,126,19,119,3,-7,4,18,6,35,2,17
30TWN4,21,143,21,137,0,-6,2,24,7,28,5,4
30TWP2,NA,NA,NA,NA,NA,NA,1,NA,NA,10,NA,NA
30TWP4,NA,NA,NA,NA,NA,NA,NA,3,1,8,NA,5
30TWS3,15,125,15,127,0,2,2,23,6,28,4,5
30TWS4,NA,NA,NA,NA,NA,NA,NA,NA,1,2,NA,NA
30TWT1,19,131,19,122,0,-9,3,35,9,40,6,5
30TWT2,12,110,15,111,3,1,2,22,3,22,1,0
30TWT3,16,125,10,117,-6,-8,6,39,7,40,1,1
30TWT4,14,128,21,138,7,10,6,38,9,45,3,7
30TXK1,NA,NA,NA,NA,NA,NA,1,18,3,24,2,6
30TXK3,12,97,16,106,4,9,NA,NA,2,6,NA,NA
30TXL1,NA,NA,NA,NA,NA,NA,1,2,3,12,2,10
30TXL2,NA,NA,NA,NA,NA,NA,NA,NA,4,16,NA,NA
30TXL3,18,113,16,122,-2,9,NA,1,3,15,NA,14
30TXL4,NA,NA,NA,NA,NA,NA,NA,NA,3,8,NA,NA
30TXM1,21,134,24,140,3,6,2,17,2,17,0,0
30TXM2,20,125,21,135,1,10,1,12,4,23,3,11
30TXM3,19,131,24,138,5,7,1,7,2,19,1,12
30TXM4,NA,NA,NA,NA,NA,NA,NA,1,3,25,NA,24
30TXN1,24,131,16,116,-8,-15,5,43,7,40,2,-3
30TXN2,24,136,22,143,-2,7,4,19,4,27,0,8
30TXN3,21,125,20,119,-1,-6,9,44,13,58,4,14
30TXN4,20,123,25,129,5,6,4,18,6,25,2,7
30TXP1,5,98,11,107,6,9,5,25,7,36,2,11
30TXP2,13,118,16,131,3,13,7,38,8,54,1,16
30TXP3,5,98,8,109,3,11,4,29,8,42,4,13
30TXP4,13,115,13,119,0,4,5,31,9,45,4,14
30TXQ1,7,101,11,110,4,9,3,23,8,43,5,20
30TXQ2,9,97,8,97,-1,0,4,22,6,35,2,13
30TXQ3,11,127,15,123,4,-4,3,29,8,50,5,21
30TXQ4,NA,NA,NA,NA,NA,NA,4,29,6,44,2,15
30TXR1,12,125,14,127,2,2,4,33,6,35,2,2
30TXR2,6,99,6,98,0,-1,4,11,5,34,1,23
30TXR3,13,131,17,140,4,9,6,48,10,48,4,0
30TXR4,10,117,15,134,5,17,5,35,9,45,4,10
30TXS1,13,127,11,114,-2,-13,5,28,8,42,3,14
30TXS2,18,139,15,140,-3,1,5,40,6,41,1,1
30TXS3,8,122,13,122,5,0,6,22,9,41,3,19
30TXS4,11,124,12,125,1,1,5,43,9,50,4,7
30TXT1,14,123,11,115,-3,-8,6,38,9,44,3,6
30TXT2,16,132,16,140,0,8,7,41,9,44,2,3
30TXT3,13,127,17,129,4,2,10,39,11,45,1,6
30TXT4,11,118,15,126,4,8,8,31,8,45,0,14
30TYK1,16,109,13,112,-3,3,5,23,6,29,1,6
30TYL1,19,105,18,121,-1,16,2,NA,3,16,1,NA
30TYL2,NA,NA,NA,NA,NA,NA,4,10,4,15,0,5
30TYM1,27,151,24,135,-3,-16,5,14,5,20,0,6
30TYM2,21,121,20,115,-1,-6,NA,7,5,11,NA,4
30TYN1,21,126,23,119,2,-7,10,53,14,59,4,6
30TYN2,26,126,25,128,-1,2,10,38,8,38,-2,0
30TYP1,NA,NA,NA,NA,NA,NA,6,38,8,44,2,6
30TYP2,NA,NA,NA,NA,NA,NA,6,36,7,43,1,7
30TYQ1,9,100,10,112,1,12,5,27,7,42,2,15
30TYQ2,7,99,8,107,1,8,6,33,9,43,3,10
30TYR1,10,123,7,127,-3,4,3,33,10,45,7,12
30TYR2,8,111,7,111,-1,0,5,39,9,45,4,6
30TYS1,8,115,15,129,7,14,6,42,10,49,4,7
30TYS2,NA,NA,NA,NA,NA,NA,7,31,10,52,3,21
30TYT1,13,130,15,129,2,-1,7,44,9,44,2,0
30TYT2,13,133,17,139,4,6,8,47,9,50,1,3
30UUA2,15,91,16,95,1,4,4,31,6,33,2,2
30UUA3,18,106,13,98,-5,-8,5,31,3,30,-2,-1
30UUA4,NA,NA,NA,NA,NA,NA,1,4,NA,5,NA,1
30UUB3,NA,NA,NA,NA,NA,NA,1,10,2,11,1,1
30UUB4,16,95,12,88,-4,-7,5,28,3,31,-2,3
30UUC3,14,86,15,89,1,3,3,30,5,32,2,2
30UUC4,21,107,20,99,-1,-8,3,34,5,32,2,-2
30UUD1,NA,NA,NA,NA,NA,NA,1,1,NA,NA,NA,NA
30UUD3,NA,NA,NA,NA,NA,NA,4,26,2,20,-2,-6
30UUD4,NA,NA,NA,NA,NA,NA,NA,3,NA,NA,NA,NA
30UUE1,NA,NA,NA,NA,NA,NA,1,NA,1,3,0,NA
30UUF1,16,81,21,80,5,-1,2,10,3,18,1,8
30UUF2,17,78,15,79,-2,1,2,15,3,19,1,4
30UUF3,NA,NA,NA,NA,NA,NA,4,18,2,28,-2,10
30UUG1,19,82,16,68,-3,-14,4,21,3,18,-1,-3
30UUG2,NA,NA,NA,NA,NA,NA,4,22,2,12,-2,-10
30UUG3,16,99,27,105,11,6,4,30,3,27,-1,-3
30UUG4,29,108,23,92,-6,-16,4,27,3,25,-1,-2
30UUU3,19,105,13,101,-6,-4,3,25,6,37,3,12
30UUU4,14,112,16,106,2,-6,3,29,4,28,1,-1
30UVA1,20,112,19,103,-1,-9,4,32,4,29,0,-3
30UVB1,8,85,14,91,6,6,4,28,5,27,1,-1
30UVB2,17,98,12,94,-5,-4,4,33,5,33,1,0
30UVB3,11,106,18,109,7,3,5,35,4,33,-1,-2
30UVB4,11,113,19,107,8,-6,5,33,5,35,0,2
30UVC1,16,114,14,101,-2,-13,5,32,4,32,-1,0
30UVC2,15,110,19,113,4,3,5,36,4,36,-1,0
30UVC3,12,104,13,111,1,7,5,32,5,34,0,2
30UVC4,10,112,14,111,4,-1,5,35,4,36,-1,1
30UVD1,23,117,32,122,9,5,5,32,4,32,-1,0
30UVD2,17,108,13,106,-4,-2,4,32,6,34,2,2
30UVD3,12,104,17,117,5,13,4,31,4,32,0,1
30UVD4,12,107,12,109,0,2,5,32,5,30,0,-2
30UVE4,11,103,18,114,7,11,4,33,4,33,0,0
30UVF1,26,116,26,103,0,-13,4,26,4,31,0,5
30UVF3,15,109,18,110,3,1,4,28,3,27,-1,-1
30UVF4,30,129,26,107,-4,-22,5,26,4,28,-1,2
30UVG1,10,98,16,106,6,8,5,29,4,30,-1,1
30UVG2,9,90,10,99,1,9,4,26,4,25,0,-1
30UVG3,25,110,14,106,-11,-4,3,27,4,28,1,1
30UVG4,17,107,11,104,-6,-3,3,27,4,28,1,1
30UVU1,15,112,16,108,1,-4,6,35,7,42,1,7
30UVU2,10,103,13,110,3,7,4,30,8,46,4,16
30UVU3,11,108,10,100,-1,-8,6,27,10,45,4,18
30UVU4,6,94,7,95,1,1,5,34,8,41,3,7
30UVV4,21,86,18,92,-3,6,3,18,4,23,1,5
30UWA1,NA,NA,NA,NA,NA,NA,1,10,NA,6,NA,-4
30UWB1,NA,NA,NA,NA,NA,NA,5,36,6,36,1,0
30UWB2,23,116,16,110,-7,-6,5,33,5,36,0,3
30UWB3,13,105,11,111,-2,6,5,35,6,37,1,2
30UWB4,19,119,29,117,10,-2,5,36,5,39,0,3
30UWC1,10,102,13,104,3,2,6,34,6,34,0,0
30UWC2,13,111,22,119,9,8,5,35,6,37,1,2
30UWC3,10,100,12,105,2,5,6,33,5,35,-1,2
30UWC4,11,102,17,115,6,13,6,34,5,35,-1,1
30UWD1,12,104,10,107,-2,3,4,32,4,34,0,2
30UWD2,11,110,15,109,4,-1,5,35,6,34,1,-1
30UWD3,14,117,19,118,5,1,5,34,6,35,1,1
30UWD4,11,109,18,117,7,8,4,33,4,35,0,2
30UWE1,14,116,22,126,8,10,3,30,3,32,0,2
30UWE2,NA,NA,NA,NA,NA,NA,5,35,4,33,-1,-2
30UWE3,11,108,17,116,6,8,5,32,2,32,-3,0
30UWE4,14,108,18,115,4,7,6,32,4,33,-2,1
30UWF1,10,111,13,108,3,-3,4,30,4,28,0,-2
30UWF2,13,110,21,120,8,10,4,29,4,30,0,1
30UWF3,19,111,24,126,5,15,4,30,5,35,1,5
30UWF4,NA,NA,NA,NA,NA,NA,4,28,5,26,1,-2
30UWG1,21,107,28,115,7,8,4,25,4,27,0,2
30UWG2,12,109,10,99,-2,-10,4,22,3,27,-1,5
30UWG4,24,110,30,118,6,8,3,27,3,26,0,-1
30UWU1,18,111,17,106,-1,-5,4,34,9,38,5,4
30UWU2,8,98,7,97,-1,-1,3,24,8,40,5,16
30UWU3,18,117,16,120,-2,3,3,31,7,38,4,7
30UWU4,9,103,11,116,2,13,4,36,8,41,4,5
30UWV2,NA,NA,NA,NA,NA,NA,NA,NA,NA,4,NA,NA
30UWV3,23,119,17,105,-6,-14,6,38,7,38,1,0
30UXB1,NA,NA,NA,NA,NA,NA,5,30,6,33,1,3
30UXB2,17,121,20,118,3,-3,5,34,6,34,1,0
30UXB3,14,99,15,113,1,14,6,34,8,38,2,4
30UXB4,13,102,21,114,8,12,5,35,7,37,2,2
30UXC1,11,99,12,101,1,2,4,30,4,34,0,4
30UXC2,10,98,17,109,7,11,6,33,7,37,1,4
30UXC3,NA,NA,NA,NA,NA,NA,5,33,4,33,-1,0
30UXC4,13,109,16,114,3,5,5,37,6,34,1,-3
30UXD1,11,112,17,115,6,3,2,32,6,34,4,2
30UXD2,13,99,14,105,1,6,5,33,5,34,0,1
30UXD3,7,98,14,104,7,6,2,27,3,27,1,0
30UXD4,13,105,16,110,3,5,5,34,4,32,-1,-2
30UXE1,12,104,16,119,4,15,4,30,3,30,-1,0
30UXE2,16,116,16,122,0,6,6,31,4,32,-2,1
30UXE3,28,121,19,112,-9,-9,3,28,2,23,-1,-5
30UXE4,8,89,10,106,2,17,3,28,4,27,1,-1
30UXF2,16,113,24,114,8,1,5,31,2,31,-3,0
30UXU1,17,134,13,121,-4,-13,4,32,8,35,4,3
30UXU2,11,118,9,110,-2,-8,5,30,10,38,5,8
30UXU3,11,117,14,116,3,-1,5,34,8,40,3,6
30UXU4,11,121,13,116,2,-5,8,40,9,45,1,5
30UXV1,16,128,20,127,4,-1,5,32,7,37,2,5
30UXV2,12,123,13,115,1,-8,5,39,7,38,2,-1
30UXV3,18,127,14,127,-4,0,3,29,6,34,3,5
30UXV4,9,119,8,108,-1,-11,6,39,8,39,2,0
30UYU1,10,122,9,113,-1,-9,6,41,8,42,2,1
30UYU2,8,117,11,117,3,0,6,39,8,40,2,1
30VUH1,25,92,19,89,-6,-3,4,25,4,30,0,5
30VUH2,27,99,17,81,-10,-18,4,24,3,26,-1,2
30VUH3,22,97,21,89,-1,-8,4,25,4,25,0,0
30VUH4,NA,NA,NA,NA,NA,NA,4,26,4,25,0,-1
30VUJ1,26,70,27,85,1,15,4,23,4,18,0,-5
30VUJ2,NA,NA,NA,NA,NA,NA,3,21,2,19,-1,-2
30VUJ3,19,94,18,93,-1,-1,4,23,4,22,0,-1
30VUJ4,19,100,19,87,0,-13,4,22,4,22,0,0
30VUK3,28,73,33,85,5,12,4,22,3,17,-1,-5
30VUK4,27,75,27,90,0,15,4,22,4,18,0,-4
30VUL4,NA,NA,NA,NA,NA,NA,1,3,NA,NA,NA,NA
30VVH1,19,107,16,106,-3,-1,4,26,4,23,0,-3
30VVH2,18,107,22,111,4,4,4,27,4,28,0,1
30VVH3,19,104,21,116,2,12,4,28,4,29,0,1
30VVH4,NA,NA,NA,NA,NA,NA,4,30,4,31,0,1
30VVJ1,27,114,30,110,3,-4,4,26,4,27,0,1
30VVJ2,21,111,19,109,-2,-2,5,23,5,27,0,4
30VVJ3,22,104,23,114,1,10,4,25,4,26,0,1
30VVJ4,15,99,21,114,6,15,5,27,5,26,0,-1
30VVK1,35,88,27,87,-8,-1,4,19,4,16,0,-3
30VVK2,24,89,24,106,0,17,4,26,4,25,0,-1
30VVK3,27,87,33,96,6,9,4,24,2,18,-2,-6
30VVK4,27,82,20,68,-7,-14,2,20,2,13,0,-7
30VVL4,29,77,25,70,-4,-7,2,15,2,13,0,-2
30VWH1,NA,NA,NA,NA,NA,NA,4,27,4,29,0,2
30VWH2,NA,NA,NA,NA,NA,NA,4,26,4,29,0,3
30VWJ1,NA,NA,NA,NA,NA,NA,4,25,7,33,3,8
30VWJ2,NA,NA,NA,NA,NA,NA,4,30,4,29,0,-1
30VWJ3,NA,NA,NA,NA,NA,NA,3,22,4,21,1,-1
31SBC3,NA,NA,NA,NA,NA,NA,NA,5,1,17,NA,12
31SBD4,NA,NA,NA,NA,NA,NA,2,7,2,18,0,11
31SBE4,NA,NA,NA,NA,NA,NA,4,10,6,17,2,7
31TBE3,21,120,22,126,1,6,3,21,4,31,1,10
31TBF3,19,123,21,128,2,5,1,1,4,24,3,23
31TBF4,19,118,19,125,0,7,2,15,6,34,4,19
31TBG3,23,124,17,129,-6,5,5,13,4,19,-1,6
31TBG4,21,131,25,136,4,5,NA,7,3,19,NA,12
31TBH3,21,111,23,123,2,12,9,37,13,55,4,18
31TBH4,22,119,20,113,-2,-6,7,35,12,45,5,10
31TBJ3,7,97,8,104,1,7,6,36,8,46,2,10
31TBJ4,6,88,7,103,1,15,5,34,8,40,3,6
31TBK3,9,104,10,105,1,1,9,42,9,40,0,-2
31TBK4,8,92,9,107,1,15,5,44,7,47,2,3
31TBL3,14,126,13,124,-1,-2,5,39,10,49,5,10
31TBL4,7,107,11,110,4,3,6,32,10,44,4,12
31TCF1,18,119,16,122,-2,3,NA,8,4,28,NA,20
31TCF2,26,130,24,130,-2,0,1,9,4,19,3,10
31TCF3,16,107,13,115,-3,8,3,22,4,30,1,8
31TCG1,24,128,22,124,-2,-4,2,9,8,33,6,24
31TCG2,19,124,19,138,0,14,4,15,4,28,0,13
31TCG3,23,118,21,123,-2,5,4,18,9,43,5,25
31TCG4,15,117,12,118,-3,1,3,23,4,34,1,11
31TCH1,22,118,19,124,-3,6,9,45,11,53,2,8
31TCH2,20,121,19,109,-1,-12,8,28,12,47,4,19
31TCH3,20,120,16,129,-4,9,7,46,12,58,5,12
31TCH4,21,114,20,113,-1,-1,8,48,11,51,3,3
31TCJ1,9,110,13,108,4,-2,7,42,8,43,1,1
31TCJ2,8,97,9,108,1,11,3,30,7,46,4,16
31TCJ3,13,119,17,116,4,-3,7,50,8,55,1,5
31TCJ4,9,107,18,119,9,12,7,44,11,59,4,15
31TCK1,11,108,13,115,2,7,7,45,8,51,1,6
31TCK2,9,95,11,108,2,13,4,35,9,48,5,13
31TCK3,13,120,13,111,0,-9,8,51,10,53,2,2
31TCK4,12,107,9,107,-3,0,6,41,9,52,3,11
31TCL1,12,124,12,115,0,-9,5,37,10,51,5,14
31TCL2,9,104,9,106,0,2,8,48,9,45,1,-3
31TCL3,12,117,12,117,0,0,7,41,10,55,3,14
31TCL4,15,110,14,115,-1,5,8,42,9,51,1,9
31TCM1,12,126,15,131,3,5,8,48,10,51,2,3
31TCM2,10,118,19,133,9,15,2,38,10,51,8,13
31TCM3,18,141,19,137,1,-4,7,51,9,51,2,0
31TCM4,16,118,13,116,-3,-2,6,42,10,55,4,13
31TCN1,13,129,12,125,-1,-4,6,43,9,49,3,6
31TCN2,12,121,13,128,1,7,5,41,10,50,5,9
31TCN3,15,130,16,134,1,4,6,46,9,48,3,2
31TCN4,13,130,17,130,4,0,6,41,10,46,4,5
31TDF1,17,124,16,122,-1,-2,2,25,2,31,0,6
31TDF3,NA,NA,NA,NA,NA,NA,NA,2,NA,8,NA,6
31TDG1,23,129,22,130,-1,1,8,42,10,48,2,6
31TDG2,12,121,13,120,1,-1,4,24,8,37,4,13
31TDG3,23,134,16,132,-7,-2,8,27,9,47,1,20
31TDG4,17,123,16,118,-1,-5,2,19,4,37,2,18
31TDH1,18,117,15,125,-3,8,7,48,12,52,5,4
31TDH2,18,123,20,125,2,2,13,58,13,57,0,-1
31TDH3,20,131,21,145,1,14,11,48,13,52,2,4
31TDH4,28,149,26,152,-2,3,12,46,10,54,-2,8
31TDJ1,15,114,13,117,-2,3,8,47,9,50,1,3
31TDJ2,17,113,17,121,0,8,7,48,9,51,2,3
31TDJ3,13,117,13,121,0,4,6,34,8,49,2,15
31TDJ4,14,120,11,117,-3,-3,10,55,11,53,1,-2
31TDK1,11,105,13,108,2,3,8,45,9,53,1,8
31TDK2,12,112,12,119,0,7,7,43,9,48,2,5
31TDK3,14,114,16,121,2,7,7,45,11,54,4,9
31TDK4,9,116,14,116,5,0,5,39,10,53,5,14
31TDL1,14,120,13,112,-1,-8,7,37,10,50,3,13
31TDL2,15,111,14,113,-1,2,8,43,11,55,3,12
31TDL3,14,114,16,120,2,6,7,42,10,53,3,11
31TDL4,16,108,16,124,0,16,8,45,10,53,2,8
31TDM1,14,125,16,126,2,1,6,48,9,44,3,-4
31TDM2,17,130,17,128,0,-2,8,35,10,51,2,16
31TDM3,14,126,17,126,3,0,8,46,9,45,1,-1
31TDM4,16,131,15,118,-1,-13,7,42,7,48,0,6
31TDN1,16,137,15,132,-1,-5,5,47,7,47,2,0
31TDN2,11,123,14,129,3,6,8,45,10,53,2,8
31TDN3,14,136,15,132,1,-4,5,45,7,43,2,-2
31TDN4,11,119,18,130,7,11,8,45,7,48,-1,3
31TEG1,20,136,19,128,-1,-8,2,31,4,40,2,9
31TEG2,NA,NA,NA,NA,NA,NA,1,1,2,17,1,16
31TEH1,24,122,19,137,-5,15,4,36,9,44,5,8
31TEH2,NA,NA,NA,NA,NA,NA,6,42,5,40,-1,-2
31TEJ1,22,135,18,123,-4,-12,12,49,11,57,-1,8
31TEJ2,19,141,23,135,4,-6,9,45,8,51,-1,6
31TEJ3,17,134,15,121,-2,-13,9,45,10,50,1,5
31TEJ4,24,138,22,140,-2,2,6,42,10,52,4,10
31TEK1,18,121,13,126,-5,5,6,42,8,51,2,9
31TEK2,17,132,23,132,6,0,9,50,8,56,-1,6
31TEK3,17,125,19,131,2,6,6,43,9,56,3,13
31TEK4,18,126,17,122,-1,-4,10,55,11,57,1,2
31TEL1,18,129,16,131,-2,2,7,45,11,52,4,7
31TEL2,15,129,18,126,3,-3,7,48,10,54,3,6
31TEL3,21,135,28,144,7,9,7,43,10,54,3,11
31TEL4,16,123,22,136,6,13,6,35,8,45,2,10
31TEM1,15,130,15,128,0,-2,9,52,9,48,0,-4
31TEM2,15,130,14,123,-1,-7,8,50,9,44,1,-6
31TEM3,17,127,13,123,-4,-4,8,48,8,42,0,-6
31TEM4,11,115,19,131,8,16,6,44,7,45,1,1
31TEN1,14,132,13,120,-1,-12,9,48,8,47,-1,-1
31TEN2,15,125,15,130,0,5,8,48,9,46,1,-2
31TEN3,11,118,14,121,3,3,9,48,7,43,-2,-5
31TEN4,13,120,10,117,-3,-3,9,52,9,48,0,-4
31TFH1,NA,NA,NA,NA,NA,NA,NA,NA,NA,1,NA,NA
31TFJ1,19,125,15,119,-4,-6,7,50,9,49,2,-1
31TFJ2,24,141,21,143,-3,2,8,46,5,48,-3,2
31TFJ3,26,138,18,131,-8,-7,8,52,6,49,-2,-3
31TFJ4,23,125,25,141,2,16,8,47,9,52,1,5
31TFK1,20,128,21,127,1,-1,10,46,11,56,1,10
31TFK2,19,130,18,126,-1,-4,8,50,12,53,4,3
31TFK3,24,136,26,141,2,5,9,55,13,61,4,6
31TFK4,20,127,20,127,0,0,8,48,9,53,1,5
31TFL1,15,135,24,137,9,2,7,50,11,55,4,5
31TFL2,17,118,17,130,0,12,6,49,9,55,3,6
31TFL3,21,150,28,152,7,2,9,56,11,59,2,3
31TFL4,18,127,19,135,1,8,4,47,8,58,4,11
31TFM1,14,135,21,136,7,1,9,51,8,49,-1,-2
31TFM2,17,119,19,139,2,20,9,52,9,47,0,-5
31TFM3,20,134,21,133,1,-1,9,51,9,57,0,6
31TFM4,22,135,27,148,5,13,6,53,9,54,3,1
31TFN1,14,118,11,111,-3,-7,9,49,10,54,1,5
31TFN2,13,123,15,124,2,1,10,51,10,51,0,0
31TFN3,13,120,18,120,5,0,9,47,6,55,-3,8
31TFN4,13,125,22,136,9,11,9,49,6,52,-3,3
31TGH1,18,106,13,107,-5,1,7,39,7,40,0,1
31TGJ1,23,142,22,129,-1,-13,7,49,9,48,2,-1
31TGJ2,21,133,19,127,-2,-6,9,43,9,54,0,11
31TGK1,23,129,24,128,1,-1,11,55,10,60,-1,5
31TGK2,20,132,22,132,2,0,9,50,10,55,1,5
31TGL1,23,137,26,135,3,-2,8,45,14,60,6,15
31TGL2,22,134,26,127,4,-7,5,45,14,56,9,11
31TGM1,22,132,25,136,3,4,9,61,11,62,2,1
31TGM2,25,125,30,135,5,10,11,62,12,65,1,3
31TGN1,12,127,18,128,6,1,7,47,8,55,1,8
31TGN2,17,123,23,134,6,11,9,57,9,55,0,-2
31UCP1,11,121,11,109,0,-12,7,38,8,43,1,5
31UCP2,10,121,10,122,0,1,8,41,8,40,0,-1
31UCP3,14,116,12,111,-2,-5,1,30,6,43,5,13
31UCP4,11,114,11,116,0,2,6,40,5,47,-1,7
31UCQ1,23,136,15,134,-8,-2,7,44,7,40,0,-4
31UCQ2,10,114,7,111,-3,-3,6,40,6,34,0,-6
31UCQ3,15,122,15,128,0,6,7,40,5,35,-2,-5
31UCQ4,10,112,11,111,1,-1,4,40,5,42,1,2
31UCR2,11,97,11,100,0,3,3,33,2,32,-1,-1
31UCR4,15,124,13,114,-2,-10,6,41,8,52,2,11
31UCS1,18,122,18,117,0,-5,5,38,5,36,0,-2
31UCS2,20,123,17,112,-3,-11,5,29,4,34,-1,5
31UCS3,23,119,17,116,-6,-3,4,31,3,33,-1,2
31UCS4,NA,NA,NA,NA,NA,NA,2,22,1,28,-1,6
31UCT1,20,117,17,117,-3,0,4,35,5,31,1,-4
31UCT2,18,114,21,113,3,-1,5,33,4,34,-1,1
31UCT3,23,130,19,124,-4,-6,5,34,4,32,-1,-2
31UCT4,7,97,13,100,6,3,4,24,4,31,0,7
31UCU1,NA,NA,NA,NA,NA,NA,3,29,3,27,0,-2
31UCU2,24,128,23,130,-1,2,3,33,3,32,0,-1
31UCU3,21,121,19,120,-2,-1,4,32,3,27,-1,-5
31UCU4,24,131,16,116,-8,-15,5,33,3,31,-2,-2
31UCV2,NA,NA,NA,NA,NA,NA,2,22,2,19,0,-3
31UDP1,9,118,16,128,7,10,4,43,7,48,3,5
31UDP2,11,124,12,129,1,5,2,27,7,43,5,16
31UDP3,14,126,18,133,4,7,6,45,8,52,2,7
31UDP4,12,126,16,123,4,-3,5,30,7,46,2,16
31UDQ1,9,113,10,111,1,-2,5,40,7,48,2,8
31UDQ2,NA,NA,NA,NA,NA,NA,8,47,8,51,0,4
31UDQ3,12,130,18,127,6,-3,5,39,9,53,4,14
31UDQ4,NA,NA,NA,NA,NA,NA,6,45,9,55,3,10
31UDR1,20,149,22,141,2,-8,5,45,7,46,2,1
31UDR2,13,126,10,117,-3,-9,6,44,7,48,1,4
31UDR3,12,114,12,114,0,0,2,43,4,45,2,2
31UDR4,12,120,12,127,0,7,4,40,7,49,3,9
31UDS2,18,135,19,134,1,-1,4,44,6,50,2,6
31UDS3,NA,NA,NA,NA,NA,NA,3,27,3,25,0,-2
31UDS4,12,126,17,136,5,10,3,43,2,43,-1,0
31UDU1,NA,NA,NA,NA,NA,NA,NA,3,1,5,NA,2
31UDU2,17,106,15,108,-2,2,4,32,3,29,-1,-3
31UEP1,11,121,17,131,6,10,8,43,7,44,-1,1
31UEP2,15,136,18,124,3,-12,7,40,8,43,1,3
31UEP3,11,124,15,125,4,1,4,36,7,45,3,9
31UEP4,13,122,17,128,4,6,7,45,7,49,0,4
31UEQ1,15,135,16,133,1,-2,4,46,8,50,4,4
31UEQ2,9,106,12,119,3,13,6,38,7,50,1,12
31UEQ3,13,136,17,125,4,-11,7,47,8,47,1,0
31UEQ4,11,131,16,122,5,-9,8,45,8,47,0,2
31UER1,14,128,16,132,2,4,5,40,5,45,0,5
31UER2,12,118,14,123,2,5,6,31,5,49,-1,18
31UER3,13,117,18,126,5,9,4,44,5,39,1,-5
31UER4,14,123,18,130,4,7,4,43,7,52,3,9
31UES1,17,132,22,141,5,9,2,26,2,36,0,10
31UES2,10,114,16,125,6,11,2,33,3,30,1,-3
31UES3,19,134,27,144,8,10,3,39,5,42,2,3
31UES4,NA,NA,NA,NA,NA,NA,3,38,4,29,1,-9
31UET2,NA,NA,NA,NA,NA,NA,NA,15,1,33,NA,18
31UET3,18,127,17,130,-1,3,1,26,4,43,3,17
31UET4,20,134,28,142,8,8,1,23,4,39,3,16
31UFP1,17,132,19,139,2,7,8,46,6,46,-2,0
31UFP2,12,118,16,121,4,3,9,48,7,48,-2,0
31UFP3,14,123,15,118,1,-5,7,47,7,52,0,5
31UFP4,8,109,11,112,3,3,8,43,10,52,2,9
31UFQ1,18,136,22,132,4,-4,7,46,6,52,-1,6
31UFQ2,16,133,22,137,6,4,5,42,6,47,1,5
31UFQ3,15,134,19,133,4,-1,5,51,9,52,4,1
31UFQ4,16,131,19,135,3,4,5,48,7,50,2,2
31UFR1,11,107,16,118,5,11,5,47,4,29,-1,-18
31UFR2,16,130,18,125,2,-5,6,47,9,46,3,-1
31UFR3,12,111,14,112,2,1,6,49,4,36,-2,-13
31UFR4,13,119,17,119,4,0,6,51,8,47,2,-4
31UFS1,12,124,19,132,7,8,3,39,3,35,0,-4
31UFS2,NA,NA,NA,NA,NA,NA,5,44,4,27,-1,-17
31UFS3,16,137,22,145,6,8,2,41,5,47,3,6
31UFS4,14,132,22,139,8,7,5,46,6,50,1,4
31UFT1,19,135,24,142,5,7,3,37,4,42,1,5
31UFT2,21,141,25,146,4,5,4,28,5,43,1,15
31UFT3,19,140,25,150,6,10,3,34,3,46,0,12
31UFT4,16,139,22,146,6,7,2,27,5,44,3,17
31UFU1,19,124,19,129,0,5,2,9,3,36,1,27
31UFU2,18,136,21,137,3,1,2,16,4,40,2,24
31UFU3,20,128,22,139,2,11,2,15,3,37,1,22
31UFU4,25,150,27,151,2,1,3,27,3,38,0,11
31UFV4,18,121,22,135,4,14,2,9,3,31,1,22
31UGP1,16,126,15,124,-1,-2,6,48,5,42,-1,-6
31UGP2,11,119,17,119,6,0,6,41,6,47,0,6
31VFE3,34,123,20,111,-14,-12,4,12,5,23,1,11
31VFF1,34,122,26,108,-8,-14,3,10,5,19,2,9
31VFF2,23,76,18,81,-5,5,2,6,3,15,1,9
31VFF3,32,120,26,111,-6,-9,3,14,7,24,4,10
31VFF4,40,134,36,131,-4,-3,6,21,7,26,1,5
31VFG1,31,107,24,112,-7,5,7,19,7,23,0,4
31VFG2,30,117,27,110,-3,-7,4,14,7,20,3,6
31VFH1,30,105,28,101,-2,-4,4,10,7,13,3,3
31VFH2,30,104,26,113,-4,9,6,21,8,21,2,0
31VFJ1,41,115,24,95,-17,-20,5,17,6,17,1,0
31VFJ2,34,108,24,106,-10,-2,5,16,7,17,2,1
31VFK2,39,118,25,92,-14,-26,3,14,5,16,2,2
32TKN3,16,109,17,116,1,7,8,41,6,39,-2,-2
32TKP3,22,139,25,134,3,-5,8,53,13,52,5,-1
32TKP4,16,128,14,122,-2,-6,6,47,11,52,5,5
32TKQ3,19,118,18,111,-1,-7,11,58,13,57,2,-1
32TKQ4,21,123,22,130,1,7,13,56,12,60,-1,4
32TKR3,22,124,26,123,4,-1,9,44,10,53,1,9
32TKR4,20,106,23,127,3,21,7,35,11,51,4,16
32TLN1,NA,NA,NA,NA,NA,NA,1,7,NA,25,NA,18
32TLP1,23,118,19,118,-4,0,11,54,14,52,3,-2
32TLP2,19,126,17,126,-2,0,7,49,11,47,4,-2
32TLP3,22,118,21,113,-1,-5,10,52,14,53,4,1
32TLP4,14,90,13,106,-1,16,3,27,4,36,1,9
32TLQ1,20,118,20,110,0,-8,8,51,9,50,1,-1
32TLQ2,19,115,18,107,-1,-8,8,51,11,43,3,-8
32TLQ3,24,133,27,125,3,-8,1,3,7,38,6,35
32TLQ4,20,114,23,122,3,8,1,NA,7,28,6,NA
32TLR1,23,117,24,117,1,0,10,49,11,51,1,2
32TLR2,20,106,21,109,1,3,9,50,12,53,3,3
32TLR3,23,110,23,108,0,-2,9,35,7,30,-2,-5
32TLR4,22,129,21,110,-1,-19,2,10,8,29,6,19
32TLS1,32,142,32,140,0,-2,10,56,9,59,-1,3
32TLS2,31,136,31,135,0,-1,12,65,11,64,-1,-1
32TLS3,25,129,28,127,3,-2,12,52,11,52,-1,0
32TLS4,26,131,23,127,-3,-4,12,59,12,55,0,-4
32TLT1,23,131,21,125,-2,-6,8,53,8,54,0,1
32TLT2,25,131,24,118,-1,-13,8,59,9,58,1,-1
32TLT3,25,132,24,139,-1,7,7,55,6,52,-1,-3
32TLT4,26,132,31,133,5,1,7,57,8,52,1,-5
32TMP1,17,116,14,114,-3,-2,1,3,3,29,2,26
32TMP3,NA,NA,NA,NA,NA,NA,NA,NA,NA,6,NA,NA
32TMQ1,11,109,11,105,0,-4,1,4,1,28,0,24
32TMQ2,16,111,9,101,-7,-10,NA,1,4,33,NA,32
32TMQ3,14,122,12,117,-2,-5,NA,1,2,27,NA,26
32TMQ4,10,108,10,102,0,-6,1,7,1,34,0,27
32TMR1,19,117,22,100,3,-17,7,17,8,28,1,11
32TMR2,21,137,21,132,0,-5,1,2,2,27,1,25
32TMR3,18,129,22,131,4,2,7,46,8,43,1,-3
32TMR4,11,116,15,115,4,-1,NA,NA,1,20,NA,NA
32TMS1,24,109,26,119,2,10,11,50,11,50,0,0
32TMS2,21,119,23,113,2,-6,10,52,11,49,1,-3
32TMS3,22,104,23,112,1,8,10,52,11,48,1,-4
32TMS4,22,119,26,127,4,8,11,56,10,50,-1,-6
32TMT1,23,124,26,123,3,-1,7,47,5,49,-2,2
32TMT2,27,123,28,127,1,4,8,52,9,49,1,-3
32TMT3,19,123,23,128,4,5,7,49,7,49,0,0
32TMT4,31,135,33,134,2,-1,9,54,8,50,-1,-4
32TNP1,NA,NA,NA,NA,NA,NA,NA,NA,NA,5,NA,NA
32TNP3,11,100,18,113,7,13,NA,2,NA,25,NA,23
32TNQ1,14,133,20,134,6,1,NA,1,2,24,NA,23
32TNQ2,13,113,10,105,-3,-8,NA,4,3,27,NA,23
32TNQ3,11,107,15,125,4,18,NA,NA,2,20,NA,NA
32TNQ4,9,108,10,104,1,-4,NA,2,2,16,NA,14
32TNR1,26,135,26,130,0,-5,6,43,5,32,-1,-11
32TNR2,11,113,13,110,2,-3,NA,NA,NA,21,NA,NA
32TNR3,24,127,28,127,4,0,NA,1,4,25,NA,24
32TNR4,13,114,14,109,1,-5,NA,NA,1,23,NA,NA
32TNS1,21,109,21,114,0,5,11,49,11,55,0,6
32TNS2,24,121,23,125,-1,4,11,57,7,47,-4,-10
32TNS3,20,97,19,106,-1,9,10,42,10,45,0,3
32TNS4,22,105,21,126,-1,21,9,44,10,39,1,-5
32TNT1,20,132,24,136,4,4,4,48,5,48,1,0
32TNT2,23,121,27,125,4,4,11,55,10,55,-1,0
32TNT3,27,131,26,133,-1,2,7,16,5,43,-2,27
32TNT4,22,111,24,110,2,-1,4,21,6,39,2,18
32TPM3,NA,NA,NA,NA,NA,NA,NA,2,NA,8,NA,6
32TPN1,13,96,8,99,-5,3,NA,NA,1,17,NA,NA
32TPN2,NA,NA,NA,NA,NA,NA,NA,NA,1,11,NA,NA
32TPN3,9,95,6,97,-3,2,NA,3,3,22,NA,19
32TPN4,11,108,12,108,1,0,1,3,3,26,2,23
32TPP1,17,115,22,135,5,20,NA,2,2,34,NA,32
32TPP2,14,107,12,116,-2,9,1,6,1,22,0,16
32TPP3,14,106,16,113,2,7,NA,3,3,27,NA,24
32TPP4,13,100,10,97,-3,-3,NA,15,1,17,NA,2
32TPQ1,12,116,13,112,1,-4,NA,NA,3,26,NA,NA
32TPQ2,13,110,19,116,6,6,NA,NA,1,16,NA,NA
32TPQ3,10,97,14,102,4,5,NA,NA,NA,16,NA,NA
32TPQ4,17,126,18,123,1,-3,NA,5,1,22,NA,17
32TPR1,23,116,22,116,-1,0,2,8,5,32,3,24
32TPR2,16,125,19,119,3,-6,NA,1,2,29,NA,28
32TPR3,22,119,20,122,-2,3,1,10,3,35,2,25
32TPR4,10,106,11,107,1,1,NA,NA,NA,22,NA,NA
32TPS1,22,110,21,118,-1,8,8,36,9,37,1,1
32TPS2,NA,NA,NA,NA,NA,NA,2,13,5,25,3,12
32TPS3,23,106,24,115,1,9,NA,6,3,31,NA,25
32TPS4,22,112,23,121,1,9,3,4,6,40,3,36
32TPT1,25,120,26,121,1,1,4,24,6,33,2,9
32TPT2,16,89,20,104,4,15,1,10,5,22,4,12
32TPT3,22,129,24,127,2,-2,3,9,8,32,5,23
32TPT4,22,99,21,113,-1,14,2,2,6,32,4,30
32TQM1,9,95,12,109,3,14,NA,NA,1,13,NA,NA
32TQN1,12,105,14,103,2,-2,NA,2,2,14,NA,12
32TQN2,10,98,13,107,3,9,NA,2,3,20,NA,18
32TQP1,13,99,9,101,-4,2,NA,NA,2,23,NA,NA
32TQP2,12,103,16,111,4,8,NA,1,2,20,NA,19
32TQQ1,7,83,12,92,5,9,NA,NA,NA,18,NA,NA
32TQQ2,18,122,15,118,-3,-4,NA,NA,2,15,NA,NA
32TQR1,25,125,20,118,-5,-7,NA,NA,NA,24,NA,NA
32TQR2,7,83,6,93,-1,10,NA,NA,1,19,NA,NA
32TQS1,23,111,23,107,0,-4,6,20,5,29,-1,9
32TQS2,26,122,26,114,0,-8,1,2,6,29,5,27
32TQT1,22,107,26,126,4,19,5,11,8,29,3,18
32TQT2,22,97,19,92,-3,-5,7,34,8,33,1,-1
32ULA1,12,114,17,115,5,1,3,40,6,43,3,3
32ULA2,11,118,15,110,4,-8,6,49,7,47,1,-2
32ULA3,11,119,17,115,6,-4,NA,2,4,50,NA,48
32ULA4,11,110,13,109,2,-1,2,6,4,43,2,37
32ULB1,11,126,17,138,6,12,3,32,5,47,2,15
32ULB2,11,127,21,135,10,8,3,35,4,50,1,15
32ULB3,10,108,17,120,7,12,3,27,3,49,0,22
32ULB4,10,118,16,130,6,12,2,9,8,52,6,43
32ULC1,20,137,24,149,4,12,3,32,4,43,1,11
32ULC2,14,128,18,141,4,13,1,13,5,44,4,31
32ULC3,9,124,16,130,7,6,NA,11,6,46,NA,35
32ULC4,8,115,15,124,7,9,NA,2,5,49,NA,47
32ULD1,20,135,25,150,5,15,3,18,3,43,0,25
32ULD2,17,139,25,149,8,10,2,26,4,45,2,19
32ULD3,16,136,24,138,8,2,1,6,3,37,2,31
32ULD4,12,133,19,132,7,-1,NA,7,4,45,NA,38
32ULE2,18,126,26,146,8,20,1,10,3,33,2,23
32ULE4,18,128,22,140,4,12,NA,2,3,33,NA,31
32ULU1,17,130,19,134,2,4,5,41,6,42,1,1
32ULU2,15,121,16,115,1,-6,6,41,8,50,2,9
32ULU3,18,132,18,123,0,-9,5,41,9,50,4,9
32ULU4,20,141,24,137,4,-4,6,47,8,55,2,8
32ULV1,15,132,21,128,6,-4,8,51,7,49,-1,-2
32ULV2,16,133,18,139,2,6,5,49,7,49,2,0
32ULV3,11,117,12,112,1,-5,2,12,3,42,1,30
32ULV4,13,130,15,127,2,-3,5,46,6,40,1,-6
32UMA1,13,122,14,116,1,-6,NA,7,4,50,NA,43
32UMA2,13,127,19,127,6,0,2,18,5,48,3,30
32UMA3,16,129,23,135,7,6,NA,15,7,52,NA,37
32UMA4,15,128,21,136,6,8,1,9,7,50,6,41
32UMB1,11,110,16,110,5,0,1,18,2,39,1,21
32UMB2,10,109,17,116,7,7,3,14,3,42,0,28
32UMB3,11,107,16,117,5,10,NA,4,4,39,NA,35
32UMB4,12,114,19,123,7,9,2,14,7,45,5,31
32UMC1,11,126,16,131,5,5,NA,1,4,47,NA,46
32UMC2,12,118,21,123,9,5,1,16,4,47,3,31
32UMC3,15,128,20,128,5,0,1,5,5,46,4,41
32UMC4,13,126,20,123,7,-3,NA,6,4,37,NA,31
32UMD1,13,132,19,135,6,3,NA,1,2,40,NA,39
32UMD2,11,125,21,136,10,11,1,4,4,42,3,38
32UMD3,15,133,22,134,7,1,NA,10,3,34,NA,24
32UMD4,13,132,19,136,6,4,NA,NA,4,30,NA,NA
32UME1,NA,NA,NA,NA,NA,NA,NA,2,1,16,NA,14
32UME2,15,133,21,134,6,1,NA,1,4,35,NA,34
32UME3,19,127,22,141,3,14,NA,NA,4,30,NA,NA
32UME4,18,141,23,138,5,-3,1,2,5,31,4,29
32UMF3,23,137,26,148,3,11,2,18,3,35,1,17
32UMF4,NA,NA,NA,NA,NA,NA,NA,NA,2,17,NA,NA
32UMG1,13,95,16,109,3,14,NA,18,3,23,NA,5
32UMG3,21,128,27,136,6,8,4,24,4,34,0,10
32UMG4,25,136,23,137,-2,1,4,27,4,35,0,8
32UMU1,20,138,26,132,6,-6,2,32,9,48,7,16
32UMU2,16,119,21,123,5,4,NA,7,4,48,NA,41
32UMU3,15,102,19,116,4,14,1,7,3,33,2,26
32UMU4,17,112,16,113,-1,1,NA,1,3,32,NA,31
32UMV1,12,113,14,120,2,7,2,9,5,51,3,42
32UMV2,16,131,21,135,5,4,5,33,8,50,3,17
32UMV3,18,133,23,140,5,7,3,14,6,46,3,32
32UMV4,14,116,19,128,5,12,NA,NA,3,42,NA,NA
32UNA1,14,118,15,117,1,-1,4,15,7,39,3,24
32UNA2,16,126,17,115,1,-11,3,10,5,32,2,22
32UNA3,13,120,18,122,5,2,3,23,7,35,4,12
32UNA4,17,132,18,130,1,-2,4,30,6,44,2,14
32UNB1,12,108,21,121,9,13,NA,4,7,43,NA,39
32UNB2,10,101,14,112,4,11,NA,3,5,42,NA,39
32UNB3,16,123,19,125,3,2,1,8,7,41,6,33
32UNB4,18,126,21,126,3,0,NA,NA,5,33,NA,NA
32UNC1,13,118,18,123,5,5,2,7,6,48,4,41
32UNC2,13,120,17,118,4,-2,1,5,6,45,5,40
32UNC3,18,136,25,127,7,-9,1,19,8,50,7,31
32UNC4,18,125,21,126,3,1,NA,4,7,46,NA,42
32UND1,15,129,18,131,3,2,NA,2,4,29,NA,27
32UND2,18,137,23,141,5,4,3,8,4,38,1,30
32UND3,16,127,18,134,2,7,1,4,4,42,3,38
32UND4,20,130,25,140,5,10,1,21,3,46,2,25
32UNE1,22,134,24,138,2,4,NA,NA,6,30,NA,NA
32UNE2,19,140,23,141,4,1,NA,NA,3,30,NA,NA
32UNE3,22,132,20,136,-2,4,3,22,6,36,3,14
32UNE4,25,145,24,141,-1,-4,2,25,4,45,2,20
32UNF1,21,132,19,135,-2,3,2,19,5,40,3,21
32UNF2,16,123,26,140,10,17,1,7,3,35,2,28
32UNF3,26,124,22,136,-4,12,2,20,4,31,2,11
32UNF4,22,136,27,139,5,3,1,11,4,39,3,28
32UNG1,16,121,21,128,5,7,5,26,5,37,0,11
32UNG2,17,121,22,133,5,12,4,25,4,35,0,10
32UNG3,21,118,26,126,5,8,3,28,3,34,0,6
32UNG4,NA,NA,24,129,NA,NA,NA,NA,NA,NA,NA,NA
32UNU1,12,108,17,116,5,8,1,8,5,33,4,25
32UNU2,17,116,21,127,4,11,NA,3,2,34,NA,31
32UNU3,18,122,21,131,3,9,2,10,4,33,2,23
32UNU4,15,119,20,125,5,6,2,6,4,32,2,26
32UNV1,10,105,14,110,4,5,2,5,3,26,1,21
32UNV2,8,108,17,114,9,6,NA,9,6,40,NA,31
32UNV3,10,119,12,116,2,-3,2,5,6,25,4,20
32UNV4,13,113,18,115,5,2,3,15,3,35,0,20
32UPA1,17,126,21,131,4,5,2,8,5,33,3,25
32UPA2,16,135,22,138,6,3,3,10,6,30,3,20
32UPA3,17,120,18,116,1,-4,2,8,6,36,4,28
32UPA4,17,128,22,125,5,-3,2,17,6,36,4,19
32UPB1,15,126,22,131,7,5,NA,5,6,34,NA,29
32UPB2,18,129,22,124,4,-5,NA,NA,3,24,NA,NA
32UPB3,12,129,23,139,11,10,1,10,4,26,3,16
32UPB4,16,123,21,125,5,2,2,5,6,48,4,43
32UPC1,18,132,22,130,4,-2,2,17,5,44,3,27
32UPC2,20,128,23,134,3,6,NA,2,7,46,NA,44
32UPC3,19,133,25,142,6,9,NA,1,2,30,NA,29
32UPC4,20,144,26,141,6,-3,NA,4,4,31,NA,27
32UPD1,19,136,22,135,3,-1,NA,NA,4,37,NA,NA
32UPD2,22,143,23,137,1,-6,1,NA,4,34,3,NA
32UPD3,21,142,23,143,2,1,NA,6,6,36,NA,30
32UPD4,19,142,22,146,3,4,NA,6,1,21,NA,15
32UPE1,19,136,23,143,4,7,NA,10,4,37,NA,27
32UPE2,23,144,25,145,2,1,1,12,4,37,3,25
32UPE3,26,147,30,142,4,-5,NA,1,4,31,NA,30
32UPE4,14,119,24,135,10,16,2,3,3,24,1,21
32UPF2,24,130,28,135,4,5,1,7,4,31,3,24
32UPF4,16,105,18,114,2,9,NA,5,2,22,NA,17
32UPU1,17,129,18,122,1,-7,3,27,3,33,0,6
32UPU2,20,118,23,126,3,8,2,7,3,22,1,15
32UPU3,13,122,17,119,4,-3,3,15,4,25,1,10
32UPU4,21,129,26,135,5,6,3,24,4,37,1,13
32UPV1,15,121,16,123,1,2,4,13,4,28,0,15
32UPV2,20,133,24,133,4,0,2,12,3,35,1,23
32UPV3,17,124,18,128,1,4,3,12,5,48,2,36
32UPV4,19,137,23,131,4,-6,3,17,5,30,2,13
32UQU1,17,124,24,126,7,2,3,10,3,26,0,16
32UQU2,22,119,25,125,3,6,3,10,3,35,0,25
32VLK3,31,117,32,104,1,-13,6,21,5,21,-1,0
32VLK4,30,130,22,125,-8,-5,5,23,5,20,0,-3
32VLL3,NA,NA,NA,NA,NA,NA,6,10,7,8,1,-2
32VLL4,25,95,21,99,-4,4,5,13,7,17,2,4
32VLM3,22,97,12,87,-10,-10,6,15,7,14,1,-1
32VLM4,23,95,13,89,-10,-6,6,16,8,18,2,2
32VLN3,25,97,25,102,0,5,6,17,9,18,3,1
32VLN4,23,103,16,90,-7,-13,6,14,8,19,2,5
32VLP3,24,99,17,85,-7,-14,7,20,7,15,0,-5
32VLP4,NA,NA,NA,NA,NA,NA,6,13,7,10,1,-3
32VLQ3,26,99,19,74,-7,-25,3,11,2,11,-1,0
32VLQ4,37,109,23,92,-14,-17,5,18,8,20,3,2
32VMH1,NA,NA,NA,NA,NA,NA,2,9,3,8,1,-1
32VMH2,14,92,17,110,3,18,1,16,3,16,2,0
32VMH3,17,125,23,132,6,7,3,26,4,28,1,2
32VMH4,18,118,17,126,-1,8,2,22,4,32,2,10
32VMK1,27,113,22,116,-5,3,5,22,5,24,0,2
32VMK2,26,124,22,118,-4,-6,6,26,5,26,-1,0
32VMK3,28,119,31,122,3,3,4,23,5,23,1,0
32VMK4,18,82,10,77,-8,-5,3,15,4,18,1,3
32VML1,28,106,20,88,-8,-18,5,17,7,15,2,-2
32VML2,24,105,17,83,-7,-22,6,19,6,16,0,-3
32VML3,24,101,18,102,-6,1,6,20,8,17,2,-3
32VML4,22,103,19,95,-3,-8,7,23,5,18,-2,-5
32VMM1,NA,NA,NA,NA,NA,NA,5,12,5,10,0,-2
32VMM2,28,103,20,91,-8,-12,6,16,8,16,2,0
32VMM3,NA,NA,NA,NA,NA,NA,6,16,8,13,2,-3
32VMM4,30,106,24,99,-6,-7,7,16,6,16,-1,0
32VMN1,22,91,18,90,-4,-1,6,15,8,15,2,0
32VMN2,NA,NA,NA,NA,NA,NA,7,14,6,11,-1,-3
32VMN3,33,106,23,84,-10,-22,6,12,9,16,3,4
32VMN4,32,107,26,104,-6,-3,8,19,10,21,2,2
32VMP1,NA,NA,NA,NA,NA,NA,7,14,7,15,0,1
32VMP2,NA,NA,NA,NA,NA,NA,7,15,7,17,0,2
32VMP3,33,111,20,86,-13,-25,7,13,8,16,1,3
32VMP4,NA,NA,NA,NA,NA,NA,8,14,9,11,1,-3
32VMQ1,37,113,25,107,-12,-6,5,21,6,21,1,0
32VMQ2,27,106,22,99,-5,-7,7,21,9,20,2,-1
32VMQ3,36,110,27,114,-9,4,8,23,9,22,1,-1
32VMQ4,35,99,14,86,-21,-13,8,18,8,12,0,-6
32VMR4,32,107,30,104,-2,-3,6,16,6,17,0,1
32VNH1,14,114,20,130,6,16,3,28,3,34,0,6
32VNH2,13,113,16,130,3,17,3,26,3,37,0,11
32VNH3,15,117,20,129,5,12,3,29,3,34,0,5
32VNH4,18,119,25,125,7,6,3,31,3,36,0,5
32VNJ2,22,122,24,136,2,14,2,26,2,28,0,2
32VNJ4,15,119,23,133,8,14,4,30,3,36,-1,6
32VNK1,10,54,8,52,-2,-2,4,13,3,8,-1,-5
32VNL1,31,126,22,124,-9,-2,5,23,6,25,1,2
32VNL2,24,126,25,125,1,-1,4,20,6,24,2,4
32VNL3,31,139,30,134,-1,-5,4,26,6,33,2,7
32VNL4,20,106,15,111,-5,5,4,19,7,23,3,4
32VNM1,26,108,20,87,-6,-21,8,23,9,17,1,-6
32VNM2,27,126,23,123,-4,-3,5,25,8,23,3,-2
32VNM3,24,123,25,126,1,3,6,25,8,28,2,3
32VNM4,26,124,28,128,2,4,6,28,7,32,1,4
32VNN1,31,109,24,95,-7,-14,8,16,8,19,0,3
32VNN2,31,103,24,88,-7,-15,8,19,8,17,0,-2
32VNN3,31,121,29,128,-2,7,11,25,9,28,-2,3
32VNN4,31,122,21,119,-10,-3,5,22,7,21,2,-1
32VNP1,36,112,25,102,-11,-10,9,20,8,17,-1,-3
32VNP2,35,120,31,113,-4,-7,8,18,8,21,0,3
32VNP3,NA,NA,NA,NA,NA,NA,7,17,9,18,2,1
32VNP4,39,118,26,99,-13,-19,13,20,8,22,-5,2
32VNQ1,34,106,30,113,-4,7,10,18,9,17,-1,-1
32VNQ2,30,94,31,103,1,9,10,18,9,21,-1,3
32VNQ3,25,94,29,105,4,11,9,16,9,20,0,4
32VNQ4,32,95,29,106,-3,11,7,14,7,11,0,-3
32VNR1,25,91,33,100,8,9,5,18,6,20,1,2
32VNR2,35,109,36,120,1,11,9,20,6,20,-3,0
32VNR3,35,97,29,104,-6,7,9,20,7,19,-2,-1
32VNR4,33,109,35,127,2,18,11,23,8,27,-3,4
32VPH1,14,106,11,110,-3,4,3,23,3,27,0,4
32VPH2,14,117,17,116,3,-1,3,22,3,30,0,8
32VPK3,30,135,34,136,4,1,5,27,7,36,2,9
32VPK4,29,130,32,134,3,4,3,26,7,39,4,13
32VPL1,32,134,32,130,0,-4,6,27,8,30,2,3
32VPL2,25,119,29,127,4,8,5,22,7,27,2,5
32VPL3,23,108,19,111,-4,3,5,25,7,33,2,8
32VPL4,19,111,21,117,2,6,5,24,5,32,0,8
32VPM1,22,120,19,125,-3,5,7,27,9,32,2,5
32VPM2,25,131,24,133,-1,2,6,29,8,34,2,5
32VPN1,26,119,27,118,1,-1,10,23,10,28,0,5
32VPN2,29,128,24,135,-5,7,6,25,7,24,1,-1
32VPP1,33,96,28,101,-5,5,11,17,9,14,-2,-3
32VPP2,30,98,26,99,-4,1,10,21,10,16,0,-5
32VPQ1,34,92,29,94,-5,2,9,13,11,17,2,4
32VPQ2,32,93,30,104,-2,11,9,17,9,20,0,3
32VPR1,37,115,33,129,-4,14,7,18,8,25,1,7
32VPR2,33,99,32,112,-1,13,10,19,8,20,-2,1
32WNS2,NA,NA,NA,NA,NA,NA,1,3,1,4,0,1
32WNS3,17,59,18,67,1,8,4,14,3,13,-1,-1
32WNS4,32,83,30,90,-2,7,6,11,6,9,0,-2
32WPS1,35,99,21,92,-14,-7,5,11,6,14,1,3
32WPS2,26,98,25,106,-1,8,8,16,8,17,0,1
32WPT2,28,85,21,73,-7,-12,3,7,4,8,1,1
33SWC3,NA,NA,NA,NA,NA,NA,NA,NA,NA,4,NA,NA
33SWC4,9,78,11,95,2,17,NA,2,NA,9,NA,7
33SWD3,8,65,6,76,-2,11,NA,NA,1,3,NA,NA
33SWD4,NA,NA,NA,NA,NA,NA,NA,NA,NA,5,NA,NA
33SWE2,12,95,7,76,-5,-19,NA,NA,1,3,NA,NA
33SWE4,14,91,14,94,0,3,NA,NA,2,15,NA,NA
33SXC1,10,84,3,74,-7,-10,1,1,1,6,0,5
33SXC2,NA,NA,NA,NA,NA,NA,NA,NA,NA,1,NA,NA
33SXD1,11,100,13,111,2,11,NA,NA,NA,7,NA,NA
33SXD2,13,98,11,100,-2,2,NA,NA,2,11,NA,NA
33SXD3,NA,NA,NA,NA,NA,NA,NA,NA,1,2,NA,NA
33SXD4,11,84,11,94,0,10,NA,NA,NA,6,NA,NA
33SXE2,NA,NA,NA,NA,NA,NA,NA,NA,1,9,NA,NA
33TTF3,NA,NA,NA,NA,NA,NA,NA,NA,NA,1,NA,NA
33TTG3,11,105,8,104,-3,-1,NA,NA,3,21,NA,NA
33TTG4,10,101,11,98,1,-3,1,4,2,20,1,16
33TTH3,13,97,10,101,-3,4,NA,NA,2,16,NA,NA
33TTH4,12,101,10,93,-2,-8,NA,1,3,16,NA,15
33TTJ3,12,106,15,111,3,5,NA,NA,NA,23,NA,NA
33TTJ4,11,99,11,98,0,-1,NA,NA,NA,15,NA,NA
33TTK3,12,111,16,115,4,4,NA,NA,NA,14,NA,NA
33TTK4,15,116,18,118,3,2,NA,1,NA,14,NA,13
33TTL3,28,130,19,116,-9,-14,NA,NA,2,19,NA,NA
33TTL4,14,94,14,105,0,11,NA,2,NA,12,NA,10
33TUF1,9,95,8,78,-1,-17,NA,NA,NA,14,NA,NA
33TUF3,9,89,10,76,1,-13,NA,NA,1,12,NA,NA
33TUG1,17,120,13,102,-4,-18,NA,3,3,22,NA,19
33TUG2,13,113,12,95,-1,-18,NA,NA,3,20,NA,NA
33TUG3,17,107,17,105,0,-2,2,5,2,17,0,12
33TUG4,18,119,15,103,-3,-16,NA,NA,4,20,NA,NA
33TUH1,12,104,14,106,2,2,NA,NA,1,14,NA,NA
33TUH2,18,116,17,99,-1,-17,NA,NA,1,17,NA,NA
33TUH3,14,91,16,103,2,12,NA,NA,1,9,NA,NA
33TUH4,16,108,13,103,-3,-5,1,NA,3,19,2,NA
33TUJ1,8,94,7,97,-1,3,NA,1,1,10,NA,9
33TUJ2,16,112,12,109,-4,-3,NA,NA,1,19,NA,NA
33TUJ4,NA,NA,NA,NA,NA,NA,NA,NA,1,10,NA,NA
33TUK3,NA,NA,NA,NA,NA,NA,2,12,NA,4,NA,-8
33TUL1,14,125,20,125,6,0,NA,NA,1,25,NA,NA
33TUL2,NA,NA,NA,NA,NA,NA,NA,NA,NA,6,NA,NA
33TUL3,23,140,26,144,3,4,1,9,1,27,0,18
33TUL4,12,110,13,120,1,10,3,14,NA,12,NA,-2
33TUM1,20,92,21,101,1,9,9,48,6,25,-3,-23
33TUM2,21,117,26,131,5,14,NA,2,7,33,NA,31
33TUM3,21,103,22,119,1,16,7,36,4,29,-3,-7
33TUM4,22,120,24,127,2,7,2,10,6,28,4,18
33TUN1,20,114,21,114,1,0,10,49,9,36,-1,-13
33TUN2,22,101,21,108,-1,7,11,47,6,36,-5,-11
33TUN3,24,111,23,116,-1,5,11,54,8,49,-3,-5
33TUN4,20,85,19,103,-1,18,11,49,7,39,-4,-10
33TVE1,NA,NA,NA,NA,NA,NA,1,1,NA,4,NA,3
33TVE3,7,70,8,74,1,4,NA,NA,1,4,NA,NA
33TVF1,15,109,14,111,-1,2,1,NA,3,16,2,NA
33TVF2,NA,NA,NA,NA,NA,NA,NA,2,NA,17,NA,15
33TVF3,NA,NA,NA,NA,NA,NA,NA,NA,3,20,NA,NA
33TVF4,11,99,11,96,0,-3,NA,1,2,9,NA,8
33TVG1,21,123,17,106,-4,-17,2,5,3,15,1,10
33TVG2,22,124,16,100,-6,-24,2,4,2,26,0,22
33TVG3,9,83,6,92,-3,9,NA,NA,2,6,NA,NA
33TVG4,9,103,11,108,2,5,NA,NA,3,16,NA,NA
33TVH1,5,63,6,71,1,8,NA,NA,NA,3,NA,NA
33TVH2,11,96,5,73,-6,-23,NA,NA,1,3,NA,NA
33TVK1,NA,NA,NA,NA,NA,NA,NA,10,NA,20,NA,10
33TVK3,20,104,13,106,-7,2,6,19,1,16,-5,-3
33TVK4,NA,NA,NA,NA,NA,NA,NA,6,NA,8,NA,2
33TVL1,23,135,25,147,2,12,3,27,6,28,3,1
33TVL2,18,131,24,148,6,17,4,22,2,22,-2,0
33TVL3,23,144,26,145,3,1,3,22,5,30,2,8
33TVL4,20,127,21,118,1,-9,4,23,3,18,-1,-5
33TVM1,23,117,25,123,2,6,5,34,6,36,1,2
33TVM2,24,119,25,120,1,1,3,22,5,21,2,-1
33TVM3,20,120,21,124,1,4,1,8,4,20,3,12
33TVM4,22,119,28,134,6,15,3,23,4,30,1,7
33TVN1,21,108,22,111,1,3,9,31,9,31,0,0
33TVN2,19,95,18,97,-1,2,10,39,4,29,-6,-10
33TVN3,21,105,22,113,1,8,6,30,10,37,4,7
33TVN4,19,104,21,114,2,10,1,1,4,28,3,27
33TWE1,17,113,18,102,1,-11,NA,2,NA,14,NA,12
33TWE3,17,108,17,104,0,-4,NA,NA,1,16,NA,NA
33TWF1,9,94,6,85,-3,-9,NA,NA,1,9,NA,NA
33TWF2,14,117,14,104,0,-13,1,3,3,8,2,5
33TWF3,9,80,13,88,4,8,NA,NA,1,2,NA,NA
33TWF4,10,100,9,90,-1,-10,NA,NA,2,6,NA,NA
33TWG1,NA,NA,NA,NA,NA,NA,NA,NA,NA,1,NA,NA
33TWG2,13,110,6,98,-7,-12,NA,NA,NA,5,NA,NA
33TWG4,18,129,11,98,-7,-31,1,1,1,12,0,11
33TWJ1,14,108,11,102,-3,-6,2,7,NA,9,NA,2
33TWJ3,13,108,13,110,0,2,1,6,6,14,5,8
33TWJ4,NA,NA,NA,NA,NA,NA,1,5,NA,5,NA,0
33TWK1,13,95,13,96,0,1,4,20,2,14,-2,-6
33TWK2,NA,NA,NA,NA,NA,NA,3,15,1,14,-2,-1
33TWK3,NA,NA,NA,NA,NA,NA,NA,7,1,10,NA,3
33TWK4,NA,NA,NA,NA,NA,NA,2,12,NA,8,NA,-4
33TWL1,17,114,21,130,4,16,1,16,3,23,2,7
33TWL2,15,119,17,119,2,0,3,19,4,24,1,5
33TWL3,16,126,17,120,1,-6,3,32,2,21,-1,-11
33TWL4,12,97,10,103,-2,6,1,8,NA,15,NA,7
33TWM1,21,113,23,126,2,13,1,16,6,38,5,22
33TWM2,18,121,22,133,4,12,2,17,1,13,-1,-4
33TWM3,18,133,18,136,0,3,1,18,5,34,4,16
33TWM4,23,137,25,139,2,2,1,17,3,20,2,3
33TWN1,20,107,19,106,-1,-1,2,4,6,17,4,13
33TWN2,17,107,22,117,5,10,NA,1,7,50,NA,49
33TWN3,18,107,22,115,4,8,NA,NA,5,28,NA,NA
33TWN4,19,123,22,122,3,-1,NA,2,6,31,NA,29
33TXE1,9,91,12,104,3,13,NA,NA,1,10,NA,NA
33TXE3,9,79,7,80,-2,1,NA,NA,1,7,NA,NA
33TXF1,NA,NA,NA,NA,NA,NA,NA,NA,1,3,NA,NA
33TXF2,6,75,8,87,2,12,NA,NA,NA,12,NA,NA
33TXF3,NA,NA,NA,NA,NA,NA,NA,NA,NA,2,NA,NA
33TXF4,4,66,6,79,2,13,NA,NA,NA,8,NA,NA
33TXH3,11,79,10,95,-1,16,2,7,NA,14,NA,7
33TXJ1,NA,NA,NA,NA,NA,NA,5,15,NA,10,NA,-5
33TXJ2,15,107,13,107,-2,0,2,16,NA,18,NA,2
33TXJ3,NA,NA,NA,NA,NA,NA,4,19,1,6,-3,-13
33TXJ4,NA,NA,NA,NA,NA,NA,2,13,3,13,1,0
33TXK1,13,96,16,99,3,3,NA,1,NA,2,NA,1
33TXK2,9,75,9,88,0,13,1,11,NA,3,NA,-8
33TXK3,16,112,16,115,0,3,NA,2,NA,6,NA,4
33TXK4,NA,NA,NA,NA,NA,NA,2,16,NA,1,NA,-15
33TXL1,11,103,13,104,2,1,NA,17,2,15,NA,-2
33TXL2,18,112,15,118,-3,6,1,17,2,11,1,-6
33TXL3,22,128,16,114,-6,-14,1,14,NA,5,NA,-9
33TXL4,18,120,15,114,-3,-6,2,18,1,10,-1,-8
33TXM1,17,127,16,126,-1,-1,1,14,1,9,0,-5
33TXM2,13,113,16,120,3,7,1,20,2,14,1,-6
33TXM3,22,132,23,135,1,3,2,15,NA,12,NA,-3
33TXM4,16,118,17,119,1,1,NA,5,NA,7,NA,2
33TXN1,21,145,26,147,5,2,NA,19,3,41,NA,22
33TXN2,14,114,17,127,3,13,NA,1,2,19,NA,18
33TXN3,11,120,21,134,10,14,1,7,NA,20,NA,13
33TXN4,10,107,15,119,5,12,NA,2,1,5,NA,3
33TYE1,NA,NA,NA,NA,NA,NA,NA,NA,NA,11,NA,NA
33TYF2,NA,NA,NA,NA,NA,NA,NA,NA,NA,4,NA,NA
33TYH1,19,104,19,124,0,20,2,11,NA,6,NA,-5
33TYH2,NA,NA,NA,NA,NA,NA,1,5,NA,2,NA,-3
33TYJ1,NA,NA,NA,NA,NA,NA,NA,12,1,NA,NA,NA
33TYJ2,18,101,17,118,-1,17,3,17,1,5,-2,-12
33TYK1,12,101,9,86,-3,-15,1,14,NA,2,NA,-12
33TYK2,10,78,13,81,3,3,2,9,NA,3,NA,-6
33TYL1,13,106,17,114,4,8,1,16,1,5,0,-11
33TYL2,18,113,18,119,0,6,2,21,4,14,2,-7
33TYM1,20,120,20,123,0,3,1,11,NA,12,NA,1
33TYM2,14,118,13,117,-1,-1,NA,6,NA,14,NA,8
33TYN1,20,135,22,136,2,1,1,2,1,8,0,6
33TYN2,19,131,21,126,2,-5,1,6,NA,12,NA,6
33UUA2,24,129,21,133,-3,4,1,3,3,31,2,28
33UUA4,27,144,27,150,0,6,1,3,3,28,2,25
33UUB3,23,130,24,144,1,14,7,33,7,40,0,7
33UUB4,19,124,17,116,-2,-8,5,22,5,31,0,9
33UUP1,13,118,18,117,5,-1,2,5,4,23,2,18
33UUP2,18,127,27,129,9,2,5,41,5,48,0,7
33UUP3,16,123,22,121,6,-2,2,23,6,33,4,10
33UUP4,18,118,23,122,5,4,7,49,4,44,-3,-5
33UUQ1,21,138,26,140,5,2,2,15,3,18,1,3
33UUQ2,18,134,24,134,6,0,1,7,3,29,2,22
33UUQ3,24,141,22,130,-2,-11,NA,2,1,14,NA,12
33UUQ4,22,137,20,117,-2,-20,3,12,8,35,5,23
33UUR1,23,132,23,142,0,10,2,9,4,22,2,13
33UUR2,22,137,24,138,2,1,2,8,2,16,0,8
33UUR3,22,138,27,145,5,7,NA,3,1,16,NA,13
33UUR4,21,139,22,135,1,-4,NA,NA,2,14,NA,NA
33UUS1,NA,NA,NA,NA,NA,NA,NA,1,5,45,NA,44
33UUS2,17,129,22,136,5,7,NA,3,4,33,NA,30
33UUS3,16,127,24,133,8,6,1,5,3,21,2,16
33UUS4,17,125,21,130,4,5,NA,3,4,35,NA,32
33UUT1,17,130,19,135,2,5,NA,1,4,30,NA,29
33UUT2,19,139,25,148,6,9,NA,1,4,34,NA,33
33UUT3,16,130,23,136,7,6,NA,12,4,29,NA,17
33UUT4,15,126,23,142,8,16,NA,NA,4,31,NA,NA
33UUU1,NA,NA,NA,NA,NA,NA,1,NA,2,17,1,NA
33UUU2,NA,NA,NA,NA,NA,NA,1,7,4,35,3,28
33UUU3,19,135,21,136,2,1,3,17,4,31,1,14
33UUU4,19,141,24,143,5,2,1,22,4,46,3,24
33UUV1,18,132,20,137,2,5,NA,9,4,35,NA,26
33UUV2,22,141,23,136,1,-5,NA,1,3,32,NA,31
33UUV3,19,138,22,143,3,5,NA,5,3,29,NA,24
33UUV4,21,128,24,141,3,13,NA,4,3,27,NA,23
33UVA2,21,128,21,120,0,-8,NA,1,2,26,NA,25
33UVB1,27,138,24,146,-3,8,8,37,10,42,2,5
33UVB2,13,116,19,112,6,-4,2,15,4,31,2,16
33UVP1,16,109,20,122,4,13,5,28,7,39,2,11
33UVP2,20,117,26,128,6,11,7,54,7,42,0,-12
33UVP3,19,118,19,119,0,1,5,20,6,33,1,13
33UVP4,19,117,25,123,6,6,9,51,6,43,-3,-8
33UVQ1,24,138,30,145,6,7,1,3,1,14,0,11
33UVQ2,27,144,27,157,0,13,3,4,3,16,0,12
33UVQ3,21,139,24,135,3,-4,NA,2,1,5,NA,3
33UVQ4,28,154,29,151,1,-3,NA,12,4,21,NA,9
33UVR1,19,139,24,143,5,4,NA,1,1,22,NA,21
33UVR2,20,132,24,138,4,6,NA,2,2,28,NA,26
33UVR3,16,134,23,139,7,5,1,2,3,29,2,27
33UVR4,20,136,23,136,3,0,NA,9,4,35,NA,26
33UVS1,19,135,24,137,5,2,NA,NA,4,32,NA,NA
33UVS2,21,139,23,140,2,1,NA,1,1,39,NA,38
33UVS3,22,142,26,144,4,2,1,2,3,34,2,32
33UVS4,21,138,21,138,0,0,1,1,3,28,2,27
33UVT1,19,139,22,138,3,-1,NA,5,3,26,NA,21
33UVT2,17,127,26,145,9,18,NA,NA,4,25,NA,NA
33UVT3,16,132,23,142,7,10,1,11,3,23,2,12
33UVT4,18,139,25,141,7,2,2,14,3,22,1,8
33UVU1,22,140,24,149,2,9,2,12,5,35,3,23
33UVU2,19,137,23,146,4,9,3,29,8,43,5,14
33UVU3,24,149,21,143,-3,-6,1,3,3,18,2,15
33UVU4,21,154,25,152,4,-2,3,18,3,30,0,12
33UVV1,20,131,24,149,4,18,NA,4,3,26,NA,22
33UVV2,22,141,22,143,0,2,1,5,3,23,2,18
33UVV3,24,152,22,141,-2,-11,1,16,2,20,1,4
33UVV4,21,154,25,144,4,-10,2,21,3,33,1,12
33UWA2,14,125,18,123,4,-2,NA,3,1,6,NA,3
33UWA4,21,140,22,135,1,-5,1,2,NA,13,NA,11
33UWP1,17,123,20,133,3,10,NA,6,2,29,NA,23
33UWP2,19,116,22,122,3,6,1,10,5,29,4,19
33UWP3,14,123,22,128,8,5,1,3,3,39,2,36
33UWP4,20,121,20,128,0,7,3,14,6,37,3,23
33UWQ1,17,132,23,135,6,3,NA,NA,1,20,NA,NA
33UWQ2,22,138,22,134,0,-4,NA,1,2,15,NA,14
33UWQ3,16,130,25,138,9,8,NA,5,3,10,NA,5
33UWQ4,22,136,28,141,6,5,1,NA,2,23,1,NA
33UWR1,19,141,25,146,6,5,NA,1,2,20,NA,19
33UWR2,21,141,24,143,3,2,NA,2,NA,12,NA,10
33UWR3,25,148,25,141,0,-7,2,14,3,31,1,17
33UWR4,21,144,24,143,3,-1,NA,NA,2,13,NA,NA
33UWS1,19,133,22,133,3,0,5,12,1,15,-4,3
33UWS2,21,139,25,135,4,-4,5,16,4,20,-1,4
33UWS3,19,140,23,139,4,-1,5,24,1,14,-4,-10
33UWS4,19,139,22,142,3,3,4,23,4,29,0,6
33UWT1,17,134,18,137,1,3,2,19,4,23,2,4
33UWT2,21,134,20,133,-1,-1,2,14,1,9,-1,-5
33UWT3,18,143,17,134,-1,-9,1,6,1,14,0,8
33UWT4,19,142,21,140,2,-2,3,19,4,9,1,-10
33UWU1,19,144,23,134,4,-10,NA,2,1,14,NA,12
33UWU2,18,141,21,143,3,2,4,28,4,16,0,-12
33UWU3,21,143,21,137,0,-6,3,27,2,19,-1,-8
33UWU4,18,139,21,137,3,-2,1,21,2,16,1,-5
33UWV1,17,129,22,138,5,9,1,19,1,12,0,-7
33UWV2,21,139,21,137,0,-2,NA,7,3,18,NA,11
33UWV3,15,126,20,131,5,5,1,14,NA,8,NA,-6
33UWV4,18,128,22,138,4,10,1,15,1,19,0,4
33UXA1,NA,NA,NA,NA,NA,NA,NA,10,NA,10,NA,0
33UXA2,20,135,21,138,1,3,1,16,2,12,1,-4
33UXA3,22,136,22,139,0,3,NA,9,2,12,NA,3
33UXA4,19,132,19,130,0,-2,1,19,1,14,0,-5
33UXP1,19,129,24,141,5,12,NA,1,5,23,NA,22
33UXP2,22,141,25,146,3,5,1,16,6,54,5,38
33UXP3,21,153,21,137,0,-16,NA,NA,4,19,NA,NA
33UXP4,23,147,26,139,3,-8,1,10,3,29,2,19
33UXQ1,18,130,22,134,4,4,1,4,3,31,2,27
33UXQ2,26,153,29,149,3,-4,1,5,3,22,2,17
33UXQ3,23,146,33,147,10,1,NA,NA,5,28,NA,NA
33UXQ4,28,150,29,147,1,-3,NA,1,2,19,NA,18
33UXR1,20,134,24,143,4,9,5,27,3,28,-2,1
33UXR2,21,134,25,137,4,3,NA,2,2,20,NA,18
33UXR3,21,136,25,148,4,12,2,33,3,25,1,-8
33UXR4,25,147,26,142,1,-5,NA,8,1,19,NA,11
33UXS1,20,144,21,143,1,-1,2,19,4,25,2,6
33UXS2,19,122,23,144,4,22,3,19,4,22,1,3
33UXS3,19,144,21,142,2,-2,2,7,4,22,2,15
33UXS4,18,141,23,135,5,-6,3,27,1,20,-2,-7
33UXT1,20,151,20,146,0,-5,1,20,1,21,0,1
33UXT2,20,140,21,143,1,3,1,11,1,13,0,2
33UXT3,18,146,20,141,2,-5,3,26,2,19,-1,-7
33UXT4,20,146,21,144,1,-2,3,18,2,17,-1,-1
33UXU1,17,148,21,142,4,-6,2,23,1,18,-1,-5
33UXU2,17,140,19,139,2,-1,4,27,3,28,-1,1
33UXU3,17,138,19,136,2,-2,1,15,1,18,0,3
33UXU4,17,126,20,134,3,8,1,13,1,17,0,4
33UXV1,20,124,20,130,0,6,1,16,2,12,1,-4
33UXV2,17,136,20,136,3,0,1,20,1,13,0,-7
33UXV3,21,139,20,136,-1,-3,2,19,1,13,-1,-6
33UXV4,22,141,19,134,-3,-7,3,19,2,24,-1,5
33UYP1,18,128,22,127,4,-1,NA,NA,3,21,NA,NA
33UYP2,15,133,24,128,9,-5,NA,3,NA,2,NA,-1
33VUC2,16,118,24,132,8,14,4,31,3,36,-1,5
33VUC3,26,130,34,139,8,9,4,29,8,39,4,10
33VUC4,27,135,23,138,-4,3,6,31,8,41,2,10
33VUD1,29,126,29,135,0,9,3,22,6,36,3,14
33VUD2,25,131,28,138,3,7,3,20,6,36,3,16
33VUD3,21,121,20,129,-1,8,4,11,6,34,2,23
33VUD4,22,123,20,129,-2,6,5,20,6,32,1,12
33VUE3,22,127,28,139,6,12,4,20,5,29,1,9
33VUE4,20,121,21,131,1,10,4,11,5,36,1,25
33VUF3,21,117,25,131,4,14,3,14,4,29,1,15
33VUF4,19,117,23,130,4,13,1,14,4,30,3,16
33VUG3,20,104,19,113,-1,9,8,20,8,27,0,7
33VUG4,21,113,22,127,1,14,9,16,7,28,-2,12
33VUH3,25,102,26,107,1,5,9,18,10,21,1,3
33VUH4,23,101,24,110,1,9,7,21,7,20,0,-1
33VUJ3,NA,NA,NA,NA,NA,NA,8,13,10,12,2,-1
33VUJ4,34,115,30,113,-4,-2,10,20,10,22,0,2
33VUK3,NA,NA,NA,NA,NA,NA,9,12,9,12,0,0
33VUK4,NA,NA,NA,NA,NA,NA,9,15,8,17,-1,2
33VUL3,34,90,25,92,-9,2,7,11,10,17,3,6
33VUL4,35,96,34,100,-1,4,6,9,8,17,2,8
33VVC1,20,126,22,127,2,1,5,23,8,36,3,13
33VVC2,24,136,26,138,2,2,6,32,8,41,2,9
33VVC3,21,125,24,129,3,4,6,25,8,34,2,9
33VVC4,33,139,34,144,1,5,4,23,9,38,5,15
33VVD1,22,123,25,124,3,1,3,18,7,37,4,19
33VVD2,23,128,23,130,0,2,3,19,7,36,4,17
33VVD3,19,116,24,129,5,13,3,19,7,32,4,13
33VVD4,19,123,22,129,3,6,4,24,7,34,3,10
33VVE1,21,131,27,139,6,8,7,27,7,41,0,14
33VVE2,20,121,28,132,8,11,4,20,8,39,4,19
33VVE3,23,132,29,134,6,2,5,23,7,34,2,11
33VVE4,20,117,26,135,6,18,6,24,7,38,1,14
33VVF1,24,120,28,134,4,14,3,15,8,32,5,17
33VVF2,23,118,23,132,0,14,1,8,5,33,4,25
33VVF3,24,121,28,139,4,18,8,22,9,33,1,11
33VVF4,24,123,27,134,3,11,7,13,9,30,2,17
33VVG1,22,103,19,104,-3,1,5,21,6,20,1,-1
33VVG2,21,114,24,122,3,8,5,8,6,21,1,13
33VVG3,19,108,21,124,2,16,6,9,8,24,2,15
33VVG4,20,107,19,121,-1,14,6,12,6,29,0,17
33VVH1,24,103,22,112,-2,9,5,10,4,16,-1,6
33VVH2,24,101,24,118,0,17,6,6,5,22,-1,16
33VVH3,28,115,27,129,-1,14,6,18,8,25,2,7
33VVH4,NA,NA,NA,NA,NA,NA,3,6,5,20,2,14
33VVJ1,30,96,26,82,-4,-14,3,2,6,10,3,8
33VVJ2,24,99,24,85,0,-14,2,4,5,8,3,4
33VVJ3,25,101,22,97,-3,-4,4,4,5,13,1,9
33VVJ4,24,99,21,88,-3,-11,5,7,6,11,1,4
33VVK1,31,98,30,87,-1,-11,2,6,8,13,6,7
33VVK2,31,100,31,99,0,-1,9,5,8,12,-1,7
33VVK3,28,105,25,107,-3,2,3,5,7,15,4,10
33VVK4,25,99,26,101,1,2,4,3,6,11,2,8
33VVL1,NA,NA,NA,NA,NA,NA,2,1,8,12,6,11
33VVL2,33,106,30,115,-3,9,5,9,10,20,5,11
33VVL3,NA,NA,NA,NA,NA,NA,4,5,4,10,0,5
33VVL4,NA,NA,NA,NA,NA,NA,8,14,8,22,0,8
33VWC1,20,123,20,120,0,-3,2,8,7,31,5,23
33VWC2,31,134,34,149,3,15,5,32,8,38,3,6
33VWC3,32,141,34,152,2,11,6,26,7,34,1,8
33VWD1,18,116,21,125,3,9,6,20,7,36,1,16
33VWD2,19,120,20,126,1,6,3,12,7,30,4,18
33VWD3,28,129,29,134,1,5,3,9,7,32,4,23
33VWD4,28,129,26,134,-2,5,4,21,10,37,6,16
33VWE1,22,125,28,137,6,12,5,25,8,38,3,13
33VWE2,20,116,25,127,5,11,4,17,7,31,3,14
33VWE3,32,130,33,135,1,5,3,20,6,36,3,16
33VWE4,NA,NA,NA,NA,NA,NA,3,20,7,33,4,13
33VWF1,25,126,29,139,4,13,5,29,9,37,4,8
33VWF2,20,120,25,129,5,9,4,15,6,31,2,16
33VWF3,21,121,25,138,4,17,4,19,7,36,3,17
33VWF4,20,122,29,133,9,11,3,16,7,36,4,20
33VWG1,23,118,25,135,2,17,8,19,8,30,0,11
33VWG2,22,120,24,128,2,8,7,19,8,29,1,10
33VWG3,20,122,26,132,6,10,3,15,5,30,2,15
33VWG4,22,132,27,143,5,11,5,16,9,38,4,22
33VWH1,25,108,26,111,1,3,4,7,5,16,1,9
33VWH2,NA,NA,NA,NA,NA,NA,7,11,8,32,1,21
33VWH3,25,114,24,129,-1,15,3,11,6,22,3,11
33VWH4,23,109,24,129,1,20,5,10,7,29,2,19
33VWJ1,27,109,22,106,-5,-3,4,10,6,16,2,6
33VWJ2,26,119,26,120,0,1,3,4,5,13,2,9
33VWJ3,26,115,26,123,0,8,2,11,6,20,4,9
33VWJ4,26,118,25,127,-1,9,5,12,5,19,0,7
33VWK1,26,100,25,91,-1,-9,3,9,8,16,5,7
33VWK2,25,108,25,103,0,-5,2,7,7,18,5,11
33VWK3,25,105,21,102,-4,-3,3,4,6,20,3,16
33VWK4,25,107,23,113,-2,6,4,4,5,20,1,16
33VWL1,27,100,26,107,-1,7,2,7,8,18,6,11
33VWL2,27,102,26,104,-1,2,2,2,7,15,5,13
33VWL3,27,107,20,83,-7,-24,1,6,6,12,5,6
33VWL4,29,109,21,97,-8,-12,3,5,5,17,2,12
33VXD2,24,129,29,138,5,9,1,20,4,29,3,9
33VXF1,20,122,30,133,10,11,6,28,5,37,-1,9
33VXF2,28,127,33,143,5,16,3,24,7,36,4,12
33VXF3,27,127,26,133,-1,6,10,37,9,38,-1,1
33VXF4,29,125,31,134,2,9,5,27,6,32,1,5
33VXG1,23,130,29,140,6,10,5,24,8,35,3,11
33VXG2,21,128,28,141,7,13,6,30,9,37,3,7
33VXH1,29,126,26,125,-3,-1,2,5,7,25,5,20
33VXH2,32,132,36,141,4,9,3,14,6,29,3,15
33VXJ1,30,116,33,133,3,17,5,9,5,19,0,10
33VXJ2,27,122,33,130,6,8,4,7,7,17,3,10
33VXK1,27,117,29,126,2,9,3,7,6,24,3,17
33VXK2,34,135,34,139,0,4,5,16,7,26,2,10
33VXL1,28,106,18,81,-10,-25,3,2,5,9,2,7
33VXL2,26,109,25,117,-1,8,2,6,5,17,3,11
33WUM3,22,84,20,90,-2,6,5,14,6,14,1,0
33WUM4,29,89,22,92,-7,3,7,17,6,17,-1,0
33WUN3,25,86,21,81,-4,-5,3,11,7,9,4,-2
33WUN4,27,75,22,78,-5,3,5,7,6,11,1,4
33WUP4,30,85,28,97,-2,12,2,12,4,14,2,2
33WVM1,31,89,28,87,-3,-2,7,9,9,16,2,7
33WVM2,32,90,28,90,-4,0,8,15,9,15,1,0
33WVM3,32,90,27,84,-5,-6,8,8,10,13,2,5
33WVM4,33,94,31,100,-2,6,4,8,7,11,3,3
33WVN1,15,64,17,73,2,9,8,12,8,12,0,0
33WVN2,NA,NA,NA,NA,NA,NA,7,12,8,9,1,-3
33WVN3,29,80,21,75,-8,-5,9,13,10,15,1,2
33WVN4,32,84,30,85,-2,1,6,5,11,12,5,7
33WVP1,27,77,26,83,-1,6,6,14,8,17,2,3
33WVP2,36,98,29,104,-7,6,7,13,6,13,-1,0
33WVP3,39,106,26,96,-13,-10,8,15,9,15,1,0
33WVP4,NA,NA,NA,NA,NA,NA,9,11,7,11,-2,0
33WVQ2,27,92,31,93,4,1,3,7,7,14,4,7
33WVQ3,33,90,27,93,-6,3,5,9,8,13,3,4
33WVQ4,34,82,31,86,-3,4,7,10,10,11,3,1
33WVR4,NA,NA,NA,NA,NA,NA,1,NA,4,3,3,NA
33WWM1,35,97,28,90,-7,-7,2,1,5,9,3,8
33WWM2,30,92,19,96,-11,4,7,11,7,16,0,5
33WWM3,32,100,28,107,-4,7,3,8,5,14,2,6
33WWM4,31,103,24,101,-7,-2,2,6,8,15,6,9
33WWN1,34,97,29,78,-5,-19,5,7,6,9,1,2
33WWN2,33,97,31,88,-2,-9,4,1,9,12,5,11
33WWN3,34,100,28,80,-6,-20,7,4,6,7,-1,3
33WWN4,34,99,27,96,-7,-3,1,2,7,10,6,8
33WWP1,29,76,24,64,-5,-12,5,8,7,6,2,-2
33WWP2,30,86,31,87,1,1,7,9,9,8,2,-1
33WWP3,32,92,30,70,-2,-22,6,5,6,12,0,7
33WWP4,NA,NA,NA,NA,NA,NA,11,9,8,13,-3,4
33WWQ1,NA,NA,NA,NA,NA,NA,8,13,9,13,1,0
33WWQ2,34,99,31,98,-3,-1,9,10,9,14,0,4
33WWQ3,NA,NA,NA,NA,NA,NA,4,5,5,4,1,-1
33WWQ4,NA,NA,NA,NA,NA,NA,3,1,5,4,2,3
33WWR1,25,68,25,77,0,9,4,11,10,14,6,3
33WWR2,31,79,20,73,-11,-6,4,6,7,11,3,5
33WWR3,30,81,27,87,-3,6,8,9,9,10,1,1
33WWR4,NA,NA,NA,NA,NA,NA,6,2,4,2,-2,0
33WWS3,31,77,23,68,-8,-9,5,10,6,9,1,-1
33WWS4,30,82,31,91,1,9,6,8,9,11,3,3
33WXM1,28,101,23,88,-5,-13,2,NA,5,11,3,NA
33WXM2,28,106,22,96,-6,-10,6,3,4,11,-2,8
33WXN1,NA,NA,NA,NA,NA,NA,4,5,6,7,2,2
33WXN2,29,100,23,88,-6,-12,3,5,6,10,3,5
33WXP1,NA,NA,NA,NA,NA,NA,1,NA,4,3,3,NA
33WXP2,NA,NA,NA,NA,NA,NA,6,8,3,6,-3,-2
33WXQ1,30,74,23,77,-7,3,10,8,6,4,-4,-4
33WXQ2,32,93,25,63,-7,-30,10,9,5,6,-5,-3
33WXR1,NA,NA,NA,NA,NA,NA,9,14,8,8,-1,-6
33WXR2,NA,NA,NA,NA,NA,NA,4,3,5,3,1,0
33WXS2,16,64,13,69,-3,5,8,11,9,12,1,1
34SBK4,NA,NA,NA,NA,NA,NA,NA,1,NA,6,NA,5
34SCK4,NA,NA,NA,NA,NA,NA,NA,NA,NA,9,NA,NA
34SDH3,10,68,12,73,2,5,NA,NA,NA,8,NA,NA
34SDJ1,17,113,17,111,0,-2,NA,1,1,10,NA,9
34SDJ2,NA,NA,NA,NA,NA,NA,NA,NA,NA,2,NA,NA
34SDJ3,16,125,14,92,-2,-33,NA,1,1,11,NA,10
34SDJ4,22,128,16,98,-6,-30,NA,NA,1,5,NA,NA
34SDK2,NA,NA,NA,NA,NA,NA,NA,NA,NA,6,NA,NA
34SDK4,21,121,15,105,-6,-16,1,4,1,14,0,10
34SEF3,7,80,9,63,2,-17,NA,1,NA,4,NA,3
34SEG1,6,64,7,65,1,1,NA,2,NA,1,NA,-1
34SEG3,15,86,13,77,-2,-9,NA,2,NA,8,NA,6
34SEG4,12,74,7,63,-5,-11,NA,1,NA,8,NA,7
34SEH1,15,117,17,96,2,-21,NA,NA,NA,4,NA,NA
34SEH2,15,95,16,84,1,-11,NA,1,NA,3,NA,2
34SEH3,19,101,12,78,-7,-23,NA,1,NA,4,NA,3
34SEH4,15,94,16,94,1,0,1,2,NA,5,NA,3
34SEJ1,NA,NA,NA,NA,NA,NA,1,2,NA,4,NA,2
34SEJ2,17,118,14,89,-3,-29,NA,NA,NA,2,NA,NA
34SEJ3,15,120,14,96,-1,-24,NA,NA,NA,7,NA,NA
34SEJ4,NA,NA,NA,NA,NA,NA,NA,NA,NA,4,NA,NA
34SEK2,NA,NA,NA,NA,NA,NA,1,2,NA,6,NA,4
34SEK4,17,107,11,84,-6,-23,NA,NA,NA,NA,NA,NA
34SFF1,15,99,13,83,-2,-16,NA,2,1,7,NA,5
34SFF2,6,51,5,46,-1,-5,NA,NA,NA,NA,NA,NA
34SFF3,9,71,7,58,-2,-13,NA,NA,NA,2,NA,NA
34SFF4,NA,NA,NA,NA,NA,NA,NA,2,NA,3,NA,1
34SFG1,17,96,14,95,-3,-1,NA,3,NA,10,NA,7
34SFG2,15,95,13,86,-2,-9,NA,1,NA,4,NA,3
34SFG3,6,76,7,66,1,-10,NA,NA,NA,7,NA,NA
34SFG4,14,69,9,65,-5,-4,NA,2,NA,4,NA,2
34SFH1,24,117,22,115,-2,-2,1,5,NA,7,NA,2
34SFH2,12,84,12,92,0,8,2,4,NA,3,NA,-1
34SFH3,14,97,10,71,-4,-26,NA,4,1,7,NA,3
34SFH4,8,73,8,73,0,0,NA,1,NA,3,NA,2
34SFJ1,10,89,6,79,-4,-10,NA,NA,NA,3,NA,NA
34SFJ2,15,116,21,114,6,-2,NA,5,NA,2,NA,-3
34SFJ3,8,98,17,104,9,6,NA,1,NA,11,NA,10
34SFJ4,NA,NA,NA,NA,NA,NA,NA,NA,1,9,NA,NA
34SFK2,NA,NA,NA,NA,NA,NA,NA,2,NA,6,NA,4
34SGG1,NA,NA,NA,NA,NA,NA,NA,2,NA,8,NA,6
34SGG2,NA,NA,NA,NA,NA,NA,NA,NA,NA,1,NA,NA
34SGH1,11,75,7,68,-4,-7,NA,1,NA,2,NA,1
34SGH2,NA,NA,NA,NA,NA,NA,NA,6,NA,16,NA,10
34SGJ2,NA,NA,NA,NA,NA,NA,NA,NA,1,15,NA,NA
34SGK2,NA,NA,NA,NA,NA,NA,NA,NA,NA,9,NA,NA
34TBK3,NA,NA,NA,NA,NA,NA,NA,1,NA,8,NA,7
34TBM3,NA,NA,NA,NA,NA,NA,NA,NA,NA,1,NA,NA
34TBN3,13,79,9,94,-4,15,4,12,NA,2,NA,-10
34TBN4,17,116,9,103,-8,-13,2,15,5,33,3,18
34TBP3,NA,NA,NA,NA,NA,NA,3,22,1,9,-2,-13
34TBP4,NA,NA,NA,NA,NA,NA,3,17,NA,7,NA,-10
34TBQ3,16,106,12,106,-4,0,NA,13,1,3,NA,-10
34TBQ4,NA,NA,NA,NA,NA,NA,NA,4,NA,1,NA,-3
34TBR3,18,136,20,112,2,-24,2,16,1,5,-1,-11
34TBR4,14,105,16,110,2,5,1,16,1,12,0,-4
34TCK3,NA,NA,NA,NA,NA,NA,NA,1,NA,10,NA,9
34TCL3,NA,NA,NA,NA,NA,NA,NA,NA,NA,6,NA,NA
34TCL4,NA,NA,NA,NA,NA,NA,NA,NA,NA,9,NA,NA
34TCM1,NA,NA,NA,NA,NA,NA,2,15,7,36,5,21
34TCM2,NA,NA,NA,NA,NA,NA,NA,NA,NA,2,NA,NA
34TCM3,NA,NA,NA,NA,NA,NA,NA,2,3,24,NA,22
34TCM4,NA,NA,NA,NA,NA,NA,1,9,3,17,2,8
34TCN1,NA,NA,NA,NA,NA,NA,3,20,5,27,2,7
34TCN2,NA,NA,NA,NA,NA,NA,3,14,3,33,0,19
34TCN3,19,108,17,104,-2,-4,1,14,3,27,2,13
34TCN4,NA,NA,NA,NA,NA,NA,5,18,5,35,0,17
34TCP1,NA,NA,NA,NA,NA,NA,NA,6,NA,2,NA,-4
34TCP2,NA,NA,NA,NA,NA,NA,2,16,5,25,3,9
34TCP3,NA,NA,NA,NA,NA,NA,2,19,NA,9,NA,-10
34TCP4,NA,NA,NA,NA,NA,NA,1,10,NA,9,NA,-1
34TCQ1,NA,NA,NA,NA,NA,NA,1,9,1,5,0,-4
34TCQ2,NA,NA,NA,NA,NA,NA,NA,7,NA,4,NA,-3
34TCQ3,13,115,17,115,4,0,1,15,1,8,0,-7
34TCQ4,NA,NA,NA,NA,NA,NA,1,14,1,7,0,-7
34TCR1,23,121,21,129,-2,8,2,21,3,14,1,-7
34TCR2,11,91,16,105,5,14,2,21,2,13,0,-8
34TCR3,17,114,14,105,-3,-9,1,21,1,6,0,-15
34TCR4,15,121,18,122,3,1,1,18,2,9,1,-9
34TCS1,18,121,22,131,4,10,NA,3,NA,8,NA,5
34TCS2,15,120,15,120,0,0,NA,NA,NA,7,NA,NA
34TCS3,15,126,22,127,7,1,NA,7,2,11,NA,4
34TCS4,11,122,20,120,9,-2,NA,6,NA,15,NA,9
34TCT1,22,136,24,131,2,-5,1,20,2,30,1,10
34TCT2,22,131,24,137,2,6,NA,8,NA,14,NA,6
34TCT3,16,117,20,127,4,10,1,13,2,19,1,6
34TCT4,15,120,23,131,8,11,NA,1,1,11,NA,10
34TDK1,NA,NA,NA,NA,NA,NA,2,NA,2,4,0,NA
34TDK3,NA,NA,NA,NA,NA,NA,NA,NA,1,4,NA,NA
34TDL1,NA,NA,NA,NA,NA,NA,NA,NA,NA,12,NA,NA
34TDL2,NA,NA,NA,NA,NA,NA,NA,NA,1,5,NA,NA
34TDL3,NA,NA,NA,NA,NA,NA,3,14,2,10,-1,-4
34TDL4,NA,NA,NA,NA,NA,NA,3,11,1,8,-2,-3
34TDM1,NA,NA,NA,NA,NA,NA,NA,NA,NA,4,NA,NA
34TDM2,NA,NA,NA,NA,NA,NA,NA,NA,1,2,NA,NA
34TDM3,NA,NA,NA,NA,NA,NA,5,20,NA,10,NA,-10
34TDM4,NA,NA,NA,NA,NA,NA,5,20,1,8,-4,-12
34TDN1,NA,NA,NA,NA,NA,NA,2,9,2,11,0,2
34TDN2,NA,NA,NA,NA,NA,NA,4,19,8,38,4,19
34TDN3,NA,NA,NA,NA,NA,NA,2,16,1,5,-1,-11
34TDN4,NA,NA,NA,NA,NA,NA,3,9,NA,8,NA,-1
34TDP1,NA,NA,NA,NA,NA,NA,1,9,NA,8,NA,-1
34TDP2,NA,NA,NA,NA,NA,NA,2,5,1,8,-1,3
34TDP3,12,98,8,95,-4,-3,1,10,NA,10,NA,0
34TDP4,11,101,12,100,1,-1,1,17,NA,9,NA,-8
34TDQ1,18,122,16,125,-2,3,2,22,2,19,0,-3
34TDQ2,NA,NA,NA,NA,NA,NA,1,19,NA,8,NA,-11
34TDQ3,17,122,23,127,6,5,1,24,1,16,0,-8
34TDQ4,NA,NA,NA,NA,NA,NA,2,19,NA,9,NA,-10
34TDR1,20,133,18,122,-2,-11,NA,18,NA,7,NA,-11
34TDR2,24,144,22,147,-2,3,2,22,1,16,-1,-6
34TDR3,13,113,14,110,1,-3,NA,7,1,1,NA,-6
34TDR4,23,143,16,116,-7,-27,NA,12,1,6,NA,-6
34TDS1,20,126,24,132,4,6,NA,3,NA,8,NA,5
34TDS2,20,135,24,141,4,6,NA,16,NA,10,NA,-6
34TDS3,13,111,16,112,3,1,NA,NA,1,6,NA,NA
34TDS4,13,115,20,127,7,12,NA,NA,1,7,NA,NA
34TDT1,14,116,16,122,2,6,NA,6,1,12,NA,6
34TDT2,NA,NA,NA,NA,NA,NA,NA,1,1,11,NA,10
34TDT3,21,136,22,139,1,3,NA,7,2,13,NA,6
34TDT4,NA,NA,NA,NA,NA,NA,NA,1,NA,9,NA,8
34TEK1,24,140,19,121,-5,-19,1,2,NA,6,NA,4
34TEK3,NA,NA,NA,NA,NA,NA,1,2,NA,13,NA,11
34TEL1,NA,NA,NA,NA,NA,NA,1,11,NA,2,NA,-9
34TEL2,29,152,30,156,1,4,3,22,2,19,-1,-3
34TEL3,16,110,18,124,2,14,1,14,NA,3,NA,-11
34TEL4,27,148,23,123,-4,-25,NA,8,NA,7,NA,-1
34TEM1,NA,NA,NA,NA,NA,NA,3,17,NA,8,NA,-9
34TEM2,NA,NA,NA,NA,NA,NA,4,12,NA,6,NA,-6
34TEM3,NA,NA,NA,NA,NA,NA,1,11,NA,2,NA,-9
34TEM4,NA,NA,NA,NA,NA,NA,1,16,NA,NA,NA,NA
34TEN1,NA,NA,NA,NA,NA,NA,1,13,NA,2,NA,-11
34TEN2,NA,NA,NA,NA,NA,NA,NA,10,NA,11,NA,1
34TEN3,NA,NA,NA,NA,NA,NA,2,11,NA,6,NA,-5
34TEN4,NA,NA,NA,NA,NA,NA,1,14,NA,5,NA,-9
34TEP1,12,93,14,102,2,9,1,9,2,11,1,2
34TEP2,NA,NA,NA,NA,NA,NA,1,11,1,13,0,2
34TEP3,NA,NA,NA,NA,NA,NA,2,19,NA,5,NA,-14
34TEP4,NA,NA,NA,NA,NA,NA,NA,6,NA,6,NA,0
34TEQ1,24,137,20,147,-4,10,1,23,NA,10,NA,-13
34TEQ2,NA,NA,NA,NA,NA,NA,NA,10,NA,4,NA,-6
34TEQ3,10,102,14,99,4,-3,NA,NA,1,6,NA,NA
34TEQ4,12,100,15,105,3,5,2,17,1,5,-1,-12
34TER1,15,103,16,108,1,5,NA,NA,1,6,NA,NA
34TER2,9,96,15,110,6,14,NA,15,NA,2,NA,-13
34TER3,13,99,11,100,-2,1,NA,NA,NA,2,NA,NA
34TER4,14,93,11,97,-3,4,NA,NA,NA,12,NA,NA
34TES1,17,121,22,130,5,9,NA,1,NA,4,NA,3
34TES2,13,104,15,115,2,11,NA,NA,NA,3,NA,NA
34TES3,16,115,18,117,2,2,NA,4,1,2,NA,-2
34TES4,12,97,13,104,1,7,NA,1,NA,1,NA,0
34TET1,18,128,25,139,7,11,1,5,3,18,2,13
34TET2,13,118,22,132,9,14,NA,1,1,10,NA,9
34TET3,14,114,20,121,6,7,NA,1,2,7,NA,6
34TET4,16,108,19,125,3,17,NA,8,NA,4,NA,-4
34TFK1,24,153,22,119,-2,-34,NA,1,2,7,NA,6
34TFK3,15,116,15,114,0,-2,NA,1,NA,14,NA,13
34TFL1,23,123,16,126,-7,3,3,24,2,7,-1,-17
34TFL2,19,117,13,103,-6,-14,NA,NA,NA,4,NA,NA
34TFL3,24,159,28,161,4,2,3,19,1,20,-2,1
34TFL4,16,123,14,104,-2,-19,NA,3,1,16,NA,13
34TFM1,15,112,19,132,4,20,4,13,NA,3,NA,-10
34TFM2,NA,NA,NA,NA,NA,NA,2,18,1,1,-1,-17
34TFM3,27,143,23,143,-4,0,2,20,1,10,-1,-10
34TFM4,26,146,24,133,-2,-13,4,23,NA,10,NA,-13
34TFN1,NA,NA,NA,NA,NA,NA,2,19,NA,NA,NA,NA
34TFN2,NA,NA,NA,NA,NA,NA,2,18,NA,6,NA,-12
34TFN3,20,132,22,147,2,15,4,20,NA,10,NA,-10
34TFN4,25,145,24,144,-1,-1,3,23,NA,18,NA,-5
34TFP1,NA,NA,NA,NA,NA,NA,2,14,NA,1,NA,-13
34TFP2,NA,NA,NA,NA,NA,NA,3,18,NA,6,NA,-12
34TFP3,15,109,14,122,-1,13,NA,3,NA,4,NA,1
34TFP4,NA,NA,NA,NA,NA,NA,1,15,NA,3,NA,-12
34TFQ1,10,83,13,89,3,6,NA,3,NA,4,NA,1
34TFQ2,NA,NA,NA,NA,NA,NA,2,10,1,8,-1,-2
34TFQ3,NA,NA,NA,NA,NA,NA,1,2,NA,2,NA,0
34TFQ4,8,85,9,95,1,10,NA,NA,NA,1,NA,NA
34TFR1,NA,NA,NA,NA,NA,NA,NA,NA,2,5,NA,NA
34TFR2,16,80,17,94,1,14,NA,1,1,10,NA,9
34TFR3,NA,NA,NA,NA,NA,NA,NA,NA,NA,2,NA,NA
34TFR4,NA,NA,NA,NA,NA,NA,NA,NA,NA,7,NA,NA
34TFS1,14,96,19,106,5,10,3,11,2,13,-1,2
34TFS2,9,79,10,89,1,10,NA,NA,NA,2,NA,NA
34TFS3,NA,NA,NA,NA,NA,NA,NA,NA,1,13,NA,NA
34TFS4,18,89,16,108,-2,19,NA,NA,2,7,NA,NA
34TFT1,15,100,16,108,1,8,NA,NA,NA,2,NA,NA
34TFT2,NA,NA,NA,NA,NA,NA,NA,5,NA,6,NA,1
34TFT3,NA,NA,NA,NA,NA,NA,NA,NA,1,5,NA,NA
34TFT4,NA,NA,NA,NA,NA,NA,NA,NA,1,5,NA,NA
34TGK1,NA,NA,NA,NA,NA,NA,NA,2,1,7,NA,5
34TGL1,18,125,23,128,5,3,4,13,2,9,-2,-4
34TGL2,18,125,14,96,-4,-29,NA,6,NA,4,NA,-2
34TGM1,NA,NA,NA,NA,NA,NA,3,21,1,11,-2,-10
34TGM2,21,130,24,137,3,7,4,20,1,6,-3,-14
34TGN1,17,134,17,121,0,-13,3,17,1,11,-2,-6
34TGN2,24,121,18,137,-6,16,2,20,NA,11,NA,-9
34TGP1,14,104,17,130,3,26,NA,NA,NA,NA,NA,NA
34TGP2,NA,NA,NA,NA,NA,NA,1,8,NA,1,NA,-7
34TGQ2,NA,NA,NA,NA,NA,NA,1,2,NA,4,NA,2
34TGR1,NA,NA,NA,NA,NA,NA,1,NA,NA,3,NA,NA
34TGR2,NA,NA,NA,NA,NA,NA,NA,NA,NA,3,NA,NA
34TGS1,NA,NA,NA,NA,NA,NA,NA,NA,NA,9,NA,NA
34TGS2,20,121,20,120,0,-1,NA,NA,NA,7,NA,NA
34TGT1,19,106,15,100,-4,-6,NA,NA,2,6,NA,NA
34TGT2,NA,NA,NA,NA,NA,NA,NA,NA,3,19,NA,NA
34UCA1,19,136,24,141,5,5,5,30,4,23,-1,-7
34UCA2,28,145,28,150,0,5,3,12,2,24,-1,12
34UCA3,20,145,21,136,1,-9,4,33,3,22,-1,-11
34UCA4,24,148,28,145,4,-3,1,24,4,27,3,3
34UCB1,16,136,15,125,-1,-11,3,25,1,10,-2,-15
34UCB2,18,139,24,144,6,5,4,22,2,18,-2,-4
34UCB3,16,139,16,129,0,-10,2,26,3,13,1,-13
34UCB4,18,141,17,135,-1,-6,5,27,2,19,-3,-8
34UCC1,17,139,19,143,2,4,3,14,1,12,-2,-2
34UCC2,20,143,20,137,0,-6,2,17,1,8,-1,-9
34UCC3,19,144,17,134,-2,-10,3,14,1,8,-2,-6
34UCC4,19,142,18,136,-1,-6,2,26,2,15,0,-11
34UCD1,19,133,20,133,1,0,4,30,1,22,-3,-8
34UCD2,19,134,21,137,2,3,2,13,2,15,0,2
34UCD3,18,141,21,143,3,2,2,19,1,9,-1,-10
34UCD4,20,148,19,147,-1,-1,2,7,NA,17,NA,10
34UCE1,19,139,19,132,0,-7,2,13,1,19,-1,6
34UCE2,19,140,20,138,1,-2,4,18,1,12,-3,-6
34UCE3,18,139,19,144,1,5,3,24,2,17,-1,-7
34UCE4,21,141,22,143,1,2,3,19,1,18,-2,-1
34UCF1,22,137,23,134,1,-3,2,19,2,28,0,9
34UCF2,20,136,24,141,4,5,1,21,3,39,2,18
34UCF4,24,149,21,140,-3,-9,1,4,2,26,1,22
34UCU1,16,112,18,120,2,8,NA,1,NA,15,NA,14
34UCU2,23,147,22,130,-1,-17,1,7,5,23,4,16
34UCU3,21,132,21,124,0,-8,NA,1,3,16,NA,15
34UCU4,19,140,19,134,0,-6,1,10,2,20,1,10
34UCV1,25,137,24,124,-1,-13,1,1,5,21,4,20
34UCV2,25,142,26,135,1,-7,NA,NA,4,25,NA,NA
34UCV3,25,117,22,125,-3,8,6,20,3,17,-3,-3
34UCV4,27,138,26,124,-1,-14,NA,1,8,38,NA,37
34UDA1,18,136,18,126,0,-10,4,18,3,22,-1,4
34UDA2,21,129,23,132,2,3,3,31,5,34,2,3
34UDA3,19,141,22,141,3,0,NA,4,4,16,NA,12
34UDA4,21,135,22,130,1,-5,4,10,3,20,-1,10
34UDB1,18,137,20,136,2,-1,3,19,NA,7,NA,-12
34UDB2,17,139,19,139,2,0,5,13,2,11,-3,-2
34UDB3,18,141,20,138,2,-3,1,9,5,25,4,16
34UDB4,18,147,20,139,2,-8,4,27,4,19,0,-8
34UDC1,18,140,18,137,0,-3,4,7,3,22,-1,15
34UDC2,18,143,19,135,1,-8,4,21,2,16,-2,-5
34UDC3,18,138,24,143,6,5,4,24,3,32,-1,8
34UDC4,18,142,18,136,0,-6,1,20,2,23,1,3
34UDD1,16,133,19,139,3,6,3,17,2,3,-1,-14
34UDD2,19,146,19,139,0,-7,1,10,1,10,0,0
34UDD3,15,126,16,132,1,6,1,7,NA,7,NA,0
34UDD4,18,144,21,138,3,-6,3,23,1,17,-2,-6
34UDE1,19,137,21,134,2,-3,2,15,2,16,0,1
34UDE2,18,134,18,134,0,0,3,25,NA,14,NA,-11
34UDE3,24,143,23,139,-1,-4,2,11,2,23,0,12
34UDE4,21,141,20,136,-1,-5,2,11,2,12,0,1
34UDF1,25,142,21,138,-4,-4,NA,NA,2,10,NA,NA
34UDF2,20,139,21,141,1,2,2,5,NA,17,NA,12
34UDF3,23,157,21,136,-2,-21,NA,NA,2,24,NA,NA
34UDF4,21,145,20,139,-1,-6,1,3,1,22,0,19
34UDG4,12,111,12,111,0,0,NA,1,NA,13,NA,12
34UDU1,26,139,22,127,-4,-12,NA,NA,2,19,NA,NA
34UDU2,15,128,16,126,1,-2,1,NA,NA,12,NA,NA
34UDU3,24,140,22,126,-2,-14,1,2,5,27,4,25
34UDU4,16,118,22,134,6,16,4,13,6,29,2,16
34UDV1,21,117,24,134,3,17,7,27,6,26,-1,-1
34UDV2,21,116,20,119,-1,3,4,9,5,22,1,13
34UDV3,25,134,23,123,-2,-11,6,29,3,24,-3,-5
34UDV4,25,128,21,119,-4,-9,NA,1,NA,14,NA,13
34UEA1,17,140,20,134,3,-6,NA,11,2,10,NA,-1
34UEA2,19,131,20,128,1,-3,NA,8,4,19,NA,11
34UEA3,16,145,20,142,4,-3,2,6,3,22,1,16
34UEA4,17,132,18,125,1,-7,1,23,5,28,4,5
34UEB1,19,139,19,137,0,-2,NA,2,3,12,NA,10
34UEB2,18,140,18,136,0,-4,4,22,2,19,-2,-3
34UEB3,16,150,19,147,3,-3,3,17,3,15,0,-2
34UEB4,22,152,18,138,-4,-14,1,18,3,26,2,8
34UEC1,18,145,21,147,3,2,5,23,3,31,-2,8
34UEC2,19,145,20,145,1,0,3,19,4,36,1,17
34UEC3,18,136,20,142,2,6,3,18,1,13,-2,-5
34UEC4,19,144,20,145,1,1,6,21,NA,16,NA,-5
34UED1,18,140,19,144,1,4,3,6,NA,6,NA,0
34UED2,18,145,21,150,3,5,1,19,3,22,2,3
34UED3,18,150,20,148,2,-2,2,17,2,25,0,8
34UED4,16,146,17,138,1,-8,2,15,3,20,1,5
34UEE1,24,146,23,144,-1,-2,4,23,1,15,-3,-8
34UEE2,19,139,20,139,1,0,3,11,3,16,0,5
34UEE3,20,141,23,140,3,-1,4,18,2,13,-2,-5
34UEE4,20,158,24,148,4,-10,3,6,2,19,-1,13
34UEF1,21,141,22,144,1,3,NA,NA,NA,2,NA,NA
34UEF2,18,138,20,139,2,1,3,13,2,10,-1,-3
34UEF3,17,124,19,133,2,9,NA,NA,NA,5,NA,NA
34UEF4,21,145,24,140,3,-5,NA,9,2,9,NA,0
34UEG1,21,146,23,148,2,2,NA,1,NA,14,NA,13
34UEG2,28,156,24,162,-4,6,1,6,2,20,1,14
34UEG3,24,146,21,135,-3,-11,NA,NA,NA,7,NA,NA
34UEG4,19,137,27,149,8,12,NA,NA,3,18,NA,NA
34UEU1,20,135,24,132,4,-3,NA,2,2,9,NA,7
34UEU2,24,135,20,137,-4,2,NA,NA,2,17,NA,NA
34UEU3,23,146,24,144,1,-2,NA,16,1,17,NA,1
34UEU4,16,123,20,126,4,3,NA,NA,1,2,NA,NA
34UEV1,18,114,20,117,2,3,2,22,2,18,0,-4
34UEV2,19,121,20,118,1,-3,NA,NA,NA,15,NA,NA
34UEV3,22,131,21,118,-1,-13,5,22,3,22,-2,0
34UEV4,25,142,24,130,-1,-12,1,3,NA,10,NA,7
34UFA1,20,140,22,144,2,4,2,19,2,13,0,-6
34UFA2,23,145,21,131,-2,-14,4,19,3,14,-1,-5
34UFA3,21,160,22,155,1,-5,2,24,1,10,-1,-14
34UFA4,24,163,22,137,-2,-26,4,32,6,36,2,4
34UFB1,18,140,18,148,0,8,4,24,2,22,-2,-2
34UFB2,17,143,22,145,5,2,3,30,4,19,1,-11
34UFB3,22,161,20,157,-2,-4,4,18,5,18,1,0
34UFB4,21,158,19,147,-2,-11,3,19,3,16,0,-3
34UFC1,17,144,19,142,2,-2,3,9,3,17,0,8
34UFC2,24,154,19,147,-5,-7,4,17,NA,16,NA,-1
34UFC3,18,145,24,153,6,8,1,3,1,21,0,18
34UFC4,25,164,24,155,-1,-9,4,30,5,22,1,-8
34UFD1,20,148,22,148,2,0,2,20,3,19,1,-1
34UFD2,16,141,20,143,4,2,2,12,2,17,0,5
34UFD3,27,158,23,152,-4,-6,8,32,4,19,-4,-13
34UFD4,24,153,24,156,0,3,14,53,5,25,-9,-28
34UFE1,25,144,24,138,-1,-6,4,21,4,24,0,3
34UFE2,23,158,24,155,1,-3,5,32,7,32,2,0
34UFE3,23,149,26,154,3,5,5,27,4,20,-1,-7
34UFE4,20,143,23,150,3,7,7,16,1,12,-6,-4
34UFF1,16,148,16,132,0,-16,NA,NA,NA,9,NA,NA
34UFF2,21,145,23,141,2,-4,4,21,3,19,-1,-2
34UFF3,17,138,25,146,8,8,1,1,3,26,2,25
34UFF4,25,151,22,148,-3,-3,3,10,3,23,0,13
34UFG1,18,137,22,139,4,2,NA,NA,1,12,NA,NA
34UFG2,NA,NA,NA,NA,NA,NA,NA,NA,NA,14,NA,NA
34UFG3,13,122,14,119,1,-3,NA,NA,NA,10,NA,NA
34UFG4,16,115,17,119,1,4,NA,NA,NA,8,NA,NA
34UFU1,14,131,20,126,6,-5,3,26,1,14,-2,-12
34UFU2,16,130,19,134,3,4,3,26,NA,6,NA,-20
34UFU4,17,122,21,126,4,4,3,21,5,23,2,2
34UFV1,24,134,19,117,-5,-17,5,28,5,18,0,-10
34UFV2,21,110,18,114,-3,4,3,30,9,33,6,3
34UGU2,21,114,20,110,-1,-4,3,21,3,19,0,-2
34VCL3,29,122,28,127,-1,5,3,18,5,33,2,15
34VCM3,30,130,33,137,3,7,4,19,5,29,1,10
34VCM4,33,130,36,139,3,9,5,25,5,35,0,10
34VCQ3,NA,NA,NA,NA,NA,NA,3,14,5,21,2,7
34VCR3,27,107,25,98,-2,-9,2,5,6,17,4,12
34VCR4,NA,NA,NA,NA,NA,NA,4,8,6,22,2,14
34VDH3,NA,NA,NA,NA,NA,NA,NA,NA,NA,2,NA,NA
34VDH4,NA,NA,NA,NA,NA,NA,NA,NA,NA,4,NA,NA
34VDR1,36,124,34,130,-2,6,6,10,6,31,0,21
34VDR2,35,117,32,118,-3,1,4,6,5,21,1,15
34VDR3,36,130,38,135,2,5,8,13,5,32,-3,19
34VEH1,22,141,27,150,5,9,NA,NA,1,6,NA,NA
34VEH2,23,154,27,145,4,-9,NA,3,2,15,NA,12
34VEH3,19,136,25,134,6,-2,NA,NA,NA,1,NA,NA
34VEH4,21,146,20,126,-1,-20,NA,1,NA,10,NA,9
34VEJ2,19,128,26,144,7,16,NA,NA,NA,4,NA,NA
34VEJ3,NA,NA,NA,NA,NA,NA,NA,NA,NA,5,NA,NA
34VEJ4,18,133,23,136,5,3,NA,NA,NA,3,NA,NA
34VEK4,20,112,28,131,8,19,3,19,2,16,-1,-3
34VEM3,37,139,39,138,2,-1,4,13,7,28,3,15
34VEN1,38,134,41,140,3,6,6,19,7,24,1,5
34VEN2,37,134,41,144,4,10,3,6,6,22,3,16
34VEN3,28,136,31,150,3,14,6,15,5,19,-1,4
34VEN4,29,137,37,143,8,6,4,19,7,29,3,10
34VEP1,42,146,45,152,3,6,5,8,6,15,1,7
34VEP2,40,147,43,153,3,6,4,18,6,22,2,4
34VEP3,27,120,29,140,2,20,2,8,7,15,5,7
34VEP4,30,133,33,145,3,12,8,19,5,21,-3,2
34VEQ1,42,141,43,145,1,4,3,8,6,16,3,8
34VEQ2,40,139,44,149,4,10,5,9,7,20,2,11
34VEQ3,26,124,31,136,5,12,6,16,5,16,-1,0
34VEQ4,27,118,29,138,2,20,3,8,6,15,3,7
34VER2,38,126,40,144,2,18,4,9,4,21,0,12
34VER3,35,132,42,146,7,14,1,5,3,10,2,5
34VER4,36,124,45,146,9,22,4,7,7,15,3,8
34VFH1,17,124,21,136,4,12,NA,NA,NA,2,NA,NA
34VFH2,17,133,19,125,2,-8,NA,NA,NA,13,NA,NA
34VFH3,19,133,21,135,2,2,NA,NA,NA,1,NA,NA
34VFH4,NA,NA,NA,NA,NA,NA,NA,NA,NA,4,NA,NA
34VFJ1,NA,NA,NA,NA,NA,NA,NA,NA,NA,2,NA,NA
34VFJ2,23,148,29,148,6,0,NA,NA,NA,6,NA,NA
34VFJ4,24,147,25,143,1,-4,NA,NA,NA,5,NA,NA
34VFK1,29,140,31,130,2,-10,6,24,4,24,-2,0
34VFK3,33,150,37,154,4,4,6,25,6,31,0,6
34VFK4,23,125,26,135,3,10,NA,9,2,19,NA,10
34VFL1,22,113,22,113,0,0,7,19,4,18,-3,-1
34VFL2,34,145,29,150,-5,5,5,25,5,30,0,5
34VFL3,25,137,30,147,5,10,6,26,6,30,0,4
34VFL4,29,148,28,151,-1,3,8,27,6,35,-2,8
34VFM1,32,144,35,145,3,1,7,27,9,28,2,1
34VFM2,35,136,37,136,2,0,6,26,6,15,0,-11
34VFN1,28,134,28,140,0,6,9,23,8,29,-1,6
34VFN2,27,130,28,137,1,7,6,24,7,26,1,2
34VFP1,28,123,29,139,1,16,7,13,9,20,2,7
34VFP2,29,132,31,153,2,21,8,20,7,23,-1,3
34VFQ1,30,126,30,139,0,13,5,11,6,14,1,3
34VFQ2,28,122,31,138,3,16,6,17,7,16,1,-1
34VFR1,35,133,39,145,4,12,8,14,7,16,-1,2
34VFR2,30,127,34,137,4,10,5,15,4,11,-1,-4
34VXH2,NA,NA,NA,NA,NA,NA,2,8,4,19,2,11
34WCS3,28,106,27,107,-1,1,3,2,6,17,3,15
34WCS4,26,106,23,91,-3,-15,2,NA,4,10,2,NA
34WCT3,28,99,24,91,-4,-8,2,1,6,8,4,7
34WCT4,NA,NA,NA,NA,NA,NA,1,1,5,6,4,5
34WCU3,NA,NA,NA,NA,NA,NA,4,3,3,5,-1,2
34WCU4,NA,NA,NA,NA,NA,NA,1,1,4,4,3,3
34WCV4,NA,NA,NA,NA,NA,NA,5,1,5,7,0,6
34WDA1,NA,NA,NA,NA,NA,NA,9,11,8,12,-1,1
34WDA2,NA,NA,NA,NA,NA,NA,5,6,5,10,0,4
34WDA3,34,88,22,55,-12,-33,5,3,6,6,1,3
34WDA4,NA,NA,NA,NA,NA,NA,9,14,7,13,-2,-1
34WDB1,38,87,33,90,-5,3,10,13,9,17,-1,4
34WDB2,27,74,18,72,-9,-2,10,9,11,12,1,3
34WDB3,34,78,31,91,-3,13,9,11,9,11,0,0
34WDB4,27,62,23,65,-4,3,5,4,4,3,-1,-1
34WDC2,34,79,34,97,0,18,7,13,9,16,2,3
34WDC3,25,54,21,49,-4,-5,6,6,5,5,-1,-1
34WDC4,21,74,20,62,-1,-12,4,7,9,11,5,4
34WDS1,28,109,28,98,0,-11,4,1,5,16,1,15
34WDS2,27,106,23,101,-4,-5,4,6,7,16,3,10
34WDS3,26,116,26,122,0,6,4,11,6,21,2,10
34WDS4,31,118,33,121,2,3,3,2,7,20,4,18
34WDT1,28,101,26,100,-2,-1,8,7,5,11,-3,4
34WDT2,29,105,30,114,1,9,6,7,3,15,-3,8
34WDT3,NA,NA,NA,NA,NA,NA,5,7,6,11,1,4
34WDT4,28,106,20,93,-8,-13,2,3,7,11,5,8
34WDU1,NA,NA,NA,NA,NA,NA,8,10,6,13,-2,3
34WDU2,28,96,18,69,-10,-27,2,1,4,8,2,7
34WDU3,NA,NA,NA,NA,NA,NA,4,5,5,14,1,9
34WDU4,27,100,27,98,0,-2,5,7,6,12,1,5
34WDV1,NA,NA,NA,NA,NA,NA,9,6,6,6,-3,0
34WDV2,31,91,26,85,-5,-6,5,5,8,8,3,3
34WDV3,33,94,28,87,-5,-7,9,10,7,12,-2,2
34WDV4,NA,NA,NA,NA,NA,NA,8,10,5,11,-3,1
34WEA1,35,90,22,65,-13,-25,6,5,5,6,-1,1
34WEA2,27,87,28,81,1,-6,10,11,3,8,-7,-3
34WEA3,NA,NA,NA,NA,NA,NA,6,8,4,5,-2,-3
34WEA4,29,88,18,69,-11,-19,2,3,3,5,1,2
34WEB1,NA,NA,NA,NA,NA,NA,3,2,6,2,3,0
34WEB2,32,80,29,84,-3,4,2,1,6,2,4,1
34WEB3,25,69,18,59,-7,-10,6,7,4,5,-2,-2
34WEB4,26,74,25,71,-1,-3,9,10,5,4,-4,-6
34WEC1,NA,NA,NA,NA,NA,NA,3,6,8,11,5,5
34WEC2,NA,NA,NA,NA,NA,NA,7,6,8,9,1,3
34WEC3,NA,NA,NA,NA,NA,NA,8,11,10,11,2,0
34WEC4,21,48,22,59,1,11,8,9,9,6,1,-3
34WED2,NA,NA,NA,NA,NA,NA,4,2,4,NA,0,NA
34WED4,NA,NA,NA,NA,NA,NA,6,5,4,5,-2,0
34WES1,30,112,30,118,0,6,2,4,4,14,2,10
34WES2,31,114,33,121,2,7,3,6,6,19,3,13
34WET1,NA,NA,NA,NA,NA,NA,5,10,7,18,2,8
34WET2,NA,NA,NA,NA,NA,NA,1,5,5,11,4,6
34WET3,34,116,35,124,1,8,4,9,6,23,2,14
34WEU1,NA,NA,NA,NA,NA,NA,2,1,6,10,4,9
34WEU2,NA,NA,NA,NA,NA,NA,2,4,8,19,6,15
34WEU3,NA,NA,NA,NA,NA,NA,3,2,6,10,3,8
34WEU4,33,114,29,112,-4,-2,4,6,5,18,1,12
34WEV1,26,91,21,73,-5,-18,2,NA,4,10,2,NA
34WEV2,NA,NA,NA,NA,NA,NA,2,2,5,10,3,8
34WEV3,29,90,19,90,-10,0,1,1,4,10,3,9
34WEV4,NA,NA,NA,NA,NA,NA,3,1,3,7,0,6
34WFA1,32,97,40,111,8,14,9,6,6,5,-3,-1
34WFA2,35,91,37,112,2,21,9,11,5,8,-4,-3
34WFB2,25,75,26,71,1,-4,2,1,3,1,1,0
34WFS2,39,127,41,142,2,15,5,6,6,10,1,4
34WFU1,31,113,35,115,4,2,4,10,5,13,1,3
34WFU2,NA,NA,NA,NA,NA,NA,3,3,5,18,2,15
34WFV1,34,100,38,109,4,9,6,9,7,8,1,-1
34WFV2,33,108,33,117,0,9,1,5,6,8,5,3
35SKB3,NA,NA,NA,NA,NA,NA,1,NA,NA,4,NA,NA
35SKC4,NA,NA,NA,NA,NA,NA,NA,1,NA,8,NA,7
35SKE4,NA,NA,NA,NA,NA,NA,NA,NA,NA,1,NA,NA
35TKE3,NA,NA,NA,NA,NA,NA,NA,1,NA,2,NA,1
35TKF3,22,129,23,122,1,-7,NA,NA,1,15,NA,NA
35TKF4,25,149,18,123,-7,-26,NA,NA,NA,7,NA,NA
35TKG3,NA,NA,NA,NA,NA,NA,3,23,1,7,-2,-16
35TKG4,20,108,19,119,-1,11,3,21,1,13,-2,-8
35TKH3,12,100,13,122,1,22,1,21,NA,7,NA,-14
35TKH4,16,125,17,128,1,3,2,17,1,6,-1,-11
35TKJ3,NA,NA,NA,NA,NA,NA,NA,NA,NA,1,NA,NA
35TKJ4,NA,NA,NA,NA,NA,NA,NA,3,NA,NA,NA,NA
35TKK3,NA,NA,NA,NA,NA,NA,NA,1,NA,3,NA,2
35TKK4,NA,NA,NA,NA,NA,NA,NA,NA,NA,1,NA,NA
35TKL3,15,106,17,119,2,13,NA,NA,NA,7,NA,NA
35TKL4,NA,NA,NA,NA,NA,NA,NA,NA,NA,4,NA,NA
35TLF1,18,128,19,117,1,-11,1,10,NA,9,NA,-1
35TLF2,28,163,19,123,-9,-40,NA,2,NA,10,NA,8
35TLF3,17,129,15,128,-2,-1,NA,15,1,4,NA,-11
35TLF4,18,140,14,116,-4,-24,NA,2,1,12,NA,10
35TLG1,NA,NA,NA,NA,NA,NA,2,22,1,12,-1,-10
35TLG2,22,135,22,128,0,-7,3,22,1,7,-2,-15
35TLG3,NA,NA,NA,NA,NA,NA,NA,16,1,20,NA,4
35TLG4,22,139,22,136,0,-3,NA,12,3,13,NA,1
35TLH1,NA,NA,NA,NA,NA,NA,NA,14,1,16,NA,2
35TLH2,24,147,23,149,-1,2,2,21,2,19,0,-2
35TLH3,NA,NA,NA,NA,NA,NA,1,14,2,9,1,-5
35TLH4,22,134,23,130,1,-4,1,21,1,19,0,-2
35TLJ2,NA,NA,NA,NA,NA,NA,NA,3,NA,7,NA,4
35TLJ3,NA,NA,NA,NA,NA,NA,NA,1,NA,1,NA,0
35TLJ4,NA,NA,NA,NA,NA,NA,NA,6,NA,8,NA,2
35TLK1,NA,NA,NA,NA,NA,NA,NA,NA,1,9,NA,NA
35TLK3,NA,NA,NA,NA,NA,NA,1,2,NA,2,NA,0
35TLK4,NA,NA,NA,NA,NA,NA,NA,1,NA,3,NA,2
35TLL1,NA,NA,NA,NA,NA,NA,NA,1,2,13,NA,12
35TLL2,NA,NA,NA,NA,NA,NA,NA,NA,1,12,NA,NA
35TLL3,NA,NA,NA,NA,NA,NA,NA,1,1,13,NA,12
35TLL4,17,93,19,108,2,15,1,1,2,22,1,21
35TLM1,22,129,19,127,-3,-2,NA,1,NA,8,NA,7
35TLM2,NA,NA,NA,NA,NA,NA,NA,NA,NA,8,NA,NA
35TLM3,21,121,18,115,-3,-6,NA,3,3,14,NA,11
35TLM4,23,121,25,126,2,5,NA,NA,5,28,NA,NA
35TLN1,14,88,13,91,-1,3,NA,NA,6,30,NA,NA
35TLN2,NA,NA,NA,NA,NA,NA,2,13,NA,2,NA,-11
35TLN3,12,72,15,85,3,13,1,2,3,16,2,14
35TLN4,13,84,15,88,2,4,NA,2,1,10,NA,8
35TMF1,18,126,17,126,-1,0,NA,15,1,9,NA,-6
35TMF2,31,166,23,151,-8,-15,NA,NA,1,11,NA,NA
35TMF3,8,82,9,91,1,9,NA,NA,NA,1,NA,NA
35TMG1,NA,NA,NA,NA,NA,NA,NA,7,1,10,NA,3
35TMG2,20,136,20,138,0,2,NA,16,3,18,NA,2
35TMG3,14,118,13,128,-1,10,1,28,1,10,0,-18
35TMG4,12,99,12,120,0,21,NA,2,NA,4,NA,2
35TMH1,11,105,14,117,3,12,2,19,NA,5,NA,-14
35TMH2,22,138,17,141,-5,3,2,14,NA,11,NA,-3
35TMH3,18,132,15,125,-3,-7,2,16,NA,5,NA,-11
35TMH4,18,134,21,142,3,8,2,23,NA,6,NA,-17
35TMJ1,17,119,19,129,2,10,NA,9,1,10,NA,1
35TMJ2,26,157,18,133,-8,-24,NA,18,NA,9,NA,-9
35TMJ3,18,133,22,143,4,10,NA,2,1,4,NA,2
35TMJ4,10,120,11,111,1,-9,1,20,1,2,0,-18
35TMK1,NA,NA,NA,NA,NA,NA,NA,NA,NA,6,NA,NA
35TMK2,12,99,17,111,5,12,NA,5,NA,11,NA,6
35TMK3,NA,NA,NA,NA,NA,NA,NA,NA,NA,3,NA,NA
35TMK4,NA,NA,NA,NA,NA,NA,NA,NA,NA,2,NA,NA
35TML1,16,112,16,112,0,0,NA,1,2,13,NA,12
35TML2,11,76,14,91,3,15,NA,NA,1,11,NA,NA
35TML3,16,110,14,93,-2,-17,NA,NA,5,11,NA,NA
35TML4,NA,NA,NA,NA,NA,NA,NA,1,NA,7,NA,6
35TMM1,13,85,18,90,5,5,NA,NA,NA,4,NA,NA
35TMM2,NA,NA,NA,NA,NA,NA,NA,NA,1,11,NA,NA
35TMM3,NA,NA,NA,NA,NA,NA,NA,NA,1,7,NA,NA
35TMM4,NA,NA,NA,NA,NA,NA,NA,NA,NA,4,NA,NA
35TMN1,NA,NA,NA,NA,NA,NA,NA,NA,1,4,NA,NA
35TMN2,15,101,13,101,-2,0,NA,NA,NA,7,NA,NA
35TMN3,13,89,15,109,2,20,NA,NA,NA,9,NA,NA
35TMN4,NA,NA,NA,NA,NA,NA,NA,NA,NA,3,NA,NA
35TNG1,27,157,25,146,-2,-11,1,19,2,13,1,-6
35TNG2,NA,NA,NA,NA,NA,NA,NA,8,3,10,NA,2
35TNG3,25,140,21,147,-4,7,1,27,2,29,1,2
35TNG4,NA,NA,NA,NA,NA,NA,2,13,NA,4,NA,-9
35TNH1,20,139,16,128,-4,-11,1,19,NA,12,NA,-7
35TNH2,35,168,27,162,-8,-6,2,20,1,13,-1,-7
35TNH3,28,157,20,147,-8,-10,1,16,NA,9,NA,-7
35TNH4,23,136,21,151,-2,15,NA,6,1,4,NA,-2
35TNJ1,23,143,25,149,2,6,2,29,1,8,-1,-21
35TNJ2,8,124,8,104,0,-20,1,15,NA,2,NA,-13
35TNJ3,NA,NA,NA,NA,NA,NA,1,29,2,19,1,-10
35TNJ4,11,117,14,126,3,9,2,28,NA,5,NA,-23
35TNK1,11,90,14,99,3,9,NA,NA,NA,2,NA,NA
35TNK2,NA,NA,NA,NA,NA,NA,NA,NA,1,3,NA,NA
35TNK3,NA,NA,NA,NA,NA,NA,NA,11,1,11,NA,0
35TNK4,NA,NA,NA,NA,NA,NA,2,22,2,14,0,-8
35TNL1,NA,NA,NA,NA,NA,NA,NA,NA,1,11,NA,NA
35TNL2,NA,NA,NA,NA,NA,NA,NA,NA,1,9,NA,NA
35TNL3,22,141,20,131,-2,-10,NA,2,NA,2,NA,0
35TNL4,NA,NA,NA,NA,NA,NA,1,24,2,12,1,-12
35TNM1,8,84,7,95,-1,11,NA,NA,NA,NA,NA,NA
35TNM2,NA,NA,NA,NA,NA,NA,NA,NA,NA,3,NA,NA
35TNM3,11,98,15,118,4,20,NA,NA,NA,4,NA,NA
35TNM4,NA,NA,NA,NA,NA,NA,NA,NA,NA,2,NA,NA
35TNN1,21,134,21,125,0,-9,NA,1,NA,2,NA,1
35TNN2,15,114,20,126,5,12,NA,NA,1,11,NA,NA
35TNN4,19,129,17,118,-2,-11,NA,NA,NA,9,NA,NA
35TPJ1,NA,NA,NA,NA,NA,NA,3,25,1,15,-2,-10
35TPJ2,17,138,22,137,5,-1,1,19,1,11,0,-8
35TPK1,24,135,22,133,-2,-2,5,32,3,18,-2,-14
35TPK2,NA,NA,NA,NA,NA,NA,2,13,2,22,0,9
35TPK3,24,123,23,124,-1,1,2,27,2,8,0,-19
35TPK4,NA,NA,NA,NA,NA,NA,NA,NA,NA,6,NA,NA
35TPL2,19,131,28,142,9,11,2,33,3,19,1,-14
35TPL4,24,123,27,135,3,12,2,26,1,18,-1,-8
35TQK1,NA,NA,NA,NA,NA,NA,1,16,1,8,0,-8
35TQL2,NA,NA,NA,NA,NA,NA,NA,23,1,11,NA,-12
35ULA1,21,150,24,143,3,-7,NA,1,2,20,NA,19
35ULA2,19,139,23,137,4,-2,NA,NA,4,17,NA,NA
35ULA3,18,135,22,148,4,13,NA,2,5,24,NA,22
35ULA4,21,141,24,151,3,10,NA,NA,1,12,NA,NA
35ULB1,16,122,20,128,4,6,NA,NA,1,11,NA,NA
35ULB2,16,133,17,123,1,-10,NA,NA,NA,9,NA,NA
35ULB3,18,140,19,132,1,-8,NA,NA,1,12,NA,NA
35ULB4,18,138,19,129,1,-9,NA,NA,2,15,NA,NA
35ULP2,16,98,17,103,1,5,2,16,6,33,4,17
35ULP4,15,104,15,104,0,0,1,4,5,30,4,26
35ULR1,17,139,19,143,2,4,NA,7,1,7,NA,0
35ULS2,18,144,16,135,-2,-9,2,13,1,26,-1,13
35ULV1,19,134,24,150,5,16,NA,NA,NA,8,NA,NA
35ULV3,NA,NA,NA,NA,NA,NA,NA,NA,1,10,NA,NA
35UMA1,19,137,26,145,7,8,NA,NA,1,12,NA,NA
35UMA2,NA,NA,NA,NA,NA,NA,NA,NA,NA,3,NA,NA
35UMA3,22,147,25,149,3,2,NA,NA,NA,8,NA,NA
35UMB1,19,136,27,144,8,8,NA,1,4,18,NA,17
35UMB2,21,142,27,155,6,13,NA,1,2,23,NA,22
35UMB3,19,145,29,153,10,8,NA,NA,NA,8,NA,NA
35UMB4,19,142,27,158,8,16,NA,NA,1,9,NA,NA
35UMP2,NA,NA,NA,NA,NA,NA,1,2,1,16,0,14
35UMP4,19,122,16,125,-3,3,1,4,NA,NA,NA,NA
35UMV1,NA,NA,NA,NA,NA,NA,NA,NA,2,10,NA,NA
35UNB1,26,140,29,157,3,17,NA,NA,1,4,NA,NA
35UNP2,17,126,13,116,-4,-10,NA,NA,NA,3,NA,NA
35VLC1,19,116,21,132,2,16,NA,NA,NA,3,NA,NA
35VLC2,14,115,19,124,5,9,NA,NA,NA,4,NA,NA
35VLC3,20,128,23,138,3,10,NA,NA,NA,1,NA,NA
35VLC4,18,128,23,137,5,9,NA,NA,2,6,NA,NA
35VLD1,NA,NA,NA,NA,NA,NA,NA,NA,NA,4,NA,NA
35VLD2,22,141,28,144,6,3,NA,NA,NA,10,NA,NA
35VLD3,20,130,23,140,3,10,NA,NA,NA,5,NA,NA
35VLD4,20,133,23,136,3,3,NA,NA,3,10,NA,NA
35VLE3,32,147,31,151,-1,4,9,28,6,33,-3,5
35VLE4,32,144,29,147,-3,3,7,26,6,35,-1,9
35VLF3,31,149,30,143,-1,-6,9,26,7,36,-2,10
35VLF4,19,124,23,131,4,7,8,26,7,36,-1,10
35VLG3,37,145,41,153,4,8,12,37,11,36,-1,-1
35VLG4,NA,NA,NA,NA,NA,NA,6,20,6,21,0,1
35VLH3,31,139,31,146,0,7,10,29,9,27,-1,-2
35VLH4,31,133,30,148,-1,15,11,29,8,28,-3,-1
35VLJ3,28,122,30,143,2,21,9,15,9,21,0,6
35VLJ4,29,130,31,141,2,11,8,23,9,23,1,0
35VLK3,28,124,28,138,0,14,4,7,7,13,3,6
35VLK4,28,114,31,137,3,23,9,19,9,20,0,1
35VLL3,26,118,29,137,3,19,3,9,7,12,4,3
35VLL4,32,124,33,129,1,5,5,1,7,8,2,7
35VMC1,21,134,22,134,1,0,NA,NA,NA,NA,NA,NA
35VMC2,NA,NA,NA,NA,NA,NA,NA,1,NA,5,NA,4
35VMC3,29,150,31,152,2,2,NA,NA,NA,3,NA,NA
35VMC4,NA,NA,NA,NA,NA,NA,NA,NA,NA,5,NA,NA
35VMD1,20,130,22,135,2,5,NA,NA,NA,4,NA,NA
35VMD2,20,119,23,132,3,13,NA,NA,1,1,NA,NA
35VMD3,21,134,21,132,0,-2,7,29,4,22,-3,-7
35VMD4,24,130,22,143,-2,13,NA,NA,1,2,NA,NA
35VME1,23,139,26,130,3,-9,7,29,6,31,-1,2
35VME2,22,131,23,137,1,6,7,27,6,33,-1,6
35VME3,26,149,28,147,2,-2,7,29,6,40,-1,11
35VME4,20,130,24,132,4,2,7,29,6,31,-1,2
35VMF1,35,140,30,139,-5,-1,7,26,7,34,0,8
35VMF2,20,125,23,121,3,-4,6,24,5,33,-1,9
35VMF3,26,136,31,143,5,7,8,26,8,31,0,5
35VMF4,23,134,24,138,1,4,9,29,6,33,-3,4
35VMG1,36,134,40,146,4,12,6,27,8,26,2,-1
35VMG2,26,131,34,133,8,2,7,26,7,22,0,-4
35VMG3,31,113,33,125,2,12,3,20,3,15,0,-5
35VMG4,NA,NA,NA,NA,NA,NA,7,22,3,10,-4,-12
35VMH1,30,146,29,138,-1,-8,9,22,7,25,-2,3
35VMH2,27,131,29,141,2,10,7,25,9,25,2,0
35VMH3,28,133,32,144,4,11,7,20,6,19,-1,-1
35VMH4,32,142,35,153,3,11,5,13,6,23,1,10
35VMJ1,29,129,32,135,3,6,8,20,8,19,0,-1
35VMJ2,26,122,26,136,0,14,8,12,7,18,-1,6
35VMJ3,26,124,28,132,2,8,5,8,5,14,0,6
35VMJ4,27,117,27,121,0,4,7,13,7,20,0,7
35VMK1,28,126,32,128,4,2,5,11,8,16,3,5
35VMK2,31,126,33,135,2,9,6,10,8,20,2,10
35VMK3,28,130,30,127,2,-3,11,20,5,8,-6,-12
35VMK4,31,129,32,133,1,4,8,19,5,16,-3,-3
35VML1,27,118,33,134,6,16,6,13,6,9,0,-4
35VML2,28,121,30,137,2,16,8,9,6,12,-2,3
35VML3,27,115,30,131,3,16,11,13,8,8,-3,-5
35VML4,26,119,28,126,2,7,6,8,4,8,-2,0
35VNC1,17,121,20,138,3,17,NA,NA,NA,4,NA,NA
35VNC2,12,119,23,133,11,14,NA,NA,NA,5,NA,NA
35VNC3,NA,NA,NA,NA,NA,NA,NA,NA,1,3,NA,NA
35VNC4,26,138,29,154,3,16,NA,3,2,12,NA,9
35VND1,21,128,23,124,2,-4,6,25,2,23,-4,-2
35VND2,16,121,23,138,7,17,NA,NA,1,1,NA,NA
35VND3,NA,NA,NA,NA,NA,NA,NA,1,NA,3,NA,2
35VNE1,20,132,25,142,5,10,7,28,5,33,-2,5
35VNE2,21,141,25,133,4,-8,6,31,6,28,0,-3
35VNF1,23,136,27,148,4,12,6,27,5,24,-1,-3
35VNF2,19,132,22,137,3,5,6,24,4,20,-2,-4
35VNF3,NA,NA,NA,NA,NA,NA,5,17,3,10,-2,-7
35VNH1,28,123,27,137,-1,14,6,12,7,16,1,4
35VNH2,37,143,41,152,4,9,7,22,5,28,-2,6
35VNH3,31,139,32,149,1,10,7,21,8,32,1,11
35VNH4,NA,NA,NA,NA,NA,NA,5,20,4,17,-1,-3
35VNJ1,28,122,28,136,0,14,6,13,6,19,0,6
35VNJ2,26,118,31,134,5,16,5,13,8,20,3,7
35VNJ3,29,123,26,131,-3,8,6,19,3,11,-3,-8
35VNJ4,26,121,22,123,-4,2,7,6,5,16,-2,10
35VNK1,27,119,30,133,3,14,14,25,6,18,-8,-7
35VNK2,29,121,30,139,1,18,13,24,6,18,-7,-6
35VNK3,28,114,27,131,-1,17,10,15,6,15,-4,0
35VNK4,28,121,23,116,-5,-5,8,11,6,16,-2,5
35VNL1,24,117,28,123,4,6,11,21,10,20,-1,-1
35VNL2,30,134,31,134,1,0,11,21,9,21,-2,0
35VNL3,26,108,31,122,5,14,11,13,6,10,-5,-3
35VNL4,26,117,28,125,2,8,11,16,7,10,-4,-6
35VPH1,NA,NA,NA,NA,NA,NA,3,15,4,12,1,-3
35VPJ1,28,124,29,139,1,15,11,18,8,20,-3,2
35VPJ2,29,136,31,144,2,8,7,10,7,15,0,5
35VPK1,27,128,31,144,4,16,6,15,8,15,2,0
35VPK2,30,133,33,142,3,9,6,17,7,23,1,6
35VPL1,26,112,26,124,0,12,13,16,6,9,-7,-7
35VPL2,28,120,30,130,2,10,9,8,5,10,-4,2
35WLM3,40,148,45,152,5,4,7,15,8,13,1,-2
35WLM4,27,122,36,145,9,23,8,14,8,11,0,-3
35WLN3,36,123,40,139,4,16,2,10,6,11,4,1
35WLP3,32,106,34,102,2,-4,2,3,4,8,2,5
35WLP4,31,120,31,134,0,14,6,14,6,14,0,0
35WLQ4,NA,NA,NA,NA,NA,NA,3,6,4,6,1,0
35WMM1,37,143,39,155,2,12,7,18,9,18,2,0
35WMM2,31,122,30,133,-1,11,7,15,6,10,-1,-5
35WMM3,31,121,33,138,2,17,8,18,6,8,-2,-10
35WMM4,31,122,33,133,2,11,5,9,6,10,1,1
35WMN1,35,126,41,130,6,4,10,16,4,9,-6,-7
35WMN2,39,138,47,158,8,20,13,24,9,18,-4,-6
35WMN3,33,111,27,113,-6,2,6,5,3,4,-3,-1
35WMN4,30,114,32,124,2,10,7,12,6,7,-1,-5
35WMP1,30,113,36,131,6,18,12,14,7,13,-5,-1
35WMP2,31,104,31,123,0,19,9,7,4,6,-5,-1
35WMP3,29,105,31,119,2,14,11,12,4,7,-7,-5
35WMP4,33,105,29,107,-4,2,5,7,4,6,-1,-1
35WMQ1,27,88,30,101,3,13,1,6,3,3,2,-3
35WMQ2,29,97,28,102,-1,5,5,3,4,4,-1,1
35WMQ3,30,99,29,108,-1,9,8,8,4,5,-4,-3
35WMQ4,28,96,28,95,0,-1,4,3,3,5,-1,2
35WMR1,27,79,30,90,3,11,1,NA,5,2,4,NA
35WMR2,29,95,32,106,3,11,9,13,6,6,-3,-7
35WMR3,31,87,26,87,-5,0,2,NA,5,2,3,NA
35WMR4,33,95,30,100,-3,5,10,12,4,4,-6,-8
35WMS1,18,53,20,63,2,10,4,5,4,3,0,-2
35WMS2,30,83,29,80,-1,-3,4,2,3,3,-1,1
35WMS3,30,91,34,85,4,-6,6,3,2,4,-4,1
35WMS4,34,97,36,98,2,1,3,NA,6,4,3,NA
35WMT1,37,86,37,94,0,8,7,10,10,11,3,1
35WMT2,28,71,24,67,-4,-4,8,8,7,10,-1,2
35WMT3,23,61,25,70,2,9,4,5,4,4,0,-1
35WMT4,35,91,34,98,-1,7,7,7,9,6,2,-1
35WMU1,38,56,28,40,-10,-16,4,1,3,2,-1,1
35WMU2,26,68,25,62,-1,-6,8,8,9,10,1,2
35WMU3,NA,NA,NA,NA,NA,NA,4,3,4,2,0,-1
35WMU4,NA,NA,NA,NA,NA,NA,4,3,7,5,3,2
35WNM1,27,108,30,122,3,14,10,11,7,10,-3,-1
35WNM2,NA,NA,NA,NA,NA,NA,9,12,7,13,-2,1
35WNM3,26,107,29,121,3,14,11,9,5,6,-6,-3
35WNM4,27,114,30,131,3,17,13,20,8,15,-5,-5
35WNN1,32,109,34,121,2,12,11,10,6,7,-5,-3
35WNN2,33,116,31,112,-2,-4,9,4,5,5,-4,1
35WNN3,NA,NA,NA,NA,NA,NA,8,7,4,8,-4,1
35WNN4,25,104,32,114,7,10,10,9,4,5,-6,-4
35WNP1,28,102,28,108,0,6,3,4,4,8,1,4
35WNP2,31,106,33,107,2,1,13,11,4,8,-9,-3
35WNP3,28,94,35,111,7,17,7,9,4,5,-3,-4
35WNP4,NA,NA,NA,NA,NA,NA,10,8,7,11,-3,3
35WNQ1,28,97,33,101,5,4,5,6,4,6,-1,0
35WNQ2,29,101,35,117,6,16,9,9,3,9,-6,0
35WNQ3,27,95,32,102,5,7,10,6,3,2,-7,-4
35WNQ4,NA,NA,NA,NA,NA,NA,11,12,6,8,-5,-4
35WNR1,32,96,34,102,2,6,7,5,7,4,0,-1
35WNR2,32,96,29,90,-3,-6,4,3,3,4,-1,1
35WNR3,NA,NA,NA,NA,NA,NA,3,NA,1,NA,-2,NA
35WNR4,29,83,26,83,-3,0,11,7,2,2,-9,-5
35WNS1,34,93,33,97,-1,4,10,9,6,8,-4,-1
35WNS2,36,108,37,116,1,8,10,9,5,6,-5,-3
35WNS3,NA,NA,NA,NA,NA,NA,10,12,8,13,-2,1
35WNS4,NA,NA,NA,NA,NA,NA,3,1,4,1,1,0
35WNT1,29,81,31,96,2,15,7,7,6,6,-1,-1
35WNT2,35,81,30,94,-5,13,11,8,5,5,-6,-3
35WNT3,34,68,37,81,3,13,7,9,8,12,1,3
35WNT4,36,84,40,104,4,20,7,13,11,12,4,-1
35WNU1,NA,NA,NA,NA,NA,NA,5,6,6,6,1,0
35WNU2,25,60,23,63,-2,3,4,5,8,11,4,6
35WNU3,NA,NA,NA,NA,NA,NA,2,4,3,3,1,-1
35WNU4,29,60,34,63,5,3,2,4,8,8,6,4
35WPM1,27,103,27,99,0,-4,6,4,5,4,-1,0
35WPM2,26,109,28,125,2,16,14,19,11,16,-3,-3
35WPN1,32,110,32,105,0,-5,3,2,5,5,2,3
35WPN2,24,99,30,106,6,7,7,4,3,4,-4,0
35WPP1,NA,NA,NA,NA,NA,NA,9,11,4,6,-5,-5
35WPP2,36,123,37,141,1,18,9,14,5,9,-4,-5
35WPQ1,NA,NA,NA,NA,NA,NA,1,NA,1,1,0,NA
35WPR2,NA,NA,NA,NA,NA,NA,10,10,3,2,-7,-8
36VUP3,NA,NA,NA,NA,NA,NA,6,11,6,18,0,7
36VUP4,NA,NA,NA,NA,NA,NA,5,11,2,10,-3,-1
36VUQ3,29,124,32,142,3,18,11,23,4,10,-7,-13
36VUQ4,29,123,31,145,2,22,10,22,6,17,-4,-5
36VUR3,NA,NA,NA,NA,NA,NA,8,7,4,2,-4,-5
36VUR4,26,123,33,133,7,10,10,13,5,13,-5,0
36VVQ1,NA,NA,NA,NA,NA,NA,7,10,3,5,-4,-5
36VVQ2,NA,NA,NA,NA,NA,NA,1,NA,1,NA,0,NA
36VVR2,NA,NA,NA,NA,NA,NA,NA,1,1,NA,NA,NA
36WUS3,NA,NA,NA,NA,NA,NA,4,2,NA,2,NA,0
36WUS4,NA,NA,NA,NA,NA,NA,7,6,5,6,-2,0
36WUU4,NA,NA,NA,NA,NA,NA,NA,NA,3,3,NA,NA
36WVC1,25,47,28,60,3,13,5,4,6,6,1,2
36WVC2,NA,NA,NA,NA,NA,NA,6,13,7,11,1,-2
36WVD2,NA,NA,NA,NA,NA,NA,6,5,8,8,2,3
