"cell50x50","SR_natural_ebba1","SR_human_dominated_ebba1","SR_natural_ebba2","SR_human_dominated_ebba2","deltaSR_bird_natural","deltaSR_bird_human_dominated","SR_natural_m_b2000","SR_human_dominated_m_b2000","SR_natural_m_a2015","SR_human_dominated_m_a2015","deltaSR_mammal_natural","deltaSR_mammal_human_dominated"
"29SMC3",5,99,14,110,9,11,3,7,3,26,0,19
"29SMD3",9,93,11,91,2,-2,1,2,2,19,1,17
"29SMD4",7,109,11,102,4,-7,1,4,2,21,1,17
"29SME4",NA,NA,NA,NA,NA,NA,NA,NA,NA,1,NA,NA
"29SNA1",NA,NA,NA,NA,NA,NA,NA,NA,1,10,NA,NA
"29SNA3",NA,NA,NA,NA,NA,NA,NA,NA,3,9,NA,NA
"29SNB1",4,94,8,107,4,13,2,3,2,13,0,10
"29SNB2",7,109,12,116,5,7,1,9,4,20,3,11
"29SNB3",5,99,10,114,5,15,NA,1,4,17,NA,16
"29SNB4",NA,NA,NA,NA,NA,NA,NA,6,4,17,NA,11
"29SNC1",NA,NA,NA,NA,NA,NA,1,5,2,19,1,14
"29SNC2",7,100,10,93,3,-7,2,5,3,11,1,6
"29SNC3",7,105,11,116,4,11,2,7,2,16,0,9
"29SNC4",7,103,15,126,8,23,1,2,2,13,1,11
"29SND1",10,100,14,116,4,16,1,5,4,23,3,18
"29SND2",10,105,15,119,5,14,2,5,2,15,0,10
"29SND3",7,89,9,98,2,9,1,1,2,18,1,17
"29SND4",7,107,11,105,4,-2,1,3,2,20,1,17
"29SNE2",8,97,8,101,0,4,1,4,4,20,3,16
"29SNE4",7,91,8,87,1,-4,NA,NA,4,20,NA,NA
"29SPA1",NA,NA,NA,NA,NA,NA,NA,NA,1,8,NA,NA
"29SPB1",NA,NA,NA,NA,NA,NA,NA,1,3,18,NA,17
"29SPB2",7,111,12,114,5,3,NA,1,3,21,NA,20
"29SPB3",14,101,8,100,-6,-1,NA,1,3,18,NA,17
"29SPB4",9,109,19,121,10,12,NA,1,3,16,NA,15
"29SPC1",7,99,12,114,5,15,2,3,2,14,0,11
"29SPC2",NA,NA,NA,NA,NA,NA,NA,2,3,10,NA,8
"29SPC3",NA,NA,NA,NA,NA,NA,NA,NA,2,8,NA,NA
"29SPC4",8,112,12,115,4,3,2,3,2,12,0,9
"29SPD1",NA,NA,NA,NA,NA,NA,1,1,3,21,2,20
"29SPD2",4,101,9,104,5,3,NA,NA,3,20,NA,NA
"29SPD3",NA,NA,NA,NA,NA,NA,NA,1,1,12,NA,11
"29SPD4",12,121,19,135,7,14,1,1,2,19,1,18
"29SPE2",7,102,10,108,3,6,1,4,2,21,1,17
"29SPE4",14,123,13,121,-1,-2,1,2,2,18,1,16
"29SQA1",18,123,21,146,3,23,4,12,3,22,-1,10
"29SQA2",11,108,14,108,3,0,NA,1,2,16,NA,15
"29SQB1",16,106,14,117,-2,11,NA,1,4,24,NA,23
"29SQB2",NA,NA,NA,NA,NA,NA,3,12,4,26,1,14
"29SQC1",NA,NA,NA,NA,NA,NA,NA,NA,2,10,NA,NA
"29SQC2",8,98,9,113,1,15,NA,NA,2,18,NA,NA
"29SQD1",13,114,14,123,1,9,NA,1,2,15,NA,14
"29SQD2",12,116,20,134,8,18,NA,1,2,14,NA,13
"29SQE2",11,119,20,134,9,15,NA,6,3,22,NA,16
"29TMH3",5,61,10,65,5,4,NA,NA,3,11,NA,NA
"29TMH4",NA,NA,NA,NA,NA,NA,NA,NA,2,10,NA,NA
"29TNE1",NA,NA,NA,NA,NA,NA,NA,1,2,27,NA,26
"29TNE3",NA,NA,NA,NA,NA,NA,1,5,3,22,2,17
"29TNF1",NA,NA,NA,NA,NA,NA,NA,4,2,16,NA,12
"29TNF2",4,83,9,100,5,17,1,2,3,20,2,18
"29TNF3",8,71,8,93,0,22,NA,5,6,24,NA,19
"29TNF4",7,81,8,85,1,4,1,3,3,19,2,16
"29TNG1",11,89,13,104,2,15,NA,NA,4,21,NA,NA
"29TNG2",8,94,10,89,2,-5,1,4,2,20,1,16
"29TNG3",8,100,10,107,2,7,1,NA,5,20,4,NA
"29TNG4",9,111,10,101,1,-10,2,5,5,20,3,15
"29TNH1",6,89,10,95,4,6,NA,3,3,23,NA,20
"29TNH2",8,90,15,106,7,16,2,NA,3,18,1,NA
"29TNH3",5,79,10,88,5,9,NA,NA,3,20,NA,NA
"29TNH4",3,75,8,82,5,7,NA,NA,2,15,NA,NA
"29TNJ2",NA,NA,NA,NA,NA,NA,NA,NA,2,6,NA,NA
"29TNJ4",NA,NA,NA,NA,NA,NA,1,NA,5,30,4,NA
"29TPE1",7,92,12,106,5,14,NA,2,3,21,NA,19
"29TPE3",13,121,13,107,0,-14,1,13,3,16,2,3
"29TPF1",7,86,10,108,3,22,1,6,5,34,4,28
"29TPF2",5,94,9,98,4,4,NA,2,4,11,NA,9
"29TPF3",11,110,13,117,2,7,NA,2,7,32,NA,30
"29TPF4",16,122,14,118,-2,-4,NA,NA,3,21,NA,NA
"29TPG1",9,108,12,122,3,14,NA,1,4,18,NA,17
"29TPG2",10,115,9,113,-1,-2,NA,4,3,15,NA,11
"29TPG3",NA,NA,NA,NA,NA,NA,1,4,3,20,2,16
"29TPG4",11,113,11,113,0,0,1,7,3,27,2,20
"29TPH1",NA,NA,NA,NA,NA,NA,NA,1,5,27,NA,26
"29TPH2",7,91,9,88,2,-3,2,NA,3,18,1,NA
"29TPH3",NA,NA,NA,NA,NA,NA,1,1,6,30,5,29
"29TPH4",10,107,9,110,-1,3,1,1,6,36,5,35
"29TPJ2",5,80,8,80,3,0,NA,NA,3,18,NA,NA
"29TPJ4",NA,NA,NA,NA,NA,NA,NA,NA,7,30,NA,NA
"29TQE1",18,116,18,132,0,16,NA,20,3,21,NA,1
"29TQF1",14,109,13,131,-1,22,NA,2,5,30,NA,28
"29TQF2",18,129,13,117,-5,-12,NA,NA,1,12,NA,NA
"29TQG1",NA,NA,NA,NA,NA,NA,1,9,4,31,3,22
"29TQG2",12,109,13,125,1,16,1,6,4,31,3,25
"29TQH1",15,87,17,107,2,20,NA,NA,5,28,NA,NA
"29TQH2",9,103,11,114,2,11,1,1,4,28,3,27
"29TQJ2",NA,NA,NA,NA,NA,NA,NA,NA,4,16,NA,NA
"29ULT3",NA,NA,NA,NA,NA,NA,2,4,1,2,-1,-2
"29UMA2",20,79,20,62,0,-17,2,4,3,4,1,0
"29UMA4",20,77,15,60,-5,-17,2,3,3,8,1,5
"29UMT1",21,86,21,65,0,-21,3,11,4,10,1,-1
"29UMT2",13,65,18,72,5,7,3,6,4,14,1,8
"29UMT3",NA,NA,NA,NA,NA,NA,4,10,4,17,0,7
"29UMT4",12,58,14,76,2,18,3,10,4,11,1,1
"29UMU2",NA,NA,NA,NA,NA,NA,2,3,3,2,1,-1
"29UMU3",18,81,16,68,-2,-13,4,10,4,13,0,3
"29UMU4",NA,NA,NA,NA,NA,NA,3,5,4,10,1,5
"29UMV1",NA,NA,NA,NA,NA,NA,2,5,3,10,1,5
"29UMV2",21,69,23,74,2,5,3,4,3,8,0,4
"29UMV3",NA,NA,NA,NA,NA,NA,3,4,4,14,1,10
"29UMV4",15,80,13,84,-2,4,3,6,4,16,1,10
"29UNA1",25,82,17,67,-8,-15,3,4,3,10,0,6
"29UNA2",16,80,21,75,5,-5,3,11,4,10,1,-1
"29UNA3",11,83,9,77,-2,-6,3,12,3,14,0,2
"29UNA4",13,86,11,84,-2,-2,3,17,3,17,0,0
"29UNB4",24,86,22,84,-2,-2,2,6,3,9,1,3
"29UNT1",16,75,6,69,-10,-6,3,7,4,13,1,6
"29UNT2",10,65,15,67,5,2,3,8,4,14,1,6
"29UNT3",14,75,16,75,2,0,4,10,4,12,0,2
"29UNU1",NA,NA,NA,NA,NA,NA,4,10,4,14,0,4
"29UNU2",9,74,10,75,1,1,4,9,4,18,0,9
"29UNU3",6,73,7,79,1,6,3,8,4,11,1,3
"29UNU4",5,78,6,72,1,-6,3,8,5,12,2,4
"29UNV1",NA,NA,NA,NA,NA,NA,3,8,4,13,1,5
"29UNV2",NA,NA,NA,NA,NA,NA,3,6,4,12,1,6
"29UNV3",NA,NA,NA,NA,NA,NA,3,8,4,13,1,5
"29UNV4",11,82,8,82,-3,0,3,7,4,12,1,5
"29UPA1",NA,NA,NA,NA,NA,NA,2,9,3,17,1,8
"29UPA2",6,74,6,71,0,-3,2,15,3,16,1,1
"29UPA3",NA,NA,NA,NA,NA,NA,2,10,4,16,2,6
"29UPA4",17,78,11,79,-6,1,2,14,3,19,1,5
"29UPB2",17,87,22,82,5,-5,3,8,3,12,0,4
"29UPB4",18,85,18,71,0,-14,2,10,3,19,1,9
"29UPT1",NA,NA,NA,NA,NA,NA,3,7,4,12,1,5
"29UPU1",NA,NA,NA,NA,NA,NA,3,9,5,13,2,4
"29UPU2",NA,NA,NA,NA,NA,NA,3,6,4,12,1,6
"29UPU3",18,86,21,88,3,2,3,10,5,14,2,4
"29UPU4",16,81,12,74,-4,-7,2,5,4,11,2,6
"29UPV1",NA,NA,NA,NA,NA,NA,2,7,3,12,1,5
"29UPV2",5,84,6,78,1,-6,3,7,4,14,1,7
"29UPV3",NA,NA,NA,NA,NA,NA,2,11,3,10,1,-1
"29UPV4",19,81,23,78,4,-3,2,11,4,18,2,7
"29VPC3",26,80,26,77,0,-3,4,15,4,16,0,1
"29VPE4",NA,NA,NA,NA,NA,NA,2,11,3,13,1,2
"30STF3",17,114,18,133,1,19,NA,5,5,14,NA,9
"30STF4",16,126,21,138,5,12,NA,3,4,22,NA,19
"30STG3",NA,NA,NA,NA,NA,NA,NA,NA,4,27,NA,NA
"30STG4",NA,NA,NA,NA,NA,NA,NA,3,4,27,NA,24
"30STH3",10,94,11,106,1,12,NA,1,3,11,NA,10
"30STH4",NA,NA,NA,NA,NA,NA,NA,NA,3,16,NA,NA
"30STJ3",15,109,19,135,4,26,2,9,3,22,1,13
"30STJ4",14,118,19,133,5,15,NA,NA,3,11,NA,NA
"30STK4",16,126,25,151,9,25,1,10,3,20,2,10
"30SUF1",10,104,18,121,8,17,1,NA,4,20,3,NA
"30SUF2",9,79,11,94,2,15,NA,NA,3,15,NA,NA
"30SUF3",11,115,25,140,14,25,NA,1,3,22,NA,21
"30SUF4",NA,NA,NA,NA,NA,NA,NA,NA,2,7,NA,NA
"30SUG1",NA,NA,NA,NA,NA,NA,NA,2,3,20,NA,18
"30SUG2",NA,NA,NA,NA,NA,NA,NA,NA,4,17,NA,NA
"30SUG3",13,101,10,96,-3,-5,NA,NA,4,17,NA,NA
"30SUG4",14,109,17,125,3,16,1,1,4,21,3,20
"30SUH1",NA,NA,NA,NA,NA,NA,1,10,2,14,1,4
"30SUH2",11,84,11,104,0,20,NA,NA,2,16,NA,NA
"30SUH3",NA,NA,NA,NA,NA,NA,3,15,3,14,0,-1
"30SUH4",NA,NA,NA,NA,NA,NA,1,NA,4,17,3,NA
"30SUJ1",13,99,16,121,3,22,2,16,2,12,0,-4
"30SUJ2",12,112,11,111,-1,-1,1,13,3,11,2,-2
"30SUJ3",NA,NA,NA,NA,NA,NA,NA,11,3,16,NA,5
"30SUJ4",NA,NA,NA,NA,NA,NA,NA,9,3,14,NA,5
"30SUK2",17,127,17,136,0,9,2,16,3,14,1,-2
"30SUK4",13,114,18,133,5,19,NA,11,4,14,NA,3
"30SVF1",10,109,16,126,6,17,2,NA,4,15,2,NA
"30SVF3",12,100,17,121,5,21,4,6,5,18,1,12
"30SVG1",7,88,10,103,3,15,NA,NA,3,16,NA,NA
"30SVG2",10,104,13,126,3,22,3,5,2,19,-1,14
"30SVG3",13,104,14,115,1,11,NA,9,3,14,NA,5
"30SVG4",12,99,13,109,1,10,3,10,4,14,1,4
"30SVH1",NA,NA,NA,NA,NA,NA,NA,8,3,19,NA,11
"30SVH2",NA,NA,NA,NA,NA,NA,NA,4,6,26,NA,22
"30SVH3",12,103,11,106,-1,3,1,10,5,18,4,8
"30SVH4",NA,NA,NA,NA,NA,NA,NA,9,3,13,NA,4
"30SVJ1",NA,NA,NA,NA,NA,NA,NA,8,2,14,NA,6
"30SVJ2",NA,NA,NA,NA,NA,NA,2,10,4,20,2,10
"30SVJ3",NA,NA,NA,NA,NA,NA,1,5,1,13,0,8
"30SVJ4",NA,NA,NA,NA,NA,NA,NA,6,2,11,NA,5
"30SVK2",NA,NA,NA,NA,NA,NA,1,15,3,18,2,3
"30SVK4",9,104,16,128,7,24,NA,8,4,14,NA,6
"30SWF1",19,104,17,115,-2,11,3,17,2,14,-1,-3
"30SWF3",NA,NA,NA,NA,NA,NA,NA,13,2,13,NA,0
"30SWG1",12,100,14,105,2,5,1,3,4,16,3,13
"30SWG2",9,86,9,99,0,13,1,7,4,22,3,15
"30SWG3",10,82,8,89,-2,7,1,1,2,12,1,11
"30SWG4",NA,NA,NA,NA,NA,NA,1,3,2,22,1,19
"30SWH1",10,95,10,114,0,19,1,12,3,12,2,0
"30SWH2",NA,NA,NA,NA,NA,NA,5,16,4,16,-1,0
"30SWH3",NA,NA,NA,NA,NA,NA,NA,9,3,12,NA,3
"30SWH4",NA,NA,NA,NA,NA,NA,1,13,3,16,2,3
"30SWJ1",NA,NA,NA,NA,NA,NA,NA,5,2,11,NA,6
"30SWJ2",NA,NA,NA,NA,NA,NA,NA,7,2,12,NA,5
"30SWJ3",NA,NA,NA,NA,NA,NA,1,8,3,14,2,6
"30SWJ4",NA,NA,NA,NA,NA,NA,NA,3,3,16,NA,13
"30SWK2",NA,NA,NA,NA,NA,NA,NA,6,2,12,NA,6
"30SWK4",NA,NA,NA,NA,NA,NA,2,2,2,11,0,9
"30SXF1",NA,NA,NA,NA,NA,NA,NA,NA,1,2,NA,NA
"30SXG1",NA,NA,NA,NA,NA,NA,1,6,1,9,0,3
"30SXG2",NA,NA,NA,NA,NA,NA,NA,NA,2,10,NA,NA
"30SXG3",18,98,22,120,4,22,NA,1,1,13,NA,12
"30SXH1",NA,NA,NA,NA,NA,NA,NA,7,2,22,NA,15
"30SXH2",10,84,12,110,2,26,NA,5,5,19,NA,14
"30SXH3",NA,NA,NA,NA,NA,NA,2,20,4,31,2,11
"30SXH4",19,118,22,135,3,17,1,10,5,28,4,18
"30SXJ1",10,94,11,95,1,1,2,16,3,18,1,2
"30SXJ2",NA,NA,NA,NA,NA,NA,NA,8,3,19,NA,11
"30SXJ3",12,96,12,107,0,11,5,24,7,32,2,8
"30SXJ4",11,91,12,115,1,24,5,26,5,33,0,7
"30SXK2",11,90,16,108,5,18,3,9,5,25,2,16
"30SXK4",13,105,17,108,4,3,4,21,5,31,1,10
"30SYG1",NA,NA,NA,NA,NA,NA,NA,NA,NA,2,NA,NA
"30SYH1",11,97,18,117,7,20,5,23,7,30,2,7
"30SYH2",NA,NA,NA,NA,NA,NA,1,8,2,23,1,15
"30SYJ1",18,116,23,139,5,23,5,26,7,31,2,5
"30SYJ2",16,107,16,123,0,16,6,24,7,30,1,6
"30SYK2",15,118,18,123,3,5,8,26,6,35,-2,9
"30TTK3",17,122,16,129,-1,7,5,19,5,21,0,2
"30TTL3",NA,NA,NA,NA,NA,NA,NA,1,2,16,NA,15
"30TTL4",15,132,12,129,-3,-3,NA,2,3,23,NA,21
"30TTM3",NA,NA,NA,NA,NA,NA,NA,NA,2,17,NA,NA
"30TTM4",NA,NA,NA,NA,NA,NA,NA,NA,3,24,NA,NA
"30TTN3",17,95,17,101,0,6,NA,1,5,26,NA,25
"30TTN4",12,126,18,130,6,4,NA,NA,5,25,NA,NA
"30TTP4",NA,NA,NA,NA,NA,NA,NA,NA,5,32,NA,NA
"30TUK1",14,124,16,129,2,5,4,9,8,26,4,17
"30TUK3",17,122,16,123,-1,1,1,7,3,26,2,19
"30TUL1",8,119,13,125,5,6,NA,1,2,19,NA,18
"30TUL2",13,116,12,129,-1,13,1,NA,1,12,0,NA
"30TUL3",9,108,13,126,4,18,NA,1,2,16,NA,15
"30TUL4",14,122,16,134,2,12,NA,2,3,18,NA,16
"30TUM1",9,104,11,117,2,13,NA,NA,1,11,NA,NA
"30TUM2",10,113,12,118,2,5,NA,NA,2,18,NA,NA
"30TUM3",13,118,12,123,-1,5,NA,4,1,22,NA,18
"30TUM4",10,116,14,123,4,7,NA,NA,2,23,NA,NA
"30TUN1",16,105,19,115,3,10,2,9,6,31,4,22
"30TUN2",13,122,16,127,3,5,1,2,3,26,2,24
"30TUN3",15,110,18,115,3,5,3,9,9,47,6,38
"30TUN4",19,119,19,128,0,9,1,2,5,26,4,24
"30TUP2",7,90,14,99,7,9,1,2,4,22,3,20
"30TUP4",9,100,18,97,9,-3,NA,1,6,24,NA,23
"30TUT3",NA,NA,NA,NA,NA,NA,NA,2,NA,9,NA,7
"30TVK1",19,120,21,140,2,20,NA,23,4,31,NA,8
"30TVK3",NA,NA,NA,NA,NA,NA,1,7,3,21,2,14
"30TVL1",13,110,15,128,2,18,NA,1,2,12,NA,11
"30TVL2",17,125,21,136,4,11,2,21,3,27,1,6
"30TVL3",14,111,15,126,1,15,NA,4,3,27,NA,23
"30TVL4",19,120,18,133,-1,13,NA,15,5,34,NA,19
"30TVM1",12,115,12,125,0,10,1,1,2,25,1,24
"30TVM2",14,110,16,121,2,11,1,NA,3,30,2,NA
"30TVM3",15,122,17,136,2,14,2,8,5,26,3,18
"30TVM4",17,121,13,120,-4,-1,2,11,4,19,2,8
"30TVN1",15,108,19,129,4,21,NA,2,8,43,NA,41
"30TVN2",14,118,14,128,0,10,1,4,6,40,5,36
"30TVN3",13,111,17,129,4,18,2,5,7,37,5,32
"30TVN4",16,122,14,129,-2,7,1,NA,4,31,3,NA
"30TVP2",NA,NA,NA,NA,NA,NA,1,6,5,33,4,27
"30TVP4",NA,NA,NA,NA,NA,NA,NA,NA,5,32,NA,NA
"30TVT1",10,96,11,93,1,-3,2,11,3,16,1,5
"30TVT3",15,113,20,113,5,0,4,27,6,38,2,11
"30TWK1",13,106,16,127,3,21,NA,8,2,10,NA,2
"30TWK3",14,106,11,111,-3,5,1,NA,3,13,2,NA
"30TWL1",12,102,11,121,-1,19,NA,4,3,23,NA,19
"30TWL2",13,107,15,120,2,13,NA,12,2,14,NA,2
"30TWL3",NA,NA,NA,NA,NA,NA,NA,1,2,12,NA,11
"30TWL4",9,93,12,103,3,10,NA,7,3,13,NA,6
"30TWM1",16,124,17,129,1,5,1,2,4,16,3,14
"30TWM2",14,120,14,129,0,9,1,NA,4,25,3,NA
"30TWM3",19,136,17,135,-2,-1,1,10,6,29,5,19
"30TWM4",15,112,14,128,-1,16,1,9,3,14,2,5
"30TWN1",12,112,20,128,8,16,1,NA,5,28,4,NA
"30TWN2",18,130,23,149,5,19,2,12,5,23,3,11
"30TWN3",13,119,23,118,10,-1,4,18,6,35,2,17
"30TWN4",18,135,21,135,3,0,2,24,7,28,5,4
"30TWP2",NA,NA,NA,NA,NA,NA,1,NA,NA,10,NA,NA
"30TWP4",NA,NA,NA,NA,NA,NA,NA,3,1,8,NA,5
"30TWS3",13,117,17,124,4,7,2,23,6,28,4,5
"30TWS4",NA,NA,NA,NA,NA,NA,NA,NA,1,2,NA,NA
"30TWT1",16,124,21,120,5,-4,3,35,9,40,6,5
"30TWT2",11,103,16,109,5,6,2,22,3,22,1,0
"30TWT3",13,118,10,114,-3,-4,6,39,7,40,1,1
"30TWT4",13,121,24,136,11,15,6,38,9,45,3,7
"30TXK1",NA,NA,NA,NA,NA,NA,1,18,3,24,2,6
"30TXK3",10,89,14,104,4,15,NA,NA,2,6,NA,NA
"30TXL1",NA,NA,NA,NA,NA,NA,1,2,3,12,2,10
"30TXL2",NA,NA,NA,NA,NA,NA,NA,NA,4,16,NA,NA
"30TXL3",14,104,14,121,0,17,NA,1,3,15,NA,14
"30TXL4",NA,NA,NA,NA,NA,NA,NA,NA,3,8,NA,NA
"30TXM1",17,126,23,140,6,14,2,17,2,17,0,0
"30TXM2",16,117,19,133,3,16,1,12,4,23,3,11
"30TXM3",16,123,23,137,7,14,1,7,2,19,1,12
"30TXM4",NA,NA,NA,NA,NA,NA,NA,1,3,25,NA,24
"30TXN1",20,124,18,114,-2,-10,5,43,7,40,2,-3
"30TXN2",20,128,22,141,2,13,4,19,4,27,0,8
"30TXN3",18,120,22,119,4,-1,9,44,13,58,4,14
"30TXN4",17,115,25,127,8,12,4,18,6,25,2,7
"30TXP1",4,93,11,105,7,12,5,25,7,36,2,11
"30TXP2",12,112,19,129,7,17,7,38,8,54,1,16
"30TXP3",4,93,9,107,5,14,4,29,8,42,4,13
"30TXP4",10,108,13,118,3,10,5,31,9,45,4,14
"30TXQ1",6,96,12,107,6,11,3,23,8,43,5,20
"30TXQ2",8,92,9,93,1,1,4,22,6,35,2,13
"30TXQ3",10,120,16,120,6,0,3,29,8,50,5,21
"30TXQ4",NA,NA,NA,NA,NA,NA,4,29,6,44,2,15
"30TXR1",11,118,15,124,4,6,4,33,6,35,2,2
"30TXR2",5,94,6,95,1,1,4,11,5,34,1,23
"30TXR3",12,124,18,138,6,14,6,48,10,48,4,0
"30TXR4",9,111,15,131,6,20,5,35,9,45,4,10
"30TXS1",11,119,11,112,0,-7,5,28,8,42,3,14
"30TXS2",17,132,16,137,-1,5,5,40,6,41,1,1
"30TXS3",5,115,13,119,8,4,6,22,9,41,3,19
"30TXS4",9,118,12,123,3,5,5,43,9,50,4,7
"30TXT1",11,116,11,112,0,-4,6,38,9,44,3,6
"30TXT2",13,125,17,139,4,14,7,41,9,44,2,3
"30TXT3",10,119,17,128,7,9,10,39,11,45,1,6
"30TXT4",8,111,15,124,7,13,8,31,8,45,0,14
"30TYK1",13,100,11,111,-2,11,5,23,6,29,1,6
"30TYL1",15,96,17,120,2,24,2,NA,3,16,1,NA
"30TYL2",NA,NA,NA,NA,NA,NA,4,10,4,15,0,5
"30TYM1",24,142,25,133,1,-9,5,14,5,20,0,6
"30TYM2",17,112,18,114,1,2,NA,7,5,11,NA,4
"30TYN1",18,121,24,118,6,-3,10,53,14,59,4,6
"30TYN2",21,118,25,126,4,8,10,38,8,38,-2,0
"30TYP1",NA,NA,NA,NA,NA,NA,6,38,8,44,2,6
"30TYP2",NA,NA,NA,NA,NA,NA,6,36,7,43,1,7
"30TYQ1",7,94,10,110,3,16,5,27,7,42,2,15
"30TYQ2",6,95,8,105,2,10,6,33,9,43,3,10
"30TYR1",8,115,7,125,-1,10,3,33,10,45,7,12
"30TYR2",6,105,7,109,1,4,5,39,9,45,4,6
"30TYS1",5,108,15,126,10,18,6,42,10,49,4,7
"30TYS2",NA,NA,NA,NA,NA,NA,7,31,10,52,3,21
"30TYT1",10,122,16,127,6,5,7,44,9,44,2,0
"30TYT2",10,124,17,137,7,13,8,47,9,50,1,3
"30UUA2",14,84,19,93,5,9,4,31,6,33,2,2
"30UUA3",16,97,15,97,-1,0,5,31,3,30,-2,-1
"30UUA4",NA,NA,NA,NA,NA,NA,1,4,NA,5,NA,1
"30UUB3",NA,NA,NA,NA,NA,NA,1,10,2,11,1,1
"30UUB4",14,88,13,85,-1,-3,5,28,3,31,-2,3
"30UUC3",12,79,17,86,5,7,3,30,5,32,2,2
"30UUC4",19,99,21,96,2,-3,3,34,5,32,2,-2
"30UUD1",NA,NA,NA,NA,NA,NA,1,1,NA,NA,NA,NA
"30UUD3",NA,NA,NA,NA,NA,NA,4,26,2,20,-2,-6
"30UUD4",NA,NA,NA,NA,NA,NA,NA,3,NA,NA,NA,NA
"30UUE1",NA,NA,NA,NA,NA,NA,1,NA,1,3,0,NA
"30UUF1",15,75,22,79,7,4,2,10,3,18,1,8
"30UUF2",16,72,15,78,-1,6,2,15,3,19,1,4
"30UUF3",NA,NA,NA,NA,NA,NA,4,18,2,28,-2,10
"30UUG1",17,76,17,67,0,-9,4,21,3,18,-1,-3
"30UUG2",NA,NA,NA,NA,NA,NA,4,22,2,12,-2,-10
"30UUG3",14,93,28,103,14,10,4,30,3,27,-1,-3
"30UUG4",27,100,24,90,-3,-10,4,27,3,25,-1,-2
"30UUU3",18,98,14,99,-4,1,3,25,6,37,3,12
"30UUU4",13,105,17,102,4,-3,3,29,4,28,1,-1
"30UVA1",18,104,21,101,3,-3,4,32,4,29,0,-3
"30UVB1",6,78,15,88,9,10,4,28,5,27,1,-1
"30UVB2",15,91,12,92,-3,1,4,33,5,33,1,0
"30UVB3",9,99,18,106,9,7,5,35,4,33,-1,-2
"30UVB4",9,104,21,104,12,0,5,33,5,35,0,2
"30UVC1",14,105,15,99,1,-6,5,32,4,32,-1,0
"30UVC2",13,102,21,110,8,8,5,36,4,36,-1,0
"30UVC3",10,96,14,109,4,13,5,32,5,34,0,2
"30UVC4",8,104,15,111,7,7,5,35,4,36,-1,1
"30UVD1",21,108,33,119,12,11,5,32,4,32,-1,0
"30UVD2",15,100,14,104,-1,4,4,32,6,34,2,2
"30UVD3",10,96,17,115,7,19,4,31,4,32,0,1
"30UVD4",10,99,12,107,2,8,5,32,5,30,0,-2
"30UVE4",9,95,19,112,10,17,4,33,4,33,0,0
"30UVF1",24,107,27,101,3,-6,4,26,4,31,0,5
"30UVF3",13,101,18,108,5,7,4,28,3,27,-1,-1
"30UVF4",28,120,26,106,-2,-14,5,26,4,28,-1,2
"30UVG1",9,90,16,103,7,13,5,29,4,30,-1,1
"30UVG2",7,85,10,98,3,13,4,26,4,25,0,-1
"30UVG3",23,102,14,104,-9,2,3,27,4,28,1,1
"30UVG4",15,99,11,103,-4,4,3,27,4,28,1,1
"30UVU1",12,105,18,106,6,1,6,35,7,42,1,7
"30UVU2",7,97,13,107,6,10,4,30,8,46,4,16
"30UVU3",8,101,10,98,2,-3,6,27,10,45,4,18
"30UVU4",3,88,7,93,4,5,5,34,8,41,3,7
"30UVV4",19,80,20,90,1,10,3,18,4,23,1,5
"30UWA1",NA,NA,NA,NA,NA,NA,1,10,NA,6,NA,-4
"30UWB1",NA,NA,NA,NA,NA,NA,5,36,6,36,1,0
"30UWB2",21,107,18,107,-3,0,5,33,5,36,0,3
"30UWB3",11,97,12,109,1,12,5,35,6,37,1,2
"30UWB4",17,110,31,113,14,3,5,36,5,39,0,3
"30UWC1",8,94,13,103,5,9,6,34,6,34,0,0
"30UWC2",11,103,22,117,11,14,5,35,6,37,1,2
"30UWC3",8,92,13,103,5,11,6,33,5,35,-1,2
"30UWC4",9,94,19,112,10,18,6,34,5,35,-1,1
"30UWD1",10,96,11,105,1,9,4,32,4,34,0,2
"30UWD2",9,102,16,108,7,6,5,35,6,34,1,-1
"30UWD3",12,109,20,117,8,8,5,34,6,35,1,1
"30UWD4",9,101,20,114,11,13,4,33,4,35,0,2
"30UWE1",12,106,25,125,13,19,3,30,3,32,0,2
"30UWE2",NA,NA,NA,NA,NA,NA,5,35,4,33,-1,-2
"30UWE3",9,100,18,115,9,15,5,32,2,32,-3,0
"30UWE4",12,100,20,113,8,13,6,32,4,33,-2,1
"30UWF1",8,103,13,107,5,4,4,30,4,28,0,-2
"30UWF2",11,102,21,118,10,16,4,29,4,30,0,1
"30UWF3",17,103,26,124,9,21,4,30,5,35,1,5
"30UWF4",NA,NA,NA,NA,NA,NA,4,28,5,26,1,-2
"30UWG1",19,100,29,113,10,13,4,25,4,27,0,2
"30UWG2",10,101,10,98,0,-3,4,22,3,27,-1,5
"30UWG4",22,102,31,116,9,14,3,27,3,26,0,-1
"30UWU1",15,104,18,103,3,-1,4,34,9,38,5,4
"30UWU2",5,92,7,95,2,3,3,24,8,40,5,16
"30UWU3",15,110,17,116,2,6,3,31,7,38,4,7
"30UWU4",6,96,11,113,5,17,4,36,8,41,4,5
"30UWV2",NA,NA,NA,NA,NA,NA,NA,NA,NA,4,NA,NA
"30UWV3",20,111,18,102,-2,-9,6,38,7,38,1,0
"30UXB1",NA,NA,NA,NA,NA,NA,5,30,6,33,1,3
"30UXB2",15,110,22,115,7,5,5,34,6,34,1,0
"30UXB3",12,90,16,109,4,19,6,34,8,38,2,4
"30UXB4",11,94,23,111,12,17,5,35,7,37,2,2
"30UXC1",9,92,12,99,3,7,4,30,4,34,0,4
"30UXC2",8,91,19,108,11,17,6,33,7,37,1,4
"30UXC3",NA,NA,NA,NA,NA,NA,5,33,4,33,-1,0
"30UXC4",11,101,18,113,7,12,5,37,6,34,1,-3
"30UXD1",9,104,17,114,8,10,2,32,6,34,4,2
"30UXD2",11,91,14,103,3,12,5,33,5,34,0,1
"30UXD3",6,90,14,103,8,13,2,27,3,27,1,0
"30UXD4",12,97,17,110,5,13,5,34,4,32,-1,-2
"30UXE1",10,96,18,117,8,21,4,30,3,30,-1,0
"30UXE2",14,107,17,119,3,12,6,31,4,32,-2,1
"30UXE3",26,113,22,110,-4,-3,3,28,2,23,-1,-5
"30UXE4",7,82,10,104,3,22,3,28,4,27,1,-1
"30UXF2",14,105,25,112,11,7,5,31,2,31,-3,0
"30UXU1",14,126,13,117,-1,-9,4,32,8,35,4,3
"30UXU2",8,111,9,108,1,-3,5,30,10,38,5,8
"30UXU3",8,109,14,113,6,4,5,34,8,40,3,6
"30UXU4",8,112,13,115,5,3,8,40,9,45,1,5
"30UXV1",13,120,21,123,8,3,5,32,7,37,2,5
"30UXV2",9,114,13,112,4,-2,5,39,7,38,2,-1
"30UXV3",15,119,15,124,0,5,3,29,6,34,3,5
"30UXV4",6,111,8,106,2,-5,6,39,8,39,2,0
"30UYU1",7,114,9,109,2,-5,6,41,8,42,2,1
"30UYU2",5,108,11,116,6,8,6,39,8,40,2,1
"30VUH1",23,86,20,88,-3,2,4,25,4,30,0,5
"30VUH2",25,93,18,80,-7,-13,4,24,3,26,-1,2
"30VUH3",20,90,21,88,1,-2,4,25,4,25,0,0
"30VUH4",NA,NA,NA,NA,NA,NA,4,26,4,25,0,-1
"30VUJ1",23,65,28,84,5,19,4,23,4,18,0,-5
"30VUJ2",NA,NA,NA,NA,NA,NA,3,21,2,19,-1,-2
"30VUJ3",17,87,18,92,1,5,4,23,4,22,0,-1
"30VUJ4",17,93,19,86,2,-7,4,22,4,22,0,0
"30VUK3",25,66,35,84,10,18,4,22,3,17,-1,-5
"30VUK4",25,69,28,89,3,20,4,22,4,18,0,-4
"30VUL4",NA,NA,NA,NA,NA,NA,1,3,NA,NA,NA,NA
"30VVH1",17,100,16,107,-1,7,4,26,4,23,0,-3
"30VVH2",16,100,22,110,6,10,4,27,4,28,0,1
"30VVH3",17,97,21,115,4,18,4,28,4,29,0,1
"30VVH4",NA,NA,NA,NA,NA,NA,4,30,4,31,0,1
"30VVJ1",25,106,31,108,6,2,4,26,4,27,0,1
"30VVJ2",19,104,19,108,0,4,5,23,5,27,0,4
"30VVJ3",20,98,23,113,3,15,4,25,4,26,0,1
"30VVJ4",13,92,21,113,8,21,5,27,5,26,0,-1
"30VVK1",31,82,28,87,-3,5,4,19,4,16,0,-3
"30VVK2",22,83,24,104,2,21,4,26,4,25,0,-1
"30VVK3",25,80,34,96,9,16,4,24,2,18,-2,-6
"30VVK4",26,75,21,67,-5,-8,2,20,2,13,0,-7
"30VVL4",27,72,27,69,0,-3,2,15,2,13,0,-2
"30VWH1",NA,NA,NA,NA,NA,NA,4,27,4,29,0,2
"30VWH2",NA,NA,NA,NA,NA,NA,4,26,4,29,0,3
"30VWJ1",NA,NA,NA,NA,NA,NA,4,25,7,33,3,8
"30VWJ2",NA,NA,NA,NA,NA,NA,4,30,4,29,0,-1
"30VWJ3",NA,NA,NA,NA,NA,NA,3,22,4,21,1,-1
"31SBC3",NA,NA,NA,NA,NA,NA,NA,5,1,17,NA,12
"31SBD4",NA,NA,NA,NA,NA,NA,2,7,2,18,0,11
"31SBE4",NA,NA,NA,NA,NA,NA,4,10,6,17,2,7
"31TBE3",17,111,20,124,3,13,3,21,4,31,1,10
"31TBF3",15,114,19,127,4,13,1,1,4,24,3,23
"31TBF4",16,110,19,124,3,14,2,15,6,34,4,19
"31TBG3",20,116,16,128,-4,12,5,13,4,19,-1,6
"31TBG4",17,122,24,136,7,14,NA,7,3,19,NA,12
"31TBH3",18,107,24,122,6,15,9,37,13,55,4,18
"31TBH4",20,112,20,112,0,0,7,35,12,45,5,10
"31TBJ3",6,92,8,102,2,10,6,36,8,46,2,10
"31TBJ4",5,84,7,102,2,18,5,34,8,40,3,6
"31TBK3",6,98,10,103,4,5,9,42,9,40,0,-2
"31TBK4",7,86,9,105,2,19,5,44,7,47,2,3
"31TBL3",11,119,13,122,2,3,5,39,10,49,5,10
"31TBL4",6,101,11,108,5,7,6,32,10,44,4,12
"31TCF1",14,111,15,121,1,10,NA,8,4,28,NA,20
"31TCF2",22,120,23,128,1,8,1,9,4,19,3,10
"31TCF3",13,99,11,113,-2,14,3,22,4,30,1,8
"31TCG1",21,120,20,122,-1,2,2,9,8,33,6,24
"31TCG2",16,116,17,138,1,22,4,15,4,28,0,13
"31TCG3",21,110,19,121,-2,11,4,18,9,43,5,25
"31TCG4",12,109,11,116,-1,7,3,23,4,34,1,11
"31TCH1",18,112,19,122,1,10,9,45,11,53,2,8
"31TCH2",18,114,19,106,1,-8,8,28,12,47,4,19
"31TCH3",19,114,15,127,-4,13,7,46,12,58,5,12
"31TCH4",17,107,19,110,2,3,8,48,11,51,3,3
"31TCJ1",8,102,12,107,4,5,7,42,8,43,1,1
"31TCJ2",7,92,9,106,2,14,3,30,7,46,4,16
"31TCJ3",9,111,16,113,7,2,7,50,8,55,1,5
"31TCJ4",8,100,16,115,8,15,7,44,11,59,4,15
"31TCK1",8,102,12,113,4,11,7,45,8,51,1,6
"31TCK2",7,89,10,106,3,17,4,35,9,48,5,13
"31TCK3",9,113,12,109,3,-4,8,51,10,53,2,2
"31TCK4",8,99,8,105,0,6,6,41,9,52,3,11
"31TCL1",9,117,12,114,3,-3,5,37,10,51,5,14
"31TCL2",6,98,9,104,3,6,8,48,9,45,1,-3
"31TCL3",9,110,12,115,3,5,7,41,10,55,3,14
"31TCL4",12,103,15,113,3,10,8,42,9,51,1,9
"31TCM1",9,118,15,129,6,11,8,48,10,51,2,3
"31TCM2",7,112,19,131,12,19,2,38,10,51,8,13
"31TCM3",15,132,19,135,4,3,7,51,9,51,2,0
"31TCM4",13,112,13,115,0,3,6,42,10,55,4,13
"31TCN1",10,120,12,122,2,2,6,43,9,49,3,6
"31TCN2",9,112,13,126,4,14,5,41,10,50,5,9
"31TCN3",12,121,16,131,4,10,6,46,9,48,3,2
"31TCN4",10,122,17,127,7,5,6,41,10,46,4,5
"31TDF1",13,116,17,126,4,10,2,25,2,31,0,6
"31TDF3",NA,NA,NA,NA,NA,NA,NA,2,NA,8,NA,6
"31TDG1",21,120,20,128,-1,8,8,42,10,48,2,6
"31TDG2",9,113,12,117,3,4,4,24,8,37,4,13
"31TDG3",20,126,15,129,-5,3,8,27,9,47,1,20
"31TDG4",14,115,16,114,2,-1,2,19,4,37,2,18
"31TDH1",15,109,14,122,-1,13,7,48,12,52,5,4
"31TDH2",16,114,18,123,2,9,13,58,13,57,0,-1
"31TDH3",17,122,19,144,2,22,11,48,13,52,2,4
"31TDH4",26,141,24,149,-2,8,12,46,10,54,-2,8
"31TDJ1",12,107,12,115,0,8,8,47,9,50,1,3
"31TDJ2",14,107,16,117,2,10,7,48,9,51,2,3
"31TDJ3",9,111,12,118,3,7,6,34,8,49,2,15
"31TDJ4",11,112,10,114,-1,2,10,55,11,53,1,-2
"31TDK1",8,100,13,107,5,7,8,45,9,53,1,8
"31TDK2",8,105,11,117,3,12,7,43,9,48,2,5
"31TDK3",11,107,15,120,4,13,7,45,11,54,4,9
"31TDK4",6,111,14,114,8,3,5,39,10,53,5,14
"31TDL1",11,113,13,111,2,-2,7,37,10,50,3,13
"31TDL2",12,105,14,112,2,7,8,43,11,55,3,12
"31TDL3",12,108,16,119,4,11,7,42,10,53,3,11
"31TDL4",13,102,16,123,3,21,8,45,10,53,2,8
"31TDM1",11,118,16,125,5,7,6,48,9,44,3,-4
"31TDM2",14,123,17,127,3,4,8,35,10,51,2,16
"31TDM3",11,117,17,124,6,7,8,46,9,45,1,-1
"31TDM4",13,123,15,118,2,-5,7,42,7,48,0,6
"31TDN1",13,128,15,130,2,2,5,47,7,47,2,0
"31TDN2",8,116,14,127,6,11,8,45,10,53,2,8
"31TDN3",11,127,16,129,5,2,5,45,7,43,2,-2
"31TDN4",8,113,18,128,10,15,8,45,7,48,-1,3
"31TEG1",17,127,18,126,1,-1,2,31,4,40,2,9
"31TEG2",NA,NA,NA,NA,NA,NA,1,1,2,17,1,16
"31TEH1",21,112,17,136,-4,24,4,36,9,44,5,8
"31TEH2",NA,NA,NA,NA,NA,NA,6,42,5,40,-1,-2
"31TEJ1",19,127,16,120,-3,-7,12,49,11,57,-1,8
"31TEJ2",17,132,21,133,4,1,9,45,8,51,-1,6
"31TEJ3",15,125,13,118,-2,-7,9,45,10,50,1,5
"31TEJ4",21,128,20,137,-1,9,6,42,10,52,4,10
"31TEK1",16,115,13,125,-3,10,6,42,8,51,2,9
"31TEK2",13,124,21,130,8,6,9,50,8,56,-1,6
"31TEK3",15,118,19,129,4,11,6,43,9,56,3,13
"31TEK4",14,117,16,118,2,1,10,55,11,57,1,2
"31TEL1",15,120,17,129,2,9,7,45,11,52,4,7
"31TEL2",13,121,18,125,5,4,7,48,10,54,3,6
"31TEL3",20,128,27,143,7,15,7,43,10,54,3,11
"31TEL4",14,115,22,135,8,20,6,35,8,45,2,10
"31TEM1",12,122,15,126,3,4,9,52,9,48,0,-4
"31TEM2",12,123,14,121,2,-2,8,50,9,44,1,-6
"31TEM3",14,119,14,122,0,3,8,48,8,42,0,-6
"31TEM4",9,108,19,129,10,21,6,44,7,45,1,1
"31TEN1",11,123,13,118,2,-5,9,48,8,47,-1,-1
"31TEN2",12,117,16,128,4,11,8,48,9,46,1,-2
"31TEN3",8,111,14,119,6,8,9,48,7,43,-2,-5
"31TEN4",10,113,10,115,0,2,9,52,9,48,0,-4
"31TFH1",NA,NA,NA,NA,NA,NA,NA,NA,NA,1,NA,NA
"31TFJ1",16,116,14,116,-2,0,7,50,9,49,2,-1
"31TFJ2",21,131,22,142,1,11,8,46,5,48,-3,2
"31TFJ3",22,129,17,127,-5,-2,8,52,6,49,-2,-3
"31TFJ4",20,116,23,138,3,22,8,47,9,52,1,5
"31TFK1",17,120,20,123,3,3,10,46,11,56,1,10
"31TFK2",16,121,17,123,1,2,8,50,12,53,4,3
"31TFK3",22,126,25,136,3,10,9,55,13,61,4,6
"31TFK4",18,119,19,123,1,4,8,48,9,53,1,5
"31TFL1",12,127,25,134,13,7,7,50,11,55,4,5
"31TFL2",14,112,16,128,2,16,6,49,9,55,3,6
"31TFL3",19,142,28,150,9,8,9,56,11,59,2,3
"31TFL4",17,121,19,134,2,13,4,47,8,58,4,11
"31TFM1",11,126,21,134,10,8,9,51,8,49,-1,-2
"31TFM2",14,111,18,137,4,26,9,52,9,47,0,-5
"31TFM3",18,127,21,130,3,3,9,51,9,57,0,6
"31TFM4",20,127,27,145,7,18,6,53,9,54,3,1
"31TFN1",11,110,11,109,0,-1,9,49,10,54,1,5
"31TFN2",11,115,15,122,4,7,10,51,10,51,0,0
"31TFN3",11,113,18,118,7,5,9,47,6,55,-3,8
"31TFN4",11,118,22,134,11,16,9,49,6,52,-3,3
"31TGH1",15,98,12,105,-3,7,7,39,7,40,0,1
"31TGJ1",22,131,20,125,-2,-6,7,49,9,48,2,-1
"31TGJ2",18,124,18,123,0,-1,9,43,9,54,0,11
"31TGK1",21,121,23,125,2,4,11,55,10,60,-1,5
"31TGK2",18,122,21,128,3,6,9,50,10,55,1,5
"31TGL1",21,131,26,132,5,1,8,45,14,60,6,15
"31TGL2",21,127,25,124,4,-3,5,45,14,56,9,11
"31TGM1",20,126,26,134,6,8,9,61,11,62,2,1
"31TGM2",23,118,31,132,8,14,11,62,12,65,1,3
"31TGN1",10,120,18,126,8,6,7,47,8,55,1,8
"31TGN2",15,116,23,131,8,15,9,57,9,55,0,-2
"31UCP1",8,113,11,107,3,-6,7,38,8,43,1,5
"31UCP2",7,112,10,119,3,7,8,41,8,40,0,-1
"31UCP3",11,108,13,108,2,0,1,30,6,43,5,13
"31UCP4",9,106,12,114,3,8,6,40,5,47,-1,7
"31UCQ1",20,127,16,132,-4,5,7,44,7,40,0,-4
"31UCQ2",7,106,7,109,0,3,6,40,6,34,0,-6
"31UCQ3",12,114,15,125,3,11,7,40,5,35,-2,-5
"31UCQ4",7,104,11,109,4,5,4,40,5,42,1,2
"31UCR2",9,91,12,98,3,7,3,33,2,32,-1,-1
"31UCR4",13,116,13,111,0,-5,6,41,8,52,2,11
"31UCS1",16,112,20,114,4,2,5,38,5,36,0,-2
"31UCS2",18,113,17,110,-1,-3,5,29,4,34,-1,5
"31UCS3",21,110,19,114,-2,4,4,31,3,33,-1,2
"31UCS4",NA,NA,NA,NA,NA,NA,2,22,1,28,-1,6
"31UCT1",18,108,18,116,0,8,4,35,5,31,1,-4
"31UCT2",16,105,23,110,7,5,5,33,4,34,-1,1
"31UCT3",21,120,20,123,-1,3,5,34,4,32,-1,-2
"31UCT4",6,89,13,98,7,9,4,24,4,31,0,7
"31UCU1",NA,NA,NA,NA,NA,NA,3,29,3,27,0,-2
"31UCU2",22,119,24,128,2,9,3,33,3,32,0,-1
"31UCU3",19,113,19,117,0,4,4,32,3,27,-1,-5
"31UCU4",22,122,17,116,-5,-6,5,33,3,31,-2,-2
"31UCV2",NA,NA,NA,NA,NA,NA,2,22,2,19,0,-3
"31UDP1",7,110,17,124,10,14,4,43,7,48,3,5
"31UDP2",8,115,12,126,4,11,2,27,7,43,5,16
"31UDP3",11,117,19,130,8,13,6,45,8,52,2,7
"31UDP4",9,117,16,120,7,3,5,30,7,46,2,16
"31UDQ1",7,105,10,108,3,3,5,40,7,48,2,8
"31UDQ2",NA,NA,NA,NA,NA,NA,8,47,8,51,0,4
"31UDQ3",9,122,18,123,9,1,5,39,9,53,4,14
"31UDQ4",NA,NA,NA,NA,NA,NA,6,45,9,55,3,10
"31UDR1",18,140,23,138,5,-2,5,45,7,46,2,1
"31UDR2",11,118,10,114,-1,-4,6,44,7,48,1,4
"31UDR3",10,106,12,111,2,5,2,43,4,45,2,2
"31UDR4",10,112,13,124,3,12,4,40,7,49,3,9
"31UDS2",16,127,19,131,3,4,4,44,6,50,2,6
"31UDS3",NA,NA,NA,NA,NA,NA,3,27,3,25,0,-2
"31UDS4",10,118,18,134,8,16,3,43,2,43,-1,0
"31UDU1",NA,NA,NA,NA,NA,NA,NA,3,1,5,NA,2
"31UDU2",16,98,17,106,1,8,4,32,3,29,-1,-3
"31UEP1",8,113,17,129,9,16,8,43,7,44,-1,1
"31UEP2",12,128,18,122,6,-6,7,40,8,43,1,3
"31UEP3",8,116,15,121,7,5,4,36,7,45,3,9
"31UEP4",10,114,17,126,7,12,7,45,7,49,0,4
"31UEQ1",12,127,17,129,5,2,4,46,8,50,4,4
"31UEQ2",7,99,12,116,5,17,6,38,7,50,1,12
"31UEQ3",10,128,17,122,7,-6,7,47,8,47,1,0
"31UEQ4",9,123,16,119,7,-4,8,45,8,47,0,2
"31UER1",11,120,16,128,5,8,5,40,5,45,0,5
"31UER2",10,110,14,120,4,10,6,31,5,49,-1,18
"31UER3",10,109,18,122,8,13,4,44,5,39,1,-5
"31UER4",12,115,18,127,6,12,4,43,7,52,3,9
"31UES1",15,123,24,140,9,17,2,26,2,36,0,10
"31UES2",8,106,18,123,10,17,2,33,3,30,1,-3
"31UES3",17,124,29,143,12,19,3,39,5,42,2,3
"31UES4",NA,NA,NA,NA,NA,NA,3,38,4,29,1,-9
"31UET2",NA,NA,NA,NA,NA,NA,NA,15,1,33,NA,18
"31UET3",16,117,19,129,3,12,1,26,4,43,3,17
"31UET4",18,125,33,142,15,17,1,23,4,39,3,16
"31UFP1",14,124,19,137,5,13,8,46,6,46,-2,0
"31UFP2",9,110,16,119,7,9,9,48,7,48,-2,0
"31UFP3",12,115,15,116,3,1,7,47,7,52,0,5
"31UFP4",5,102,11,110,6,8,8,43,10,52,2,9
"31UFQ1",15,128,22,129,7,1,7,46,6,52,-1,6
"31UFQ2",14,125,22,135,8,10,5,42,6,47,1,5
"31UFQ3",13,127,19,130,6,3,5,51,9,52,4,1
"31UFQ4",14,123,19,134,5,11,5,48,7,50,2,2
"31UFR1",8,100,16,115,8,15,5,47,4,29,-1,-18
"31UFR2",14,122,18,123,4,1,6,47,9,46,3,-1
"31UFR3",10,104,14,110,4,6,6,49,4,36,-2,-13
"31UFR4",11,112,17,116,6,4,6,51,8,47,2,-4
"31UFS1",10,115,21,133,11,18,3,39,3,35,0,-4
"31UFS2",NA,NA,NA,NA,NA,NA,5,44,4,27,-1,-17
"31UFS3",14,128,24,145,10,17,2,41,5,47,3,6
"31UFS4",12,123,24,138,12,15,5,46,6,50,1,4
"31UFT1",17,125,28,145,11,20,3,37,4,42,1,5
"31UFT2",19,132,27,145,8,13,4,28,5,43,1,15
"31UFT3",17,132,27,150,10,18,3,34,3,46,0,12
"31UFT4",14,130,24,148,10,18,2,27,5,44,3,17
"31UFU1",17,116,21,129,4,13,2,9,3,36,1,27
"31UFU2",16,126,25,136,9,10,2,16,4,40,2,24
"31UFU3",18,120,24,142,6,22,2,15,3,37,1,22
"31UFU4",23,140,29,152,6,12,3,27,3,38,0,11
"31UFV4",16,113,26,133,10,20,2,9,3,31,1,22
"31UGP1",14,117,16,121,2,4,6,48,5,42,-1,-6
"31UGP2",9,112,17,117,8,5,6,41,6,47,0,6
"31VFE3",32,115,22,108,-10,-7,4,12,5,23,1,11
"31VFF1",32,114,27,106,-5,-8,3,10,5,19,2,9
"31VFF2",22,69,19,79,-3,10,2,6,3,15,1,9
"31VFF3",30,112,28,109,-2,-3,3,14,7,24,4,10
"31VFF4",38,125,38,128,0,3,6,21,7,26,1,5
"31VFG1",29,99,26,109,-3,10,7,19,7,23,0,4
"31VFG2",28,108,29,107,1,-1,4,14,7,20,3,6
"31VFH1",28,97,30,98,2,1,4,10,7,13,3,3
"31VFH2",28,96,28,110,0,14,6,21,8,21,2,0
"31VFJ1",38,106,26,92,-12,-14,5,17,6,17,1,0
"31VFJ2",32,100,26,103,-6,3,5,16,7,17,2,1
"31VFK2",36,110,27,90,-9,-20,3,14,5,16,2,2
"32TKN3",14,100,18,113,4,13,8,41,6,39,-2,-2
"32TKP3",19,128,23,129,4,1,8,53,13,52,5,-1
"32TKP4",13,120,12,118,-1,-2,6,47,11,52,5,5
"32TKQ3",18,112,18,108,0,-4,11,58,13,57,2,-1
"32TKQ4",20,116,21,126,1,10,13,56,12,60,-1,4
"32TKR3",21,117,26,121,5,4,9,44,10,53,1,9
"32TKR4",19,99,22,125,3,26,7,35,11,51,4,16
"32TLN1",NA,NA,NA,NA,NA,NA,1,7,NA,25,NA,18
"32TLP1",20,108,18,114,-2,6,11,54,14,52,3,-2
"32TLP2",16,117,16,123,0,6,7,49,11,47,4,-2
"32TLP3",19,109,19,109,0,0,10,52,14,53,4,1
"32TLP4",12,82,13,105,1,23,3,27,4,36,1,9
"32TLQ1",17,110,20,107,3,-3,8,51,9,50,1,-1
"32TLQ2",18,106,18,105,0,-1,8,51,11,43,3,-8
"32TLQ3",21,124,26,122,5,-2,1,3,7,38,6,35
"32TLQ4",18,106,23,120,5,14,1,NA,7,28,6,NA
"32TLR1",22,109,23,115,1,6,10,49,11,51,1,2
"32TLR2",19,98,21,107,2,9,9,50,12,53,3,3
"32TLR3",22,101,21,105,-1,4,9,35,7,30,-2,-5
"32TLR4",20,122,19,108,-1,-14,2,10,8,29,6,19
"32TLS1",30,134,32,139,2,5,10,56,9,59,-1,3
"32TLS2",29,128,31,133,2,5,12,65,11,64,-1,-1
"32TLS3",24,122,28,126,4,4,12,52,11,52,-1,0
"32TLS4",24,122,22,124,-2,2,12,59,12,55,0,-4
"32TLT1",21,123,21,123,0,0,8,53,8,54,0,1
"32TLT2",23,123,24,116,1,-7,8,59,9,58,1,-1
"32TLT3",23,124,25,138,2,14,7,55,6,52,-1,-3
"32TLT4",24,123,31,132,7,9,7,57,8,52,1,-5
"32TMP1",15,106,13,109,-2,3,1,3,3,29,2,26
"32TMP3",NA,NA,NA,NA,NA,NA,NA,NA,NA,6,NA,NA
"32TMQ1",8,104,11,104,3,0,1,4,1,28,0,24
"32TMQ2",13,105,9,100,-4,-5,NA,1,4,33,NA,32
"32TMQ3",12,112,12,115,0,3,NA,1,2,27,NA,26
"32TMQ4",8,100,10,98,2,-2,1,7,1,34,0,27
"32TMR1",18,109,22,98,4,-11,7,17,8,28,1,11
"32TMR2",19,129,21,131,2,2,1,2,2,27,1,25
"32TMR3",16,121,23,129,7,8,7,46,8,43,1,-3
"32TMR4",9,110,14,115,5,5,NA,NA,1,20,NA,NA
"32TMS1",23,102,26,117,3,15,11,50,11,50,0,0
"32TMS2",20,110,22,111,2,1,10,52,11,49,1,-3
"32TMS3",21,98,24,109,3,11,10,52,11,48,1,-4
"32TMS4",21,112,25,125,4,13,11,56,10,50,-1,-6
"32TMT1",21,116,28,121,7,5,7,47,5,49,-2,2
"32TMT2",25,116,28,125,3,9,8,52,9,49,1,-3
"32TMT3",17,115,23,125,6,10,7,49,7,49,0,0
"32TMT4",29,126,34,133,5,7,9,54,8,50,-1,-4
"32TNP1",NA,NA,NA,NA,NA,NA,NA,NA,NA,5,NA,NA
"32TNP3",9,93,17,111,8,18,NA,2,NA,25,NA,23
"32TNQ1",12,125,19,131,7,6,NA,1,2,24,NA,23
"32TNQ2",10,104,10,101,0,-3,NA,4,3,27,NA,23
"32TNQ3",9,101,15,122,6,21,NA,NA,2,20,NA,NA
"32TNQ4",6,101,10,101,4,0,NA,2,2,16,NA,14
"32TNR1",25,124,26,127,1,3,6,43,5,32,-1,-11
"32TNR2",9,105,14,110,5,5,NA,NA,NA,21,NA,NA
"32TNR3",23,118,27,123,4,5,NA,1,4,25,NA,24
"32TNR4",12,105,15,105,3,0,NA,NA,1,23,NA,NA
"32TNS1",20,101,22,112,2,11,11,49,11,55,0,6
"32TNS2",23,114,23,121,0,7,11,57,7,47,-4,-10
"32TNS3",19,90,20,103,1,13,10,42,10,45,0,3
"32TNS4",21,97,21,119,0,22,9,44,10,39,1,-5
"32TNT1",18,123,24,134,6,11,4,48,5,48,1,0
"32TNT2",22,114,28,123,6,9,11,55,10,55,-1,0
"32TNT3",25,122,27,130,2,8,7,16,5,43,-2,27
"32TNT4",21,104,25,108,4,4,4,21,6,39,2,18
"32TPM3",NA,NA,NA,NA,NA,NA,NA,2,NA,8,NA,6
"32TPN1",10,89,8,95,-2,6,NA,NA,1,17,NA,NA
"32TPN2",NA,NA,NA,NA,NA,NA,NA,NA,1,11,NA,NA
"32TPN3",7,87,6,93,-1,6,NA,3,3,22,NA,19
"32TPN4",8,102,10,105,2,3,1,3,3,26,2,23
"32TPP1",14,108,21,132,7,24,NA,2,2,34,NA,32
"32TPP2",11,99,11,113,0,14,1,6,1,22,0,16
"32TPP3",11,98,15,112,4,14,NA,3,3,27,NA,24
"32TPP4",11,93,9,94,-2,1,NA,15,1,17,NA,2
"32TPQ1",10,108,14,110,4,2,NA,NA,3,26,NA,NA
"32TPQ2",10,105,19,115,9,10,NA,NA,1,16,NA,NA
"32TPQ3",9,92,14,102,5,10,NA,NA,NA,16,NA,NA
"32TPQ4",14,118,17,121,3,3,NA,5,1,22,NA,17
"32TPR1",21,107,22,113,1,6,2,8,5,32,3,24
"32TPR2",14,115,18,117,4,2,NA,1,2,29,NA,28
"32TPR3",20,109,19,118,-1,9,1,10,3,35,2,25
"32TPR4",10,99,12,105,2,6,NA,NA,NA,22,NA,NA
"32TPS1",21,102,21,114,0,12,8,36,9,37,1,1
"32TPS2",NA,NA,NA,NA,NA,NA,2,13,5,25,3,12
"32TPS3",22,98,24,111,2,13,NA,6,3,31,NA,25
"32TPS4",21,102,22,118,1,16,3,4,6,40,3,36
"32TPT1",24,112,27,119,3,7,4,24,6,33,2,9
"32TPT2",14,83,21,101,7,18,1,10,5,22,4,12
"32TPT3",21,121,25,124,4,3,3,9,8,32,5,23
"32TPT4",21,91,23,110,2,19,2,2,6,32,4,30
"32TQM1",6,88,10,107,4,19,NA,NA,1,13,NA,NA
"32TQN1",9,98,13,101,4,3,NA,2,2,14,NA,12
"32TQN2",8,90,11,105,3,15,NA,2,3,20,NA,18
"32TQP1",10,92,8,99,-2,7,NA,NA,2,23,NA,NA
"32TQP2",11,99,15,108,4,9,NA,1,2,20,NA,19
"32TQQ1",6,78,12,90,6,12,NA,NA,NA,18,NA,NA
"32TQQ2",15,115,14,115,-1,0,NA,NA,2,15,NA,NA
"32TQR1",24,117,20,114,-4,-3,NA,NA,NA,24,NA,NA
"32TQR2",7,79,5,91,-2,12,NA,NA,1,19,NA,NA
"32TQS1",22,103,23,104,1,1,6,20,5,29,-1,9
"32TQS2",24,113,25,112,1,-1,1,2,6,29,5,27
"32TQT1",21,100,27,123,6,23,5,11,8,29,3,18
"32TQT2",20,91,19,90,-1,-1,7,34,8,33,1,-1
"32ULA1",10,107,17,112,7,5,3,40,6,43,3,3
"32ULA2",8,111,15,107,7,-4,6,49,7,47,1,-2
"32ULA3",9,111,17,113,8,2,NA,2,4,50,NA,48
"32ULA4",9,103,13,107,4,4,2,6,4,43,2,37
"32ULB1",9,119,20,135,11,16,3,32,5,47,2,15
"32ULB2",9,119,21,131,12,12,3,35,4,50,1,15
"32ULB3",9,101,18,117,9,16,3,27,3,49,0,22
"32ULB4",8,110,16,126,8,16,2,9,8,52,6,43
"32ULC1",18,128,28,148,10,20,3,32,4,43,1,11
"32ULC2",12,119,19,139,7,20,1,13,5,44,4,31
"32ULC3",7,117,17,127,10,10,NA,11,6,46,NA,35
"32ULC4",6,107,16,122,10,15,NA,2,5,49,NA,47
"32ULD1",18,127,27,152,9,25,3,18,3,43,0,25
"32ULD2",15,130,27,153,12,23,2,26,4,45,2,19
"32ULD3",14,128,25,136,11,8,1,6,3,37,2,31
"32ULD4",10,125,20,129,10,4,NA,7,4,45,NA,38
"32ULE2",16,118,27,145,11,27,1,10,3,33,2,23
"32ULE4",16,120,23,137,7,17,NA,2,3,33,NA,31
"32ULU1",15,122,19,131,4,9,5,41,6,42,1,1
"32ULU2",13,113,16,113,3,0,6,41,8,50,2,9
"32ULU3",16,125,18,121,2,-4,5,41,9,50,4,9
"32ULU4",18,132,24,135,6,3,6,47,8,55,2,8
"32ULV1",13,124,21,125,8,1,8,51,7,49,-1,-2
"32ULV2",14,125,18,136,4,11,5,49,7,49,2,0
"32ULV3",8,110,12,109,4,-1,2,12,3,42,1,30
"32ULV4",11,123,15,124,4,1,5,46,6,40,1,-6
"32UMA1",11,115,14,113,3,-2,NA,7,4,50,NA,43
"32UMA2",11,118,19,123,8,5,2,18,5,48,3,30
"32UMA3",13,122,23,135,10,13,NA,15,7,52,NA,37
"32UMA4",12,120,22,134,10,14,1,9,7,50,6,41
"32UMB1",9,103,16,108,7,5,1,18,2,39,1,21
"32UMB2",8,102,17,114,9,12,3,14,3,42,0,28
"32UMB3",8,100,16,114,8,14,NA,4,4,39,NA,35
"32UMB4",10,107,20,120,10,13,2,14,7,45,5,31
"32UMC1",8,118,16,129,8,11,NA,1,4,47,NA,46
"32UMC2",10,110,22,120,12,10,1,16,4,47,3,31
"32UMC3",12,121,20,125,8,4,1,5,5,46,4,41
"32UMC4",10,119,21,120,11,1,NA,6,4,37,NA,31
"32UMD1",10,124,19,132,9,8,NA,1,2,40,NA,39
"32UMD2",8,118,21,134,13,16,1,4,4,42,3,38
"32UMD3",12,125,22,131,10,6,NA,10,3,34,NA,24
"32UMD4",10,124,19,133,9,9,NA,NA,4,30,NA,NA
"32UME1",NA,NA,NA,NA,NA,NA,NA,2,1,16,NA,14
"32UME2",12,125,21,131,9,6,NA,1,4,35,NA,34
"32UME3",16,119,22,138,6,19,NA,NA,4,30,NA,NA
"32UME4",16,132,23,135,7,3,1,2,5,31,4,29
"32UMF3",21,129,26,145,5,16,2,18,3,35,1,17
"32UMF4",NA,NA,NA,NA,NA,NA,NA,NA,2,17,NA,NA
"32UMG1",11,88,16,106,5,18,NA,18,3,23,NA,5
"32UMG3",19,120,28,133,9,13,4,24,4,34,0,10
"32UMG4",23,128,23,134,0,6,4,27,4,35,0,8
"32UMU1",18,130,28,129,10,-1,2,32,9,48,7,16
"32UMU2",14,112,22,121,8,9,NA,7,4,48,NA,41
"32UMU3",13,96,20,114,7,18,1,7,3,33,2,26
"32UMU4",15,105,16,111,1,6,NA,1,3,32,NA,31
"32UMV1",9,105,15,116,6,11,2,9,5,51,3,42
"32UMV2",13,124,21,131,8,7,5,33,8,50,3,17
"32UMV3",15,124,23,137,8,13,3,14,6,46,3,32
"32UMV4",11,109,19,125,8,16,NA,NA,3,42,NA,NA
"32UNA1",12,114,15,115,3,1,4,15,7,39,3,24
"32UNA2",14,118,17,113,3,-5,3,10,5,32,2,22
"32UNA3",10,113,18,119,8,6,3,23,7,35,4,12
"32UNA4",14,124,18,127,4,3,4,30,6,44,2,14
"32UNB1",9,101,22,118,13,17,NA,4,7,43,NA,39
"32UNB2",7,94,14,109,7,15,NA,3,5,42,NA,39
"32UNB3",13,115,21,121,8,6,1,8,7,41,6,33
"32UNB4",15,118,21,123,6,5,NA,NA,5,33,NA,NA
"32UNC1",10,111,18,121,8,10,2,7,6,48,4,41
"32UNC2",10,113,17,115,7,2,1,5,6,45,5,40
"32UNC3",15,128,25,125,10,-3,1,19,8,50,7,31
"32UNC4",15,116,21,123,6,7,NA,4,7,46,NA,42
"32UND1",12,122,18,129,6,7,NA,2,4,29,NA,27
"32UND2",15,128,23,138,8,10,3,8,4,38,1,30
"32UND3",13,119,18,131,5,12,1,4,4,42,3,38
"32UND4",17,122,25,136,8,14,1,21,3,46,2,25
"32UNE1",19,126,24,135,5,9,NA,NA,6,30,NA,NA
"32UNE2",17,131,23,138,6,7,NA,NA,3,30,NA,NA
"32UNE3",19,123,20,132,1,9,3,22,6,36,3,14
"32UNE4",22,136,24,139,2,3,2,25,4,45,2,20
"32UNF1",19,124,19,132,0,8,2,19,5,40,3,21
"32UNF2",14,115,26,137,12,22,1,7,3,35,2,28
"32UNF3",24,116,22,133,-2,17,2,20,4,31,2,11
"32UNF4",19,126,27,136,8,10,1,11,4,39,3,28
"32UNG1",14,114,21,125,7,11,5,26,5,37,0,11
"32UNG2",15,113,22,130,7,17,4,25,4,35,0,10
"32UNG3",19,111,26,123,7,12,3,28,3,34,0,6
"32UNG4",NA,NA,24,126,NA,NA,NA,NA,NA,NA,NA,NA
"32UNU1",10,101,17,115,7,14,1,8,5,33,4,25
"32UNU2",14,108,21,124,7,16,NA,3,2,34,NA,31
"32UNU3",15,114,21,130,6,16,2,10,4,33,2,23
"32UNU4",12,110,20,123,8,13,2,6,4,32,2,26
"32UNV1",7,98,14,108,7,10,2,5,3,26,1,21
"32UNV2",5,101,19,113,14,12,NA,9,6,40,NA,31
"32UNV3",7,113,12,113,5,0,2,5,6,25,4,20
"32UNV4",10,106,18,112,8,6,3,15,3,35,0,20
"32UPA1",14,119,22,127,8,8,2,8,5,33,3,25
"32UPA2",13,126,22,135,9,9,3,10,6,30,3,20
"32UPA3",14,112,18,113,4,1,2,8,6,36,4,28
"32UPA4",14,120,23,122,9,2,2,17,6,36,4,19
"32UPB1",12,117,22,128,10,11,NA,5,6,34,NA,29
"32UPB2",15,120,22,120,7,0,NA,NA,3,24,NA,NA
"32UPB3",9,120,24,136,15,16,1,10,4,26,3,16
"32UPB4",13,115,22,122,9,7,2,5,6,48,4,43
"32UPC1",15,123,22,126,7,3,2,17,5,44,3,27
"32UPC2",18,119,23,130,5,11,NA,2,7,46,NA,44
"32UPC3",16,125,25,138,9,13,NA,1,2,30,NA,29
"32UPC4",17,135,27,140,10,5,NA,4,4,31,NA,27
"32UPD1",16,128,22,131,6,3,NA,NA,4,37,NA,NA
"32UPD2",19,134,23,133,4,-1,1,NA,4,34,3,NA
"32UPD3",18,133,23,140,5,7,NA,6,6,36,NA,30
"32UPD4",16,134,22,144,6,10,NA,6,1,21,NA,15
"32UPE1",16,127,23,140,7,13,NA,10,4,37,NA,27
"32UPE2",20,136,25,141,5,5,1,12,4,37,3,25
"32UPE3",23,137,30,138,7,1,NA,1,4,31,NA,30
"32UPE4",12,111,24,131,12,20,2,3,3,24,1,21
"32UPF2",22,122,28,132,6,10,1,7,4,31,3,24
"32UPF4",13,98,18,110,5,12,NA,5,2,22,NA,17
"32UPU1",14,121,18,119,4,-2,3,27,3,33,0,6
"32UPU2",17,110,23,125,6,15,2,7,3,22,1,15
"32UPU3",10,114,17,116,7,2,3,15,4,25,1,10
"32UPU4",18,120,27,133,9,13,3,24,4,37,1,13
"32UPV1",12,114,16,120,4,6,4,13,4,28,0,15
"32UPV2",17,125,24,130,7,5,2,12,3,35,1,23
"32UPV3",14,116,18,125,4,9,3,12,5,48,2,36
"32UPV4",16,129,23,129,7,0,3,17,5,30,2,13
"32UQU1",14,116,24,123,10,7,3,10,3,26,0,16
"32UQU2",19,111,26,123,7,12,3,10,3,35,0,25
"32VLK3",29,110,33,102,4,-8,6,21,5,21,-1,0
"32VLK4",28,122,24,123,-4,1,5,23,5,20,0,-3
"32VLL3",NA,NA,NA,NA,NA,NA,6,10,7,8,1,-2
"32VLL4",23,87,22,96,-1,9,5,13,7,17,2,4
"32VLM3",20,91,13,84,-7,-7,6,15,7,14,1,-1
"32VLM4",21,88,14,86,-7,-2,6,16,8,18,2,2
"32VLN3",23,91,26,99,3,8,6,17,9,18,3,1
"32VLN4",21,94,17,87,-4,-7,6,14,8,19,2,5
"32VLP3",22,92,18,83,-4,-9,7,20,7,15,0,-5
"32VLP4",NA,NA,NA,NA,NA,NA,6,13,7,10,1,-3
"32VLQ3",25,92,20,72,-5,-20,3,11,2,11,-1,0
"32VLQ4",35,101,25,89,-10,-12,5,18,8,20,3,2
"32VMH1",NA,NA,NA,NA,NA,NA,2,9,3,8,1,-1
"32VMH2",13,85,17,107,4,22,1,16,3,16,2,0
"32VMH3",15,118,23,129,8,11,3,26,4,28,1,2
"32VMH4",16,111,17,123,1,12,2,22,4,32,2,10
"32VMK1",26,105,23,114,-3,9,5,22,5,24,0,2
"32VMK2",24,116,23,116,-1,0,6,26,5,26,-1,0
"32VMK3",27,111,32,120,5,9,4,23,5,23,1,0
"32VMK4",16,75,11,75,-5,0,3,15,4,18,1,3
"32VML1",27,99,21,85,-6,-14,5,17,7,15,2,-2
"32VML2",22,98,18,80,-4,-18,6,19,6,16,0,-3
"32VML3",24,93,19,100,-5,7,6,20,8,17,2,-3
"32VML4",21,98,19,93,-2,-5,7,23,5,18,-2,-5
"32VMM1",NA,NA,NA,NA,NA,NA,5,12,5,10,0,-2
"32VMM2",28,97,20,88,-8,-9,6,16,8,16,2,0
"32VMM3",NA,NA,NA,NA,NA,NA,6,16,8,13,2,-3
"32VMM4",29,98,25,96,-4,-2,7,16,6,16,-1,0
"32VMN1",21,84,19,87,-2,3,6,15,8,15,2,0
"32VMN2",NA,NA,NA,NA,NA,NA,7,14,6,11,-1,-3
"32VMN3",32,98,23,82,-9,-16,6,12,9,16,3,4
"32VMN4",31,100,26,101,-5,1,8,19,10,21,2,2
"32VMP1",NA,NA,NA,NA,NA,NA,7,14,7,15,0,1
"32VMP2",NA,NA,NA,NA,NA,NA,7,15,7,17,0,2
"32VMP3",33,102,20,84,-13,-18,7,13,8,16,1,3
"32VMP4",NA,NA,NA,NA,NA,NA,8,14,9,11,1,-3
"32VMQ1",35,106,26,105,-9,-1,5,21,6,21,1,0
"32VMQ2",25,98,23,96,-2,-2,7,21,9,20,2,-1
"32VMQ3",35,102,28,111,-7,9,8,23,9,22,1,-1
"32VMQ4",33,92,15,83,-18,-9,8,18,8,12,0,-6
"32VMR4",30,100,31,101,1,1,6,16,6,17,0,1
"32VNH1",12,107,20,127,8,20,3,28,3,34,0,6
"32VNH2",11,106,16,127,5,21,3,26,3,37,0,11
"32VNH3",13,110,20,126,7,16,3,29,3,34,0,5
"32VNH4",16,112,25,122,9,10,3,31,3,36,0,5
"32VNJ2",20,115,24,133,4,18,2,26,2,28,0,2
"32VNJ4",14,112,23,130,9,18,4,30,3,36,-1,6
"32VNK1",9,48,9,50,0,2,4,13,3,8,-1,-5
"32VNL1",30,118,22,122,-8,4,5,23,6,25,1,2
"32VNL2",23,117,27,123,4,6,4,20,6,24,2,4
"32VNL3",30,131,30,132,0,1,4,26,6,33,2,7
"32VNL4",18,98,16,109,-2,11,4,19,7,23,3,4
"32VNM1",25,99,20,84,-5,-15,8,23,9,17,1,-6
"32VNM2",26,118,24,121,-2,3,5,25,8,23,3,-2
"32VNM3",23,115,25,124,2,9,6,25,8,28,2,3
"32VNM4",25,116,28,126,3,10,6,28,7,32,1,4
"32VNN1",30,100,24,93,-6,-7,8,16,8,19,0,3
"32VNN2",31,95,24,85,-7,-10,8,19,8,17,0,-2
"32VNN3",30,113,29,125,-1,12,11,25,9,28,-2,3
"32VNN4",30,114,21,116,-9,2,5,22,7,21,2,-1
"32VNP1",35,103,25,100,-10,-3,9,20,8,17,-1,-3
"32VNP2",34,111,31,111,-3,0,8,18,8,21,0,3
"32VNP3",NA,NA,NA,NA,NA,NA,7,17,9,18,2,1
"32VNP4",38,109,26,97,-12,-12,13,20,8,22,-5,2
"32VNQ1",33,99,31,110,-2,11,10,18,9,17,-1,-1
"32VNQ2",29,87,32,100,3,13,10,18,9,21,-1,3
"32VNQ3",24,87,29,103,5,16,9,16,9,20,0,4
"32VNQ4",32,89,29,104,-3,15,7,14,7,11,0,-3
"32VNR1",24,84,35,98,11,14,5,18,6,20,1,2
"32VNR2",34,101,37,117,3,16,9,20,6,20,-3,0
"32VNR3",34,90,30,101,-4,11,9,20,7,19,-2,-1
"32VNR4",32,101,36,124,4,23,11,23,8,27,-3,4
"32VPH1",12,100,11,107,-1,7,3,23,3,27,0,4
"32VPH2",12,110,17,114,5,4,3,22,3,30,0,8
"32VPK3",29,126,35,134,6,8,5,27,7,36,2,9
"32VPK4",28,121,32,132,4,11,3,26,7,39,4,13
"32VPL1",31,125,33,128,2,3,6,27,8,30,2,3
"32VPL2",24,111,29,125,5,14,5,22,7,27,2,5
"32VPL3",22,100,19,109,-3,9,5,25,7,33,2,8
"32VPL4",18,103,21,115,3,12,5,24,5,32,0,8
"32VPM1",21,112,19,123,-2,11,7,27,9,32,2,5
"32VPM2",24,123,24,131,0,8,6,29,8,34,2,5
"32VPN1",25,110,27,115,2,5,10,23,10,28,0,5
"32VPN2",28,120,24,132,-4,12,6,25,7,24,1,-1
"32VPP1",32,88,28,98,-4,10,11,17,9,14,-2,-3
"32VPP2",29,90,26,97,-3,7,10,21,10,16,0,-5
"32VPQ1",33,85,29,92,-4,7,9,13,11,17,2,4
"32VPQ2",30,87,30,102,0,15,9,17,9,20,0,3
"32VPR1",36,108,33,126,-3,18,7,18,8,25,1,7
"32VPR2",32,91,33,109,1,18,10,19,8,20,-2,1
"32WNS2",NA,NA,NA,NA,NA,NA,1,3,1,4,0,1
"32WNS3",16,52,19,65,3,13,4,14,3,13,-1,-1
"32WNS4",31,77,30,87,-1,10,6,11,6,9,0,-2
"32WPS1",35,91,21,90,-14,-1,5,11,6,14,1,3
"32WPS2",26,90,25,104,-1,14,8,16,8,17,0,1
"32WPT2",28,82,22,71,-6,-11,3,7,4,8,1,1
"33SWC3",NA,NA,NA,NA,NA,NA,NA,NA,NA,4,NA,NA
"33SWC4",6,74,9,92,3,18,NA,2,NA,9,NA,7
"33SWD3",6,62,5,73,-1,11,NA,NA,1,3,NA,NA
"33SWD4",NA,NA,NA,NA,NA,NA,NA,NA,NA,5,NA,NA
"33SWE2",8,87,6,73,-2,-14,NA,NA,1,3,NA,NA
"33SWE4",9,85,12,91,3,6,NA,NA,2,15,NA,NA
"33SXC1",8,77,3,72,-5,-5,1,1,1,6,0,5
"33SXC2",NA,NA,NA,NA,NA,NA,NA,NA,NA,1,NA,NA
"33SXD1",9,97,11,108,2,11,NA,NA,NA,7,NA,NA
"33SXD2",10,94,9,98,-1,4,NA,NA,2,11,NA,NA
"33SXD3",NA,NA,NA,NA,NA,NA,NA,NA,1,2,NA,NA
"33SXD4",8,81,9,91,1,10,NA,NA,NA,6,NA,NA
"33SXE2",NA,NA,NA,NA,NA,NA,NA,NA,1,9,NA,NA
"33TTF3",NA,NA,NA,NA,NA,NA,NA,NA,NA,1,NA,NA
"33TTG3",8,98,6,101,-2,3,NA,NA,3,21,NA,NA
"33TTG4",7,94,10,95,3,1,1,4,2,20,1,16
"33TTH3",11,90,9,98,-2,8,NA,NA,2,16,NA,NA
"33TTH4",11,97,8,91,-3,-6,NA,1,3,16,NA,15
"33TTJ3",9,98,14,109,5,11,NA,NA,NA,23,NA,NA
"33TTJ4",8,92,10,94,2,2,NA,NA,NA,15,NA,NA
"33TTK3",11,104,16,113,5,9,NA,NA,NA,14,NA,NA
"33TTK4",15,105,18,116,3,11,NA,1,NA,14,NA,13
"33TTL3",26,123,20,114,-6,-9,NA,NA,2,19,NA,NA
"33TTL4",13,88,14,103,1,15,NA,2,NA,12,NA,10
"33TUF1",6,89,7,76,1,-13,NA,NA,NA,14,NA,NA
"33TUF3",6,82,8,74,2,-8,NA,NA,1,12,NA,NA
"33TUG1",13,114,12,99,-1,-15,NA,3,3,22,NA,19
"33TUG2",10,107,11,93,1,-14,NA,NA,3,20,NA,NA
"33TUG3",13,99,16,103,3,4,2,5,2,17,0,12
"33TUG4",15,111,14,101,-1,-10,NA,NA,4,20,NA,NA
"33TUH1",10,97,13,103,3,6,NA,NA,1,14,NA,NA
"33TUH2",13,109,17,97,4,-12,NA,NA,1,17,NA,NA
"33TUH3",12,87,15,101,3,14,NA,NA,1,9,NA,NA
"33TUH4",13,104,13,101,0,-3,1,NA,3,19,2,NA
"33TUJ1",6,86,6,94,0,8,NA,1,1,10,NA,9
"33TUJ2",13,106,11,106,-2,0,NA,NA,1,19,NA,NA
"33TUJ4",NA,NA,NA,NA,NA,NA,NA,NA,1,10,NA,NA
"33TUK3",NA,NA,NA,NA,NA,NA,2,12,NA,4,NA,-8
"33TUL1",14,118,20,122,6,4,NA,NA,1,25,NA,NA
"33TUL2",NA,NA,NA,NA,NA,NA,NA,NA,NA,6,NA,NA
"33TUL3",19,131,25,141,6,10,1,9,1,27,0,18
"33TUL4",10,103,13,117,3,14,3,14,NA,12,NA,-2
"33TUM1",19,86,21,99,2,13,9,48,6,25,-3,-23
"33TUM2",20,111,26,128,6,17,NA,2,7,33,NA,31
"33TUM3",20,97,22,117,2,20,7,36,4,29,-3,-7
"33TUM4",21,113,24,126,3,13,2,10,6,28,4,18
"33TUN1",19,107,22,111,3,4,10,49,9,36,-1,-13
"33TUN2",21,94,22,105,1,11,11,47,6,36,-5,-11
"33TUN3",23,104,24,113,1,9,11,54,8,49,-3,-5
"33TUN4",19,79,20,100,1,21,11,49,7,39,-4,-10
"33TVE1",NA,NA,NA,NA,NA,NA,1,1,NA,4,NA,3
"33TVE3",5,64,7,71,2,7,NA,NA,1,4,NA,NA
"33TVF1",12,103,13,108,1,5,1,NA,3,16,2,NA
"33TVF2",NA,NA,NA,NA,NA,NA,NA,2,NA,17,NA,15
"33TVF3",NA,NA,NA,NA,NA,NA,NA,NA,3,20,NA,NA
"33TVF4",7,92,10,94,3,2,NA,1,2,9,NA,8
"33TVG1",17,114,15,103,-2,-11,2,5,3,15,1,10
"33TVG2",17,115,15,98,-2,-17,2,4,2,26,0,22
"33TVG3",7,80,4,90,-3,10,NA,NA,2,6,NA,NA
"33TVG4",6,97,9,106,3,9,NA,NA,3,16,NA,NA
"33TVH1",4,59,5,71,1,12,NA,NA,NA,3,NA,NA
"33TVH2",9,89,4,71,-5,-18,NA,NA,1,3,NA,NA
"33TVK1",NA,NA,NA,NA,NA,NA,NA,10,NA,20,NA,10
"33TVK3",19,95,14,102,-5,7,6,19,1,16,-5,-3
"33TVK4",NA,NA,NA,NA,NA,NA,NA,6,NA,8,NA,2
"33TVL1",21,123,25,144,4,21,3,27,6,28,3,1
"33TVL2",16,121,25,144,9,23,4,22,2,22,-2,0
"33TVL3",20,135,27,144,7,9,3,22,5,30,2,8
"33TVL4",17,117,21,115,4,-2,4,23,3,18,-1,-5
"33TVM1",22,109,25,121,3,12,5,34,6,36,1,2
"33TVM2",22,112,25,118,3,6,3,22,5,21,2,-1
"33TVM3",19,112,21,122,2,10,1,8,4,20,3,12
"33TVM4",21,112,29,132,8,20,3,23,4,30,1,7
"33TVN1",20,101,23,109,3,8,9,31,9,31,0,0
"33TVN2",18,88,18,94,0,6,10,39,4,29,-6,-10
"33TVN3",20,98,23,111,3,13,6,30,10,37,4,7
"33TVN4",18,96,22,112,4,16,1,1,4,28,3,27
"33TWE1",12,105,16,100,4,-5,NA,2,NA,14,NA,12
"33TWE3",12,102,15,101,3,-1,NA,NA,1,16,NA,NA
"33TWF1",6,87,5,83,-1,-4,NA,NA,1,9,NA,NA
"33TWF2",9,110,13,102,4,-8,1,3,3,8,2,5
"33TWF3",7,71,11,87,4,16,NA,NA,1,2,NA,NA
"33TWF4",8,96,7,88,-1,-8,NA,NA,2,6,NA,NA
"33TWG1",NA,NA,NA,NA,NA,NA,NA,NA,NA,1,NA,NA
"33TWG2",10,103,5,96,-5,-7,NA,NA,NA,5,NA,NA
"33TWG4",13,122,9,96,-4,-26,1,1,1,12,0,11
"33TWJ1",12,100,11,101,-1,1,2,7,NA,9,NA,2
"33TWJ3",10,100,12,106,2,6,1,6,6,14,5,8
"33TWJ4",NA,NA,NA,NA,NA,NA,1,5,NA,5,NA,0
"33TWK1",12,88,14,93,2,5,4,20,2,14,-2,-6
"33TWK2",NA,NA,NA,NA,NA,NA,3,15,1,14,-2,-1
"33TWK3",NA,NA,NA,NA,NA,NA,NA,7,1,10,NA,3
"33TWK4",NA,NA,NA,NA,NA,NA,2,12,NA,8,NA,-4
"33TWL1",15,106,23,127,8,21,1,16,3,23,2,7
"33TWL2",13,111,18,117,5,6,3,19,4,24,1,5
"33TWL3",14,118,18,117,4,-1,3,32,2,21,-1,-11
"33TWL4",10,91,11,103,1,12,1,8,NA,15,NA,7
"33TWM1",19,105,24,123,5,18,1,16,6,38,5,22
"33TWM2",16,114,25,132,9,18,2,17,1,13,-1,-4
"33TWM3",16,125,19,134,3,9,1,18,5,34,4,16
"33TWM4",21,128,27,138,6,10,1,17,3,20,2,3
"33TWN1",18,100,20,104,2,4,2,4,6,17,4,13
"33TWN2",15,100,22,116,7,16,NA,1,7,50,NA,49
"33TWN3",17,100,23,114,6,14,NA,NA,5,28,NA,NA
"33TWN4",17,115,22,120,5,5,NA,2,6,31,NA,29
"33TXE1",5,86,10,101,5,15,NA,NA,1,10,NA,NA
"33TXE3",7,75,6,78,-1,3,NA,NA,1,7,NA,NA
"33TXF1",NA,NA,NA,NA,NA,NA,NA,NA,1,3,NA,NA
"33TXF2",4,71,6,85,2,14,NA,NA,NA,12,NA,NA
"33TXF3",NA,NA,NA,NA,NA,NA,NA,NA,NA,2,NA,NA
"33TXF4",2,62,5,75,3,13,NA,NA,NA,8,NA,NA
"33TXH3",9,72,9,92,0,20,2,7,NA,14,NA,7
"33TXJ1",NA,NA,NA,NA,NA,NA,5,15,NA,10,NA,-5
"33TXJ2",13,99,12,103,-1,4,2,16,NA,18,NA,2
"33TXJ3",NA,NA,NA,NA,NA,NA,4,19,1,6,-3,-13
"33TXJ4",NA,NA,NA,NA,NA,NA,2,13,3,13,1,0
"33TXK1",12,88,17,97,5,9,NA,1,NA,2,NA,1
"33TXK2",7,68,9,87,2,19,1,11,NA,3,NA,-8
"33TXK3",14,104,17,114,3,10,NA,2,NA,6,NA,4
"33TXK4",NA,NA,NA,NA,NA,NA,2,16,NA,1,NA,-15
"33TXL1",9,98,14,101,5,3,NA,17,2,15,NA,-2
"33TXL2",15,104,16,116,1,12,1,17,2,11,1,-6
"33TXL3",19,120,17,112,-2,-8,1,14,NA,5,NA,-9
"33TXL4",16,112,17,111,1,-1,2,18,1,10,-1,-8
"33TXM1",14,119,16,125,2,6,1,14,1,9,0,-5
"33TXM2",11,106,16,119,5,13,1,20,2,14,1,-6
"33TXM3",19,124,23,134,4,10,2,15,NA,12,NA,-3
"33TXM4",13,111,17,118,4,7,NA,5,NA,7,NA,2
"33TXN1",18,135,26,146,8,11,NA,19,3,41,NA,22
"33TXN2",12,106,18,126,6,20,NA,1,2,19,NA,18
"33TXN3",9,112,21,132,12,20,1,7,NA,20,NA,13
"33TXN4",7,100,15,117,8,17,NA,2,1,5,NA,3
"33TYE1",NA,NA,NA,NA,NA,NA,NA,NA,NA,11,NA,NA
"33TYF2",NA,NA,NA,NA,NA,NA,NA,NA,NA,4,NA,NA
"33TYH1",16,96,18,124,2,28,2,11,NA,6,NA,-5
"33TYH2",NA,NA,NA,NA,NA,NA,1,5,NA,2,NA,-3
"33TYJ1",NA,NA,NA,NA,NA,NA,NA,12,1,NA,NA,NA
"33TYJ2",14,94,16,115,2,21,3,17,1,5,-2,-12
"33TYK1",10,94,9,85,-1,-9,1,14,NA,2,NA,-12
"33TYK2",10,72,14,80,4,8,2,9,NA,3,NA,-6
"33TYL1",11,98,17,112,6,14,1,16,1,5,0,-11
"33TYL2",18,104,20,116,2,12,2,21,4,14,2,-7
"33TYM1",17,112,21,121,4,9,1,11,NA,12,NA,1
"33TYM2",11,111,13,116,2,5,NA,6,NA,14,NA,8
"33TYN1",17,126,22,134,5,8,1,2,1,8,0,6
"33TYN2",16,123,22,124,6,1,1,6,NA,12,NA,6
"33UUA2",21,120,22,129,1,9,1,3,3,31,2,28
"33UUA4",24,134,28,146,4,12,1,3,3,28,2,25
"33UUB3",21,122,24,142,3,20,7,33,7,40,0,7
"33UUB4",17,117,17,114,0,-3,5,22,5,31,0,9
"33UUP1",12,110,18,114,6,4,2,5,4,23,2,18
"33UUP2",16,120,28,127,12,7,5,41,5,48,0,7
"33UUP3",15,114,22,118,7,4,2,23,6,33,4,10
"33UUP4",15,110,24,119,9,9,7,49,4,44,-3,-5
"33UUQ1",19,130,27,137,8,7,2,15,3,18,1,3
"33UUQ2",16,126,24,132,8,6,1,7,3,29,2,22
"33UUQ3",22,132,23,126,1,-6,NA,2,1,14,NA,12
"33UUQ4",20,128,22,114,2,-14,3,12,8,35,5,23
"33UUR1",20,123,23,140,3,17,2,9,4,22,2,13
"33UUR2",20,128,25,135,5,7,2,8,2,16,0,8
"33UUR3",19,129,28,143,9,14,NA,3,1,16,NA,13
"33UUR4",18,130,22,131,4,1,NA,NA,2,14,NA,NA
"33UUS1",NA,NA,NA,NA,NA,NA,NA,1,5,45,NA,44
"33UUS2",14,120,22,133,8,13,NA,3,4,33,NA,30
"33UUS3",13,119,24,131,11,12,1,5,3,21,2,16
"33UUS4",15,116,21,126,6,10,NA,3,4,35,NA,32
"33UUT1",14,121,19,132,5,11,NA,1,4,30,NA,29
"33UUT2",16,129,26,146,10,17,NA,1,4,34,NA,33
"33UUT3",13,121,23,133,10,12,NA,12,4,29,NA,17
"33UUT4",13,117,23,138,10,21,NA,NA,4,31,NA,NA
"33UUU1",NA,NA,NA,NA,NA,NA,1,NA,2,17,1,NA
"33UUU2",NA,NA,NA,NA,NA,NA,1,7,4,35,3,28
"33UUU3",16,126,22,134,6,8,3,17,4,31,1,14
"33UUU4",16,132,24,141,8,9,1,22,4,46,3,24
"33UUV1",15,123,21,133,6,10,NA,9,4,35,NA,26
"33UUV2",19,132,24,132,5,0,NA,1,3,32,NA,31
"33UUV3",16,129,23,140,7,11,NA,5,3,29,NA,24
"33UUV4",18,119,25,137,7,18,NA,4,3,27,NA,23
"33UVA2",19,120,21,117,2,-3,NA,1,2,26,NA,25
"33UVB1",25,129,24,143,-1,14,8,37,10,42,2,5
"33UVB2",11,108,19,110,8,2,2,15,4,31,2,16
"33UVP1",15,101,21,118,6,17,5,28,7,39,2,11
"33UVP2",18,110,28,125,10,15,7,54,7,42,0,-12
"33UVP3",18,110,19,116,1,6,5,20,6,33,1,13
"33UVP4",17,110,26,120,9,10,9,51,6,43,-3,-8
"33UVQ1",22,130,30,143,8,13,1,3,1,14,0,11
"33UVQ2",25,136,29,155,4,19,3,4,3,16,0,12
"33UVQ3",18,130,25,132,7,2,NA,2,1,5,NA,3
"33UVQ4",26,146,31,149,5,3,NA,12,4,21,NA,9
"33UVR1",16,130,24,140,8,10,NA,1,1,22,NA,21
"33UVR2",17,123,26,134,9,11,NA,2,2,28,NA,26
"33UVR3",13,125,23,136,10,11,1,2,3,29,2,27
"33UVR4",17,127,23,132,6,5,NA,9,4,35,NA,26
"33UVS1",16,126,24,134,8,8,NA,NA,4,32,NA,NA
"33UVS2",18,130,23,138,5,8,NA,1,1,39,NA,38
"33UVS3",19,132,26,141,7,9,1,2,3,34,2,32
"33UVS4",18,129,21,134,3,5,1,1,3,28,2,27
"33UVT1",16,130,22,135,6,5,NA,5,3,26,NA,21
"33UVT2",14,118,26,143,12,25,NA,NA,4,25,NA,NA
"33UVT3",13,123,23,139,10,16,1,11,3,23,2,12
"33UVT4",15,130,25,139,10,9,2,14,3,22,1,8
"33UVU1",19,131,25,147,6,16,2,12,5,35,3,23
"33UVU2",16,128,23,142,7,14,3,29,8,43,5,14
"33UVU3",21,140,22,140,1,0,1,3,3,18,2,15
"33UVU4",18,145,26,149,8,4,3,18,3,30,0,12
"33UVV1",17,122,25,147,8,25,NA,4,3,26,NA,22
"33UVV2",19,132,23,140,4,8,1,5,3,23,2,18
"33UVV3",21,142,23,138,2,-4,1,16,2,20,1,4
"33UVV4",18,145,26,141,8,-4,2,21,3,33,1,12
"33UWA2",12,116,19,120,7,4,NA,3,1,6,NA,3
"33UWA4",18,131,23,131,5,0,1,2,NA,13,NA,11
"33UWP1",15,115,21,130,6,15,NA,6,2,29,NA,23
"33UWP2",17,109,24,120,7,11,1,10,5,29,4,19
"33UWP3",11,115,24,126,13,11,1,3,3,39,2,36
"33UWP4",18,112,21,125,3,13,3,14,6,37,3,23
"33UWQ1",14,124,24,133,10,9,NA,NA,1,20,NA,NA
"33UWQ2",20,130,22,130,2,0,NA,1,2,15,NA,14
"33UWQ3",13,122,26,135,13,13,NA,5,3,10,NA,5
"33UWQ4",19,127,29,139,10,12,1,NA,2,23,1,NA
"33UWR1",16,132,26,145,10,13,NA,1,2,20,NA,19
"33UWR2",18,132,24,141,6,9,NA,2,NA,12,NA,10
"33UWR3",22,138,25,140,3,2,2,14,3,31,1,17
"33UWR4",18,135,24,141,6,6,NA,NA,2,13,NA,NA
"33UWS1",16,124,22,131,6,7,5,12,1,15,-4,3
"33UWS2",18,130,26,132,8,2,5,16,4,20,-1,4
"33UWS3",16,131,23,136,7,5,5,24,1,14,-4,-10
"33UWS4",16,129,23,138,7,9,4,23,4,29,0,6
"33UWT1",14,125,19,134,5,9,2,19,4,23,2,4
"33UWT2",18,125,20,129,2,4,2,14,1,9,-1,-5
"33UWT3",15,134,17,131,2,-3,1,6,1,14,0,8
"33UWT4",16,133,21,137,5,4,3,19,4,9,1,-10
"33UWU1",16,135,24,130,8,-5,NA,2,1,14,NA,12
"33UWU2",15,132,22,140,7,8,4,28,4,16,0,-12
"33UWU3",18,134,22,134,4,0,3,27,2,19,-1,-8
"33UWU4",15,130,21,134,6,4,1,21,2,16,1,-5
"33UWV1",14,121,23,135,9,14,1,19,1,12,0,-7
"33UWV2",18,130,22,134,4,4,NA,7,3,18,NA,11
"33UWV3",13,117,21,128,8,11,1,14,NA,8,NA,-6
"33UWV4",15,119,23,136,8,17,1,15,1,19,0,4
"33UXA1",NA,NA,NA,NA,NA,NA,NA,10,NA,10,NA,0
"33UXA2",17,126,22,135,5,9,1,16,2,12,1,-4
"33UXA3",19,127,23,136,4,9,NA,9,2,12,NA,3
"33UXA4",17,124,20,127,3,3,1,19,1,14,0,-5
"33UXP1",16,120,24,139,8,19,NA,1,5,23,NA,22
"33UXP2",19,133,25,144,6,11,1,16,6,54,5,38
"33UXP3",18,144,22,134,4,-10,NA,NA,4,19,NA,NA
"33UXP4",20,139,27,140,7,1,1,10,3,29,2,19
"33UXQ1",16,121,22,131,6,10,1,4,3,31,2,27
"33UXQ2",23,143,30,148,7,5,1,5,3,22,2,17
"33UXQ3",21,137,34,146,13,9,NA,NA,5,28,NA,NA
"33UXQ4",25,141,31,146,6,5,NA,1,2,19,NA,18
"33UXR1",18,125,24,141,6,16,5,27,3,28,-2,1
"33UXR2",19,125,26,136,7,11,NA,2,2,20,NA,18
"33UXR3",19,127,26,146,7,19,2,33,3,25,1,-8
"33UXR4",23,137,27,140,4,3,NA,8,1,19,NA,11
"33UXS1",17,134,21,141,4,7,2,19,4,25,2,6
"33UXS2",16,113,24,143,8,30,3,19,4,22,1,3
"33UXS3",16,135,22,140,6,5,2,7,4,22,2,15
"33UXS4",15,132,24,133,9,1,3,27,1,20,-2,-7
"33UXT1",17,142,20,143,3,1,1,20,1,21,0,1
"33UXT2",17,131,21,140,4,9,1,11,1,13,0,2
"33UXT3",15,137,20,138,5,1,3,26,2,19,-1,-7
"33UXT4",17,137,21,142,4,5,3,18,2,17,-1,-1
"33UXU1",14,139,22,140,8,1,2,23,1,18,-1,-5
"33UXU2",14,131,19,136,5,5,4,27,3,28,-1,1
"33UXU3",14,129,20,133,6,4,1,15,1,18,0,3
"33UXU4",14,117,20,131,6,14,1,13,1,17,0,4
"33UXV1",17,116,21,127,4,11,1,16,2,12,1,-4
"33UXV2",14,127,21,134,7,7,1,20,1,13,0,-7
"33UXV3",18,130,21,134,3,4,2,19,1,13,-1,-6
"33UXV4",19,132,20,131,1,-1,3,19,2,24,-1,5
"33UYP1",16,119,24,125,8,6,NA,NA,3,21,NA,NA
"33UYP2",12,124,24,127,12,3,NA,3,NA,2,NA,-1
"33VUC2",14,111,24,130,10,19,4,31,3,36,-1,5
"33VUC3",25,122,34,137,9,15,4,29,8,39,4,10
"33VUC4",26,127,23,136,-3,9,6,31,8,41,2,10
"33VUD1",28,118,29,133,1,15,3,22,6,36,3,14
"33VUD2",23,123,28,136,5,13,3,20,6,36,3,16
"33VUD3",20,113,20,127,0,14,4,11,6,34,2,23
"33VUD4",21,115,20,127,-1,12,5,20,6,32,1,12
"33VUE3",21,119,28,137,7,18,4,20,5,29,1,9
"33VUE4",19,113,21,129,2,16,4,11,5,36,1,25
"33VUF3",20,109,25,129,5,20,3,14,4,29,1,15
"33VUF4",18,109,23,128,5,19,1,14,4,30,3,16
"33VUG3",19,96,19,111,0,15,8,20,8,27,0,7
"33VUG4",20,105,22,125,2,20,9,16,7,28,-2,12
"33VUH3",24,95,26,105,2,10,9,18,10,21,1,3
"33VUH4",22,93,24,108,2,15,7,21,7,20,0,-1
"33VUJ3",NA,NA,NA,NA,NA,NA,8,13,10,12,2,-1
"33VUJ4",33,107,30,110,-3,3,10,20,10,22,0,2
"33VUK3",NA,NA,NA,NA,NA,NA,9,12,9,12,0,0
"33VUK4",NA,NA,NA,NA,NA,NA,9,15,8,17,-1,2
"33VUL3",33,84,25,90,-8,6,7,11,10,17,3,6
"33VUL4",34,89,34,98,0,9,6,9,8,17,2,8
"33VVC1",19,118,22,125,3,7,5,23,8,36,3,13
"33VVC2",23,128,26,136,3,8,6,32,8,41,2,9
"33VVC3",20,117,24,127,4,10,6,25,8,34,2,9
"33VVC4",32,130,34,142,2,12,4,23,9,38,5,15
"33VVD1",21,115,25,122,4,7,3,18,7,37,4,19
"33VVD2",22,120,23,128,1,8,3,19,7,36,4,17
"33VVD3",18,108,24,127,6,19,3,19,7,32,4,13
"33VVD4",18,115,22,127,4,12,4,24,7,34,3,10
"33VVE1",20,123,27,137,7,14,7,27,7,41,0,14
"33VVE2",19,113,28,130,9,17,4,20,8,39,4,19
"33VVE3",22,124,29,132,7,8,5,23,7,34,2,11
"33VVE4",19,109,26,133,7,24,6,24,7,38,1,14
"33VVF1",23,112,28,132,5,20,3,15,8,32,5,17
"33VVF2",22,110,23,130,1,20,1,8,5,33,4,25
"33VVF3",23,113,28,137,5,24,8,22,9,33,1,11
"33VVF4",23,115,27,132,4,17,7,13,9,30,2,17
"33VVG1",21,95,19,102,-2,7,5,21,6,20,1,-1
"33VVG2",20,106,25,120,5,14,5,8,6,21,1,13
"33VVG3",18,100,21,122,3,22,6,9,8,24,2,15
"33VVG4",19,99,19,119,0,20,6,12,6,29,0,17
"33VVH1",23,95,22,110,-1,15,5,10,4,16,-1,6
"33VVH2",23,93,24,116,1,23,6,6,5,22,-1,16
"33VVH3",27,107,27,127,0,20,6,18,8,25,2,7
"33VVH4",NA,NA,NA,NA,NA,NA,3,6,5,20,2,14
"33VVJ1",29,89,26,81,-3,-8,3,2,6,10,3,8
"33VVJ2",23,93,24,84,1,-9,2,4,5,8,3,4
"33VVJ3",24,95,22,96,-2,1,4,4,5,13,1,9
"33VVJ4",23,92,21,87,-2,-5,5,7,6,11,1,4
"33VVK1",30,91,30,84,0,-7,2,6,8,13,6,7
"33VVK2",30,93,31,97,1,4,9,5,8,12,-1,7
"33VVK3",27,98,25,105,-2,7,3,5,7,15,4,10
"33VVK4",24,93,26,99,2,6,4,3,6,11,2,8
"33VVL1",NA,NA,NA,NA,NA,NA,2,1,8,12,6,11
"33VVL2",32,98,30,112,-2,14,5,9,10,20,5,11
"33VVL3",NA,NA,NA,NA,NA,NA,4,5,4,10,0,5
"33VVL4",NA,NA,NA,NA,NA,NA,8,14,8,22,0,8
"33VWC1",19,115,20,118,1,3,2,8,7,31,5,23
"33VWC2",30,125,34,146,4,21,5,32,8,38,3,6
"33VWC3",31,132,34,149,3,17,6,26,7,34,1,8
"33VWD1",17,108,21,123,4,15,6,20,7,36,1,16
"33VWD2",18,112,20,124,2,12,3,12,7,30,4,18
"33VWD3",27,120,29,131,2,11,3,9,7,32,4,23
"33VWD4",27,120,26,131,-1,11,4,21,10,37,6,16
"33VWE1",21,117,28,135,7,18,5,25,8,38,3,13
"33VWE2",19,108,25,125,6,17,4,17,7,31,3,14
"33VWE3",31,122,33,133,2,11,3,20,6,36,3,16
"33VWE4",NA,NA,NA,NA,NA,NA,3,20,7,33,4,13
"33VWF1",24,118,29,137,5,19,5,29,9,37,4,8
"33VWF2",19,112,25,127,6,15,4,15,6,31,2,16
"33VWF3",20,113,25,136,5,23,4,19,7,36,3,17
"33VWF4",19,114,29,131,10,17,3,16,7,36,4,20
"33VWG1",22,110,25,133,3,23,8,19,8,30,0,11
"33VWG2",21,112,24,126,3,14,7,19,8,29,1,10
"33VWG3",19,114,26,130,7,16,3,15,5,30,2,15
"33VWG4",21,124,27,141,6,17,5,16,9,38,4,22
"33VWH1",24,100,26,109,2,9,4,7,5,16,1,9
"33VWH2",NA,NA,NA,NA,NA,NA,7,11,8,32,1,21
"33VWH3",24,106,24,127,0,21,3,11,6,22,3,11
"33VWH4",22,101,24,127,2,26,5,10,7,29,2,19
"33VWJ1",26,101,22,104,-4,3,4,10,6,16,2,6
"33VWJ2",25,111,26,118,1,7,3,4,5,13,2,9
"33VWJ3",25,107,26,121,1,14,2,11,6,20,4,9
"33VWJ4",25,110,25,125,0,15,5,12,5,19,0,7
"33VWK1",25,92,25,90,0,-2,3,9,8,16,5,7
"33VWK2",24,100,25,101,1,1,2,7,7,18,5,11
"33VWK3",24,97,21,101,-3,4,3,4,6,20,3,16
"33VWK4",24,99,23,111,-1,12,4,4,5,20,1,16
"33VWL1",26,93,26,105,0,12,2,7,8,18,6,11
"33VWL2",26,94,26,102,0,8,2,2,7,15,5,13
"33VWL3",26,99,20,81,-6,-18,1,6,6,12,5,6
"33VWL4",28,101,21,95,-7,-6,3,5,5,17,2,12
"33VXD2",22,120,29,135,7,15,1,20,4,29,3,9
"33VXF1",19,114,30,131,11,17,6,28,5,37,-1,9
"33VXF2",27,118,33,141,6,23,3,24,7,36,4,12
"33VXF3",26,119,26,131,0,12,10,37,9,38,-1,1
"33VXF4",28,116,31,131,3,15,5,27,6,32,1,5
"33VXG1",22,122,30,138,8,16,5,24,8,35,3,11
"33VXG2",20,120,28,139,8,19,6,30,9,37,3,7
"33VXH1",28,118,26,123,-2,5,2,5,7,25,5,20
"33VXH2",31,124,37,139,6,15,3,14,6,29,3,15
"33VXJ1",29,108,33,131,4,23,5,9,5,19,0,10
"33VXJ2",26,114,33,128,7,14,4,7,7,17,3,10
"33VXK1",26,109,29,124,3,15,3,7,6,24,3,17
"33VXK2",33,127,34,137,1,10,5,16,7,26,2,10
"33VXL1",27,98,18,80,-9,-18,3,2,5,9,2,7
"33VXL2",25,101,25,115,0,14,2,6,5,17,3,11
"33WUM3",21,78,20,87,-1,9,5,14,6,14,1,0
"33WUM4",28,83,22,90,-6,7,7,17,6,17,-1,0
"33WUN3",24,80,21,78,-3,-2,3,11,7,9,4,-2
"33WUN4",27,72,22,76,-5,4,5,7,6,11,1,4
"33WUP4",29,79,29,94,0,15,2,12,4,14,2,2
"33WVM1",31,83,28,85,-3,2,7,9,9,16,2,7
"33WVM2",32,84,28,87,-4,3,8,15,9,15,1,0
"33WVM3",31,85,27,82,-4,-3,8,8,10,13,2,5
"33WVM4",32,88,31,98,-1,10,4,8,7,11,3,3
"33WVN1",16,62,17,71,1,9,8,12,8,12,0,0
"33WVN2",NA,NA,NA,NA,NA,NA,7,12,8,9,1,-3
"33WVN3",28,75,21,74,-7,-1,9,13,10,15,1,2
"33WVN4",31,79,30,83,-1,4,6,5,11,12,5,7
"33WVP1",26,71,26,81,0,10,6,14,8,17,2,3
"33WVP2",36,90,29,101,-7,11,7,13,6,13,-1,0
"33WVP3",38,99,26,94,-12,-5,8,15,9,15,1,0
"33WVP4",NA,NA,NA,NA,NA,NA,9,11,7,11,-2,0
"33WVQ2",25,87,32,90,7,3,3,7,7,14,4,7
"33WVQ3",31,83,28,90,-3,7,5,9,8,13,3,4
"33WVQ4",33,77,31,84,-2,7,7,10,10,11,3,1
"33WVR4",NA,NA,NA,NA,NA,NA,1,NA,4,3,3,NA
"33WWM1",34,90,28,88,-6,-2,2,1,5,9,3,8
"33WWM2",29,86,19,94,-10,8,7,11,7,16,0,5
"33WWM3",31,93,28,105,-3,12,3,8,5,14,2,6
"33WWM4",30,96,24,99,-6,3,2,6,8,15,6,9
"33WWN1",33,90,29,77,-4,-13,5,7,6,9,1,2
"33WWN2",32,90,31,86,-1,-4,4,1,9,12,5,11
"33WWN3",33,93,28,78,-5,-15,7,4,6,7,-1,3
"33WWN4",33,93,27,93,-6,0,1,2,7,10,6,8
"33WWP1",29,70,24,63,-5,-7,5,8,7,6,2,-2
"33WWP2",29,80,31,85,2,5,7,9,9,8,2,-1
"33WWP3",32,86,30,69,-2,-17,6,5,6,12,0,7
"33WWP4",NA,NA,NA,NA,NA,NA,11,9,8,13,-3,4
"33WWQ1",NA,NA,NA,NA,NA,NA,8,13,9,13,1,0
"33WWQ2",32,91,31,97,-1,6,9,10,9,14,0,4
"33WWQ3",NA,NA,NA,NA,NA,NA,4,5,5,4,1,-1
"33WWQ4",NA,NA,NA,NA,NA,NA,3,1,5,4,2,3
"33WWR1",24,64,26,74,2,10,4,11,10,14,6,3
"33WWR2",29,73,20,71,-9,-2,4,6,7,11,3,5
"33WWR3",29,75,27,85,-2,10,8,9,9,10,1,1
"33WWR4",NA,NA,NA,NA,NA,NA,6,2,4,2,-2,0
"33WWS3",29,72,24,67,-5,-5,5,10,6,9,1,-1
"33WWS4",29,77,31,89,2,12,6,8,9,11,3,3
"33WXM1",27,95,23,86,-4,-9,2,NA,5,11,3,NA
"33WXM2",27,98,22,94,-5,-4,6,3,4,11,-2,8
"33WXN1",NA,NA,NA,NA,NA,NA,4,5,6,7,2,2
"33WXN2",28,93,23,87,-5,-6,3,5,6,10,3,5
"33WXP1",NA,NA,NA,NA,NA,NA,1,NA,4,3,3,NA
"33WXP2",NA,NA,NA,NA,NA,NA,6,8,3,6,-3,-2
"33WXQ1",30,69,23,75,-7,6,10,8,6,4,-4,-4
"33WXQ2",32,88,25,62,-7,-26,10,9,5,6,-5,-3
"33WXR1",NA,NA,NA,NA,NA,NA,9,14,8,8,-1,-6
"33WXR2",NA,NA,NA,NA,NA,NA,4,3,5,3,1,0
"33WXS2",16,63,13,68,-3,5,8,11,9,12,1,1
"34SBK4",NA,NA,NA,NA,NA,NA,NA,1,NA,6,NA,5
"34SCK4",NA,NA,NA,NA,NA,NA,NA,NA,NA,9,NA,NA
"34SDH3",7,59,12,71,5,12,NA,NA,NA,8,NA,NA
"34SDJ1",14,103,17,110,3,7,NA,1,1,10,NA,9
"34SDJ2",NA,NA,NA,NA,NA,NA,NA,NA,NA,2,NA,NA
"34SDJ3",14,116,13,90,-1,-26,NA,1,1,11,NA,10
"34SDJ4",20,119,15,95,-5,-24,NA,NA,1,5,NA,NA
"34SDK2",NA,NA,NA,NA,NA,NA,NA,NA,NA,6,NA,NA
"34SDK4",17,113,16,104,-1,-9,1,4,1,14,0,10
"34SEF3",5,74,7,61,2,-13,NA,1,NA,4,NA,3
"34SEG1",4,58,7,64,3,6,NA,2,NA,1,NA,-1
"34SEG3",12,80,12,74,0,-6,NA,2,NA,8,NA,6
"34SEG4",9,67,7,60,-2,-7,NA,1,NA,8,NA,7
"34SEH1",13,108,17,95,4,-13,NA,NA,NA,4,NA,NA
"34SEH2",13,88,16,83,3,-5,NA,1,NA,3,NA,2
"34SEH3",16,92,11,75,-5,-17,NA,1,NA,4,NA,3
"34SEH4",12,87,15,93,3,6,1,2,NA,5,NA,3
"34SEJ1",NA,NA,NA,NA,NA,NA,1,2,NA,4,NA,2
"34SEJ2",15,109,13,87,-2,-22,NA,NA,NA,2,NA,NA
"34SEJ3",14,111,14,95,0,-16,NA,NA,NA,7,NA,NA
"34SEJ4",NA,NA,NA,NA,NA,NA,NA,NA,NA,4,NA,NA
"34SEK2",NA,NA,NA,NA,NA,NA,1,2,NA,6,NA,4
"34SEK4",14,100,11,82,-3,-18,NA,NA,NA,NA,NA,NA
"34SFF1",12,92,11,81,-1,-11,NA,2,1,7,NA,5
"34SFF2",3,45,3,45,0,0,NA,NA,NA,NA,NA,NA
"34SFF3",7,64,7,57,0,-7,NA,NA,NA,2,NA,NA
"34SFF4",NA,NA,NA,NA,NA,NA,NA,2,NA,3,NA,1
"34SFG1",13,90,13,92,0,2,NA,3,NA,10,NA,7
"34SFG2",12,88,11,83,-1,-5,NA,1,NA,4,NA,3
"34SFG3",3,70,7,64,4,-6,NA,NA,NA,7,NA,NA
"34SFG4",11,62,8,62,-3,0,NA,2,NA,4,NA,2
"34SFH1",20,108,22,113,2,5,1,5,NA,7,NA,2
"34SFH2",8,76,12,89,4,13,2,4,NA,3,NA,-1
"34SFH3",11,88,9,69,-2,-19,NA,4,1,7,NA,3
"34SFH4",5,65,8,72,3,7,NA,1,NA,3,NA,2
"34SFJ1",8,80,6,79,-2,-1,NA,NA,NA,3,NA,NA
"34SFJ2",13,108,21,112,8,4,NA,5,NA,2,NA,-3
"34SFJ3",5,90,19,103,14,13,NA,1,NA,11,NA,10
"34SFJ4",NA,NA,NA,NA,NA,NA,NA,NA,1,9,NA,NA
"34SFK2",NA,NA,NA,NA,NA,NA,NA,2,NA,6,NA,4
"34SGG1",NA,NA,NA,NA,NA,NA,NA,2,NA,8,NA,6
"34SGG2",NA,NA,NA,NA,NA,NA,NA,NA,NA,1,NA,NA
"34SGH1",9,66,6,66,-3,0,NA,1,NA,2,NA,1
"34SGH2",NA,NA,NA,NA,NA,NA,NA,6,NA,16,NA,10
"34SGJ2",NA,NA,NA,NA,NA,NA,NA,NA,1,15,NA,NA
"34SGK2",NA,NA,NA,NA,NA,NA,NA,NA,NA,9,NA,NA
"34TBK3",NA,NA,NA,NA,NA,NA,NA,1,NA,8,NA,7
"34TBM3",NA,NA,NA,NA,NA,NA,NA,NA,NA,1,NA,NA
"34TBN3",10,74,8,91,-2,17,4,12,NA,2,NA,-10
"34TBN4",14,108,10,101,-4,-7,2,15,5,33,3,18
"34TBP3",NA,NA,NA,NA,NA,NA,3,22,1,9,-2,-13
"34TBP4",NA,NA,NA,NA,NA,NA,3,17,NA,7,NA,-10
"34TBQ3",14,99,12,104,-2,5,NA,13,1,3,NA,-10
"34TBQ4",NA,NA,NA,NA,NA,NA,NA,4,NA,1,NA,-3
"34TBR3",15,128,20,110,5,-18,2,16,1,5,-1,-11
"34TBR4",11,97,16,108,5,11,1,16,1,12,0,-4
"34TCK3",NA,NA,NA,NA,NA,NA,NA,1,NA,10,NA,9
"34TCL3",NA,NA,NA,NA,NA,NA,NA,NA,NA,6,NA,NA
"34TCL4",NA,NA,NA,NA,NA,NA,NA,NA,NA,9,NA,NA
"34TCM1",NA,NA,NA,NA,NA,NA,2,15,7,36,5,21
"34TCM2",NA,NA,NA,NA,NA,NA,NA,NA,NA,2,NA,NA
"34TCM3",NA,NA,NA,NA,NA,NA,NA,2,3,24,NA,22
"34TCM4",NA,NA,NA,NA,NA,NA,1,9,3,17,2,8
"34TCN1",NA,NA,NA,NA,NA,NA,3,20,5,27,2,7
"34TCN2",NA,NA,NA,NA,NA,NA,3,14,3,33,0,19
"34TCN3",17,101,18,102,1,1,1,14,3,27,2,13
"34TCN4",NA,NA,NA,NA,NA,NA,5,18,5,35,0,17
"34TCP1",NA,NA,NA,NA,NA,NA,NA,6,NA,2,NA,-4
"34TCP2",NA,NA,NA,NA,NA,NA,2,16,5,25,3,9
"34TCP3",NA,NA,NA,NA,NA,NA,2,19,NA,9,NA,-10
"34TCP4",NA,NA,NA,NA,NA,NA,1,10,NA,9,NA,-1
"34TCQ1",NA,NA,NA,NA,NA,NA,1,9,1,5,0,-4
"34TCQ2",NA,NA,NA,NA,NA,NA,NA,7,NA,4,NA,-3
"34TCQ3",10,108,18,114,8,6,1,15,1,8,0,-7
"34TCQ4",NA,NA,NA,NA,NA,NA,1,14,1,7,0,-7
"34TCR1",20,113,22,127,2,14,2,21,3,14,1,-7
"34TCR2",9,86,16,103,7,17,2,21,2,13,0,-8
"34TCR3",14,106,14,103,0,-3,1,21,1,6,0,-15
"34TCR4",12,114,18,120,6,6,1,18,2,9,1,-9
"34TCS1",16,112,23,130,7,18,NA,3,NA,8,NA,5
"34TCS2",12,113,16,119,4,6,NA,NA,NA,7,NA,NA
"34TCS3",13,117,22,125,9,8,NA,7,2,11,NA,4
"34TCS4",9,115,20,118,11,3,NA,6,NA,15,NA,9
"34TCT1",19,127,25,130,6,3,1,20,2,30,1,10
"34TCT2",19,123,24,136,5,13,NA,8,NA,14,NA,6
"34TCT3",13,110,20,125,7,15,1,13,2,19,1,6
"34TCT4",12,113,23,129,11,16,NA,1,1,11,NA,10
"34TDK1",NA,NA,NA,NA,NA,NA,2,NA,2,4,0,NA
"34TDK3",NA,NA,NA,NA,NA,NA,NA,NA,1,4,NA,NA
"34TDL1",NA,NA,NA,NA,NA,NA,NA,NA,NA,12,NA,NA
"34TDL2",NA,NA,NA,NA,NA,NA,NA,NA,1,5,NA,NA
"34TDL3",NA,NA,NA,NA,NA,NA,3,14,2,10,-1,-4
"34TDL4",NA,NA,NA,NA,NA,NA,3,11,1,8,-2,-3
"34TDM1",NA,NA,NA,NA,NA,NA,NA,NA,NA,4,NA,NA
"34TDM2",NA,NA,NA,NA,NA,NA,NA,NA,1,2,NA,NA
"34TDM3",NA,NA,NA,NA,NA,NA,5,20,NA,10,NA,-10
"34TDM4",NA,NA,NA,NA,NA,NA,5,20,1,8,-4,-12
"34TDN1",NA,NA,NA,NA,NA,NA,2,9,2,11,0,2
"34TDN2",NA,NA,NA,NA,NA,NA,4,19,8,38,4,19
"34TDN3",NA,NA,NA,NA,NA,NA,2,16,1,5,-1,-11
"34TDN4",NA,NA,NA,NA,NA,NA,3,9,NA,8,NA,-1
"34TDP1",NA,NA,NA,NA,NA,NA,1,9,NA,8,NA,-1
"34TDP2",NA,NA,NA,NA,NA,NA,2,5,1,8,-1,3
"34TDP3",9,92,8,93,-1,1,1,10,NA,10,NA,0
"34TDP4",9,95,13,99,4,4,1,17,NA,9,NA,-8
"34TDQ1",16,115,17,123,1,8,2,22,2,19,0,-3
"34TDQ2",NA,NA,NA,NA,NA,NA,1,19,NA,8,NA,-11
"34TDQ3",14,114,23,125,9,11,1,24,1,16,0,-8
"34TDQ4",NA,NA,NA,NA,NA,NA,2,19,NA,9,NA,-10
"34TDR1",17,124,18,119,1,-5,NA,18,NA,7,NA,-11
"34TDR2",21,136,23,145,2,9,2,22,1,16,-1,-6
"34TDR3",10,107,14,107,4,0,NA,7,1,1,NA,-6
"34TDR4",20,134,16,114,-4,-20,NA,12,1,6,NA,-6
"34TDS1",18,117,24,131,6,14,NA,3,NA,8,NA,5
"34TDS2",17,126,24,139,7,13,NA,16,NA,10,NA,-6
"34TDS3",11,104,16,110,5,6,NA,NA,1,6,NA,NA
"34TDS4",12,108,21,126,9,18,NA,NA,1,7,NA,NA
"34TDT1",12,109,17,121,5,12,NA,6,1,12,NA,6
"34TDT2",NA,NA,NA,NA,NA,NA,NA,1,1,11,NA,10
"34TDT3",19,126,22,138,3,12,NA,7,2,13,NA,6
"34TDT4",NA,NA,NA,NA,NA,NA,NA,1,NA,9,NA,8
"34TEK1",21,130,18,120,-3,-10,1,2,NA,6,NA,4
"34TEK3",NA,NA,NA,NA,NA,NA,1,2,NA,13,NA,11
"34TEL1",NA,NA,NA,NA,NA,NA,1,11,NA,2,NA,-9
"34TEL2",26,142,31,153,5,11,3,22,2,19,-1,-3
"34TEL3",14,104,19,121,5,17,1,14,NA,3,NA,-11
"34TEL4",24,136,24,122,0,-14,NA,8,NA,7,NA,-1
"34TEM1",NA,NA,NA,NA,NA,NA,3,17,NA,8,NA,-9
"34TEM2",NA,NA,NA,NA,NA,NA,4,12,NA,6,NA,-6
"34TEM3",NA,NA,NA,NA,NA,NA,1,11,NA,2,NA,-9
"34TEM4",NA,NA,NA,NA,NA,NA,1,16,NA,NA,NA,NA
"34TEN1",NA,NA,NA,NA,NA,NA,1,13,NA,2,NA,-11
"34TEN2",NA,NA,NA,NA,NA,NA,NA,10,NA,11,NA,1
"34TEN3",NA,NA,NA,NA,NA,NA,2,11,NA,6,NA,-5
"34TEN4",NA,NA,NA,NA,NA,NA,1,14,NA,5,NA,-9
"34TEP1",10,86,14,100,4,14,1,9,2,11,1,2
"34TEP2",NA,NA,NA,NA,NA,NA,1,11,1,13,0,2
"34TEP3",NA,NA,NA,NA,NA,NA,2,19,NA,5,NA,-14
"34TEP4",NA,NA,NA,NA,NA,NA,NA,6,NA,6,NA,0
"34TEQ1",20,129,21,146,1,17,1,23,NA,10,NA,-13
"34TEQ2",NA,NA,NA,NA,NA,NA,NA,10,NA,4,NA,-6
"34TEQ3",9,97,16,97,7,0,NA,NA,1,6,NA,NA
"34TEQ4",10,93,17,103,7,10,2,17,1,5,-1,-12
"34TER1",13,96,17,107,4,11,NA,NA,1,6,NA,NA
"34TER2",8,89,15,108,7,19,NA,15,NA,2,NA,-13
"34TER3",10,91,13,98,3,7,NA,NA,NA,2,NA,NA
"34TER4",12,89,13,95,1,6,NA,NA,NA,12,NA,NA
"34TES1",14,113,22,128,8,15,NA,1,NA,4,NA,3
"34TES2",11,97,16,112,5,15,NA,NA,NA,3,NA,NA
"34TES3",13,107,19,114,6,7,NA,4,1,2,NA,-2
"34TES4",10,92,15,102,5,10,NA,1,NA,1,NA,0
"34TET1",15,119,25,138,10,19,1,5,3,18,2,13
"34TET2",12,110,22,131,10,21,NA,1,1,10,NA,9
"34TET3",11,107,21,119,10,12,NA,1,2,7,NA,6
"34TET4",14,102,19,123,5,21,NA,8,NA,4,NA,-4
"34TFK1",21,141,24,119,3,-22,NA,1,2,7,NA,6
"34TFK3",13,108,14,111,1,3,NA,1,NA,14,NA,13
"34TFL1",20,116,16,123,-4,7,3,24,2,7,-1,-17
"34TFL2",16,109,14,101,-2,-8,NA,NA,NA,4,NA,NA
"34TFL3",21,147,30,158,9,11,3,19,1,20,-2,1
"34TFL4",14,115,14,101,0,-14,NA,3,1,16,NA,13
"34TFM1",13,108,22,129,9,21,4,13,NA,3,NA,-10
"34TFM2",NA,NA,NA,NA,NA,NA,2,18,1,1,-1,-17
"34TFM3",24,135,24,141,0,6,2,20,1,10,-1,-10
"34TFM4",23,135,26,130,3,-5,4,23,NA,10,NA,-13
"34TFN1",NA,NA,NA,NA,NA,NA,2,19,NA,NA,NA,NA
"34TFN2",NA,NA,NA,NA,NA,NA,2,18,NA,6,NA,-12
"34TFN3",19,126,24,146,5,20,4,20,NA,10,NA,-10
"34TFN4",22,137,25,143,3,6,3,23,NA,18,NA,-5
"34TFP1",NA,NA,NA,NA,NA,NA,2,14,NA,1,NA,-13
"34TFP2",NA,NA,NA,NA,NA,NA,3,18,NA,6,NA,-12
"34TFP3",14,104,14,120,0,16,NA,3,NA,4,NA,1
"34TFP4",NA,NA,NA,NA,NA,NA,1,15,NA,3,NA,-12
"34TFQ1",9,79,14,88,5,9,NA,3,NA,4,NA,1
"34TFQ2",NA,NA,NA,NA,NA,NA,2,10,1,8,-1,-2
"34TFQ3",NA,NA,NA,NA,NA,NA,1,2,NA,2,NA,0
"34TFQ4",7,79,10,93,3,14,NA,NA,NA,1,NA,NA
"34TFR1",NA,NA,NA,NA,NA,NA,NA,NA,2,5,NA,NA
"34TFR2",15,75,18,92,3,17,NA,1,1,10,NA,9
"34TFR3",NA,NA,NA,NA,NA,NA,NA,NA,NA,2,NA,NA
"34TFR4",NA,NA,NA,NA,NA,NA,NA,NA,NA,7,NA,NA
"34TFS1",13,92,21,104,8,12,3,11,2,13,-1,2
"34TFS2",10,76,11,88,1,12,NA,NA,NA,2,NA,NA
"34TFS3",NA,NA,NA,NA,NA,NA,NA,NA,1,13,NA,NA
"34TFS4",17,86,18,106,1,20,NA,NA,2,7,NA,NA
"34TFT1",13,94,17,107,4,13,NA,NA,NA,2,NA,NA
"34TFT2",NA,NA,NA,NA,NA,NA,NA,5,NA,6,NA,1
"34TFT3",NA,NA,NA,NA,NA,NA,NA,NA,1,5,NA,NA
"34TFT4",NA,NA,NA,NA,NA,NA,NA,NA,1,5,NA,NA
"34TGK1",NA,NA,NA,NA,NA,NA,NA,2,1,7,NA,5
"34TGL1",14,115,25,125,11,10,4,13,2,9,-2,-4
"34TGL2",16,117,15,95,-1,-22,NA,6,NA,4,NA,-2
"34TGM1",NA,NA,NA,NA,NA,NA,3,21,1,11,-2,-10
"34TGM2",18,121,26,135,8,14,4,20,1,6,-3,-14
"34TGN1",15,126,18,119,3,-7,3,17,1,11,-2,-6
"34TGN2",22,113,19,135,-3,22,2,20,NA,11,NA,-9
"34TGP1",13,99,18,129,5,30,NA,NA,NA,NA,NA,NA
"34TGP2",NA,NA,NA,NA,NA,NA,1,8,NA,1,NA,-7
"34TGQ2",NA,NA,NA,NA,NA,NA,1,2,NA,4,NA,2
"34TGR1",NA,NA,NA,NA,NA,NA,1,NA,NA,3,NA,NA
"34TGR2",NA,NA,NA,NA,NA,NA,NA,NA,NA,3,NA,NA
"34TGS1",NA,NA,NA,NA,NA,NA,NA,NA,NA,9,NA,NA
"34TGS2",17,113,22,119,5,6,NA,NA,NA,7,NA,NA
"34TGT1",17,98,17,98,0,0,NA,NA,2,6,NA,NA
"34TGT2",NA,NA,NA,NA,NA,NA,NA,NA,3,19,NA,NA
"34UCA1",16,127,24,138,8,11,5,30,4,23,-1,-7
"34UCA2",26,136,29,149,3,13,3,12,2,24,-1,12
"34UCA3",18,136,21,135,3,-1,4,33,3,22,-1,-11
"34UCA4",22,139,29,143,7,4,1,24,4,27,3,3
"34UCB1",14,127,15,123,1,-4,3,25,1,10,-2,-15
"34UCB2",15,130,26,141,11,11,4,22,2,18,-2,-4
"34UCB3",14,130,16,127,2,-3,2,26,3,13,1,-13
"34UCB4",15,132,17,132,2,0,5,27,2,19,-3,-8
"34UCC1",14,130,19,141,5,11,3,14,1,12,-2,-2
"34UCC2",17,134,20,135,3,1,2,17,1,8,-1,-9
"34UCC3",16,135,17,131,1,-4,3,14,1,8,-2,-6
"34UCC4",16,133,18,135,2,2,2,26,2,15,0,-11
"34UCD1",16,124,20,130,4,6,4,30,1,22,-3,-8
"34UCD2",16,125,21,134,5,9,2,13,2,15,0,2
"34UCD3",15,131,22,140,7,9,2,19,1,9,-1,-10
"34UCD4",17,138,19,145,2,7,2,7,NA,17,NA,10
"34UCE1",17,130,19,129,2,-1,2,13,1,19,-1,6
"34UCE2",16,131,20,135,4,4,4,18,1,12,-3,-6
"34UCE3",15,130,20,141,5,11,3,24,2,17,-1,-7
"34UCE4",18,132,23,140,5,8,3,19,1,18,-2,-1
"34UCF1",19,128,24,131,5,3,2,19,2,28,0,9
"34UCF2",18,127,25,139,7,12,1,21,3,39,2,18
"34UCF4",22,139,22,138,0,-1,1,4,2,26,1,22
"34UCU1",14,104,20,118,6,14,NA,1,NA,15,NA,14
"34UCU2",21,138,24,129,3,-9,1,7,5,23,4,16
"34UCU3",19,124,23,122,4,-2,NA,1,3,16,NA,15
"34UCU4",17,131,20,133,3,2,1,10,2,20,1,10
"34UCV1",23,128,26,122,3,-6,1,1,5,21,4,20
"34UCV2",23,133,28,135,5,2,NA,NA,4,25,NA,NA
"34UCV3",23,108,24,123,1,15,6,20,3,17,-3,-3
"34UCV4",25,129,28,123,3,-6,NA,1,8,38,NA,37
"34UDA1",16,127,18,124,2,-3,4,18,3,22,-1,4
"34UDA2",19,120,25,131,6,11,3,31,5,34,2,3
"34UDA3",17,132,23,140,6,8,NA,4,4,16,NA,12
"34UDA4",19,127,24,128,5,1,4,10,3,20,-1,10
"34UDB1",15,128,20,134,5,6,3,19,NA,7,NA,-12
"34UDB2",15,130,20,137,5,7,5,13,2,11,-3,-2
"34UDB3",16,132,21,137,5,5,1,9,5,25,4,16
"34UDB4",16,138,22,137,6,-1,4,27,4,19,0,-8
"34UDC1",15,131,18,135,3,4,4,7,3,22,-1,15
"34UDC2",16,134,19,133,3,-1,4,21,2,16,-2,-5
"34UDC3",15,129,25,142,10,13,4,24,3,32,-1,8
"34UDC4",16,133,19,134,3,1,1,20,2,23,1,3
"34UDD1",13,124,20,137,7,13,3,17,2,3,-1,-14
"34UDD2",16,137,19,137,3,0,1,10,1,10,0,0
"34UDD3",12,118,17,130,5,12,1,7,NA,7,NA,0
"34UDD4",15,135,22,137,7,2,3,23,1,17,-2,-6
"34UDE1",16,128,22,132,6,4,2,15,2,16,0,1
"34UDE2",15,125,19,131,4,6,3,25,NA,14,NA,-11
"34UDE3",22,134,24,136,2,2,2,11,2,23,0,12
"34UDE4",18,132,21,134,3,2,2,11,2,12,0,1
"34UDF1",23,133,23,135,0,2,NA,NA,2,10,NA,NA
"34UDF2",18,131,23,138,5,7,2,5,NA,17,NA,12
"34UDF3",21,148,23,133,2,-15,NA,NA,2,24,NA,NA
"34UDF4",19,135,22,136,3,1,1,3,1,22,0,19
"34UDG4",10,103,12,108,2,5,NA,1,NA,13,NA,12
"34UDU1",24,131,24,125,0,-6,NA,NA,2,19,NA,NA
"34UDU2",13,120,18,124,5,4,1,NA,NA,12,NA,NA
"34UDU3",22,132,24,125,2,-7,1,2,5,27,4,25
"34UDU4",14,110,24,133,10,23,4,13,6,29,2,16
"34UDV1",20,109,26,132,6,23,7,27,6,26,-1,-1
"34UDV2",19,108,22,116,3,8,4,9,5,22,1,13
"34UDV3",23,126,25,121,2,-5,6,29,3,24,-3,-5
"34UDV4",23,120,23,117,0,-3,NA,1,NA,14,NA,13
"34UEA1",15,131,21,133,6,2,NA,11,2,10,NA,-1
"34UEA2",17,122,22,127,5,5,NA,8,4,19,NA,11
"34UEA3",14,136,22,141,8,5,2,6,3,22,1,16
"34UEA4",15,124,20,124,5,0,1,23,5,28,4,5
"34UEB1",17,130,20,135,3,5,NA,2,3,12,NA,10
"34UEB2",16,131,20,136,4,5,4,22,2,19,-2,-3
"34UEB3",13,140,19,146,6,6,3,17,3,15,0,-2
"34UEB4",20,143,19,136,-1,-7,1,18,3,26,2,8
"34UEC1",15,136,22,147,7,11,5,23,3,31,-2,8
"34UEC2",17,135,21,144,4,9,3,19,4,36,1,17
"34UEC3",16,126,22,140,6,14,3,18,1,13,-2,-5
"34UEC4",16,134,21,144,5,10,6,21,NA,16,NA,-5
"34UED1",15,131,20,142,5,11,3,6,NA,6,NA,0
"34UED2",16,136,22,149,6,13,1,19,3,22,2,3
"34UED3",16,141,22,146,6,5,2,17,2,25,0,8
"34UED4",13,137,18,136,5,-1,2,15,3,20,1,5
"34UEE1",22,137,25,142,3,5,4,23,1,15,-3,-8
"34UEE2",17,130,21,136,4,6,3,11,3,16,0,5
"34UEE3",17,132,25,137,8,5,4,18,2,13,-2,-5
"34UEE4",18,149,26,145,8,-4,3,6,2,19,-1,13
"34UEF1",19,131,24,141,5,10,NA,NA,NA,2,NA,NA
"34UEF2",16,128,22,137,6,9,3,13,2,10,-1,-3
"34UEF3",15,116,21,129,6,13,NA,NA,NA,5,NA,NA
"34UEF4",19,135,26,137,7,2,NA,9,2,9,NA,0
"34UEG1",19,137,25,146,6,9,NA,1,NA,14,NA,13
"34UEG2",26,146,26,159,0,13,1,6,2,20,1,14
"34UEG3",22,137,23,132,1,-5,NA,NA,NA,7,NA,NA
"34UEG4",17,128,29,146,12,18,NA,NA,3,18,NA,NA
"34UEU1",18,127,26,131,8,4,NA,2,2,9,NA,7
"34UEU2",22,127,22,135,0,8,NA,NA,2,17,NA,NA
"34UEU3",21,137,25,143,4,6,NA,16,1,17,NA,1
"34UEU4",13,115,20,124,7,9,NA,NA,1,2,NA,NA
"34UEV1",16,106,22,114,6,8,2,22,2,18,0,-4
"34UEV2",17,113,22,116,5,3,NA,NA,NA,15,NA,NA
"34UEV3",20,123,23,115,3,-8,5,22,3,22,-2,0
"34UEV4",23,133,26,128,3,-5,1,3,NA,10,NA,7
"34UFA1",17,131,24,142,7,11,2,19,2,13,0,-6
"34UFA2",21,136,23,130,2,-6,4,19,3,14,-1,-5
"34UFA3",19,151,24,154,5,3,2,24,1,10,-1,-14
"34UFA4",22,154,24,136,2,-18,4,32,6,36,2,4
"34UFB1",15,131,19,147,4,16,4,24,2,22,-2,-2
"34UFB2",14,134,24,143,10,9,3,30,4,19,1,-11
"34UFB3",20,152,22,156,2,4,4,18,5,18,1,0
"34UFB4",18,149,21,145,3,-4,3,19,3,16,0,-3
"34UFC1",14,135,21,141,7,6,3,9,3,17,0,8
"34UFC2",22,144,21,146,-1,2,4,17,NA,16,NA,-1
"34UFC3",16,136,26,152,10,16,1,3,1,21,0,18
"34UFC4",23,155,26,154,3,-1,4,30,5,22,1,-8
"34UFD1",17,139,24,146,7,7,2,20,3,19,1,-1
"34UFD2",14,132,22,142,8,10,2,12,2,17,0,5
"34UFD3",25,149,25,150,0,1,8,32,4,19,-4,-13
"34UFD4",22,145,26,154,4,9,14,53,5,25,-9,-28
"34UFE1",23,135,26,135,3,0,4,21,4,24,0,3
"34UFE2",21,148,26,152,5,4,5,32,7,32,2,0
"34UFE3",21,139,28,153,7,14,5,27,4,20,-1,-7
"34UFE4",18,134,25,149,7,15,7,16,1,12,-6,-4
"34UFF1",14,139,18,128,4,-11,NA,NA,NA,9,NA,NA
"34UFF2",19,135,25,138,6,3,4,21,3,19,-1,-2
"34UFF3",15,129,27,144,12,15,1,1,3,26,2,25
"34UFF4",23,142,24,145,1,3,3,10,3,23,0,13
"34UFG1",16,128,24,137,8,9,NA,NA,1,12,NA,NA
"34UFG2",NA,NA,NA,NA,NA,NA,NA,NA,NA,14,NA,NA
"34UFG3",11,113,16,116,5,3,NA,NA,NA,10,NA,NA
"34UFG4",14,106,19,116,5,10,NA,NA,NA,8,NA,NA
"34UFU1",12,122,22,126,10,4,3,26,1,14,-2,-12
"34UFU2",15,124,20,133,5,9,3,26,NA,6,NA,-20
"34UFU4",16,116,23,124,7,8,3,21,5,23,2,2
"34UFV1",22,126,21,114,-1,-12,5,28,5,18,0,-10
"34UFV2",19,102,20,111,1,9,3,30,9,33,6,3
"34UGU2",20,109,22,109,2,0,3,21,3,19,0,-2
"34VCL3",28,113,28,124,0,11,3,18,5,33,2,15
"34VCM3",29,121,33,135,4,14,4,19,5,29,1,10
"34VCM4",32,121,36,136,4,15,5,25,5,35,0,10
"34VCQ3",NA,NA,NA,NA,NA,NA,3,14,5,21,2,7
"34VCR3",26,99,25,96,-1,-3,2,5,6,17,4,12
"34VCR4",NA,NA,NA,NA,NA,NA,4,8,6,22,2,14
"34VDH3",NA,NA,NA,NA,NA,NA,NA,NA,NA,2,NA,NA
"34VDH4",NA,NA,NA,NA,NA,NA,NA,NA,NA,4,NA,NA
"34VDR1",35,116,34,128,-1,12,6,10,6,31,0,21
"34VDR2",34,109,32,116,-2,7,4,6,5,21,1,15
"34VDR3",35,122,38,133,3,11,8,13,5,32,-3,19
"34VEH1",20,132,29,148,9,16,NA,NA,1,6,NA,NA
"34VEH2",21,145,29,142,8,-3,NA,3,2,15,NA,12
"34VEH3",18,127,27,132,9,5,NA,NA,NA,1,NA,NA
"34VEH4",19,137,22,124,3,-13,NA,1,NA,10,NA,9
"34VEJ2",18,120,28,142,10,22,NA,NA,NA,4,NA,NA
"34VEJ3",NA,NA,NA,NA,NA,NA,NA,NA,NA,5,NA,NA
"34VEJ4",16,125,25,134,9,9,NA,NA,NA,3,NA,NA
"34VEK4",19,103,28,128,9,25,3,19,2,16,-1,-3
"34VEM3",36,130,40,136,4,6,4,13,7,28,3,15
"34VEN1",37,126,42,139,5,13,6,19,7,24,1,5
"34VEN2",36,125,41,141,5,16,3,6,6,22,3,16
"34VEN3",27,128,32,148,5,20,6,15,5,19,-1,4
"34VEN4",28,129,38,141,10,12,4,19,7,29,3,10
"34VEP1",41,138,46,150,5,12,5,8,6,15,1,7
"34VEP2",39,138,44,150,5,12,4,18,6,22,2,4
"34VEP3",26,112,29,138,3,26,2,8,7,15,5,7
"34VEP4",29,125,34,143,5,18,8,19,5,21,-3,2
"34VEQ1",41,133,44,143,3,10,3,8,6,16,3,8
"34VEQ2",39,131,45,148,6,17,5,9,7,20,2,11
"34VEQ3",25,116,31,134,6,18,6,16,5,16,-1,0
"34VEQ4",26,110,29,136,3,26,3,8,6,15,3,7
"34VER2",37,118,41,142,4,24,4,9,4,21,0,12
"34VER3",34,124,43,144,9,20,1,5,3,10,2,5
"34VER4",35,116,45,144,10,28,4,7,7,15,3,8
"34VFH1",15,115,23,134,8,19,NA,NA,NA,2,NA,NA
"34VFH2",15,124,21,122,6,-2,NA,NA,NA,13,NA,NA
"34VFH3",17,124,23,133,6,9,NA,NA,NA,1,NA,NA
"34VFH4",NA,NA,NA,NA,NA,NA,NA,NA,NA,4,NA,NA
"34VFJ1",NA,NA,NA,NA,NA,NA,NA,NA,NA,2,NA,NA
"34VFJ2",22,139,31,145,9,6,NA,NA,NA,6,NA,NA
"34VFJ4",23,138,27,140,4,2,NA,NA,NA,5,NA,NA
"34VFK1",27,131,32,127,5,-4,6,24,4,24,-2,0
"34VFK3",32,141,39,152,7,11,6,25,6,31,0,6
"34VFK4",22,116,28,133,6,17,NA,9,2,19,NA,10
"34VFL1",22,108,23,110,1,2,7,19,4,18,-3,-1
"34VFL2",33,136,30,148,-3,12,5,25,5,30,0,5
"34VFL3",25,131,32,144,7,13,6,26,6,30,0,4
"34VFL4",28,139,30,149,2,10,8,27,6,35,-2,8
"34VFM1",31,135,36,143,5,8,7,27,9,28,2,1
"34VFM2",34,127,38,134,4,7,6,26,6,15,0,-11
"34VFN1",27,126,29,138,2,12,9,23,8,29,-1,6
"34VFN2",26,122,28,135,2,13,6,24,7,26,1,2
"34VFP1",27,115,30,137,3,22,7,13,9,20,2,7
"34VFP2",28,124,32,151,4,27,8,20,7,23,-1,3
"34VFQ1",29,118,30,137,1,19,5,11,6,14,1,3
"34VFQ2",27,114,31,136,4,22,6,17,7,16,1,-1
"34VFR1",34,125,40,143,6,18,8,14,7,16,-1,2
"34VFR2",29,119,34,135,5,16,5,15,4,11,-1,-4
"34VXH2",NA,NA,NA,NA,NA,NA,2,8,4,19,2,11
"34WCS3",27,99,27,105,0,6,3,2,6,17,3,15
"34WCS4",25,99,23,89,-2,-10,2,NA,4,10,2,NA
"34WCT3",27,93,24,90,-3,-3,2,1,6,8,4,7
"34WCT4",NA,NA,NA,NA,NA,NA,1,1,5,6,4,5
"34WCU3",NA,NA,NA,NA,NA,NA,4,3,3,5,-1,2
"34WCU4",NA,NA,NA,NA,NA,NA,1,1,4,4,3,3
"34WCV4",NA,NA,NA,NA,NA,NA,5,1,5,7,0,6
"34WDA1",NA,NA,NA,NA,NA,NA,9,11,8,12,-1,1
"34WDA2",NA,NA,NA,NA,NA,NA,5,6,5,10,0,4
"34WDA3",33,82,22,54,-11,-28,5,3,6,6,1,3
"34WDA4",NA,NA,NA,NA,NA,NA,9,14,7,13,-2,-1
"34WDB1",36,82,33,87,-3,5,10,13,9,17,-1,4
"34WDB2",26,70,18,69,-8,-1,10,9,11,12,1,3
"34WDB3",32,72,31,90,-1,18,9,11,9,11,0,0
"34WDB4",26,57,23,64,-3,7,5,4,4,3,-1,-1
"34WDC2",33,74,35,95,2,21,7,13,9,16,2,3
"34WDC3",24,50,22,48,-2,-2,6,6,5,5,-1,-1
"34WDC4",20,69,20,61,0,-8,4,7,9,11,5,4
"34WDS1",27,102,28,96,1,-6,4,1,5,16,1,15
"34WDS2",26,99,23,99,-3,0,4,6,7,16,3,10
"34WDS3",25,108,26,120,1,12,4,11,6,21,2,10
"34WDS4",30,110,33,119,3,9,3,2,7,20,4,18
"34WDT1",28,94,26,98,-2,4,8,7,5,11,-3,4
"34WDT2",28,99,30,112,2,13,6,7,3,15,-3,8
"34WDT3",NA,NA,NA,NA,NA,NA,5,7,6,11,1,4
"34WDT4",27,100,20,92,-7,-8,2,3,7,11,5,8
"34WDU1",NA,NA,NA,NA,NA,NA,8,10,6,13,-2,3
"34WDU2",28,90,18,69,-10,-21,2,1,4,8,2,7
"34WDU3",NA,NA,NA,NA,NA,NA,4,5,5,14,1,9
"34WDU4",27,94,27,96,0,2,5,7,6,12,1,5
"34WDV1",NA,NA,NA,NA,NA,NA,9,6,6,6,-3,0
"34WDV2",31,86,26,83,-5,-3,5,5,8,8,3,3
"34WDV3",33,89,28,85,-5,-4,9,10,7,12,-2,2
"34WDV4",NA,NA,NA,NA,NA,NA,8,10,5,11,-3,1
"34WEA1",34,84,22,64,-12,-20,6,5,5,6,-1,1
"34WEA2",27,82,28,79,1,-3,10,11,3,8,-7,-3
"34WEA3",NA,NA,NA,NA,NA,NA,6,8,4,5,-2,-3
"34WEA4",29,83,18,68,-11,-15,2,3,3,5,1,2
"34WEB1",NA,NA,NA,NA,NA,NA,3,2,6,2,3,0
"34WEB2",31,73,29,83,-2,10,2,1,6,2,4,1
"34WEB3",24,63,18,57,-6,-6,6,7,4,5,-2,-2
"34WEB4",24,69,25,70,1,1,9,10,5,4,-4,-6
"34WEC1",NA,NA,NA,NA,NA,NA,3,6,8,11,5,5
"34WEC2",NA,NA,NA,NA,NA,NA,7,6,8,9,1,3
"34WEC3",NA,NA,NA,NA,NA,NA,8,11,10,11,2,0
"34WEC4",20,43,22,58,2,15,8,9,9,6,1,-3
"34WED2",NA,NA,NA,NA,NA,NA,4,2,4,NA,0,NA
"34WED4",NA,NA,NA,NA,NA,NA,6,5,4,5,-2,0
"34WES1",29,104,30,116,1,12,2,4,4,14,2,10
"34WES2",30,107,33,119,3,12,3,6,6,19,3,13
"34WET1",NA,NA,NA,NA,NA,NA,5,10,7,18,2,8
"34WET2",NA,NA,NA,NA,NA,NA,1,5,5,11,4,6
"34WET3",33,108,35,122,2,14,4,9,6,23,2,14
"34WEU1",NA,NA,NA,NA,NA,NA,2,1,6,10,4,9
"34WEU2",NA,NA,NA,NA,NA,NA,2,4,8,19,6,15
"34WEU3",NA,NA,NA,NA,NA,NA,3,2,6,10,3,8
"34WEU4",32,106,29,110,-3,4,4,6,5,18,1,12
"34WEV1",26,86,21,71,-5,-15,2,NA,4,10,2,NA
"34WEV2",NA,NA,NA,NA,NA,NA,2,2,5,10,3,8
"34WEV3",29,85,19,88,-10,3,1,1,4,10,3,9
"34WEV4",NA,NA,NA,NA,NA,NA,3,1,3,7,0,6
"34WFA1",32,91,40,109,8,18,9,6,6,5,-3,-1
"34WFA2",34,85,37,109,3,24,9,11,5,8,-4,-3
"34WFB2",24,69,26,70,2,1,2,1,3,1,1,0
"34WFS2",38,119,42,140,4,21,5,6,6,10,1,4
"34WFU1",31,105,35,113,4,8,4,10,5,13,1,3
"34WFU2",NA,NA,NA,NA,NA,NA,3,3,5,18,2,15
"34WFV1",33,93,38,106,5,13,6,9,7,8,1,-1
"34WFV2",32,100,34,116,2,16,1,5,6,8,5,3
"35SKB3",NA,NA,NA,NA,NA,NA,1,NA,NA,4,NA,NA
"35SKC4",NA,NA,NA,NA,NA,NA,NA,1,NA,8,NA,7
"35SKE4",NA,NA,NA,NA,NA,NA,NA,NA,NA,1,NA,NA
"35TKE3",NA,NA,NA,NA,NA,NA,NA,1,NA,2,NA,1
"35TKF3",19,119,25,119,6,0,NA,NA,1,15,NA,NA
"35TKF4",21,138,19,121,-2,-17,NA,NA,NA,7,NA,NA
"35TKG3",NA,NA,NA,NA,NA,NA,3,23,1,7,-2,-16
"35TKG4",19,103,20,117,1,14,3,21,1,13,-2,-8
"35TKH3",11,96,15,120,4,24,1,21,NA,7,NA,-14
"35TKH4",14,118,20,126,6,8,2,17,1,6,-1,-11
"35TKJ3",NA,NA,NA,NA,NA,NA,NA,NA,NA,1,NA,NA
"35TKJ4",NA,NA,NA,NA,NA,NA,NA,3,NA,NA,NA,NA
"35TKK3",NA,NA,NA,NA,NA,NA,NA,1,NA,3,NA,2
"35TKK4",NA,NA,NA,NA,NA,NA,NA,NA,NA,1,NA,NA
"35TKL3",13,100,19,118,6,18,NA,NA,NA,7,NA,NA
"35TKL4",NA,NA,NA,NA,NA,NA,NA,NA,NA,4,NA,NA
"35TLF1",16,121,20,114,4,-7,1,10,NA,9,NA,-1
"35TLF2",24,151,20,122,-4,-29,NA,2,NA,10,NA,8
"35TLF3",13,120,17,125,4,5,NA,15,1,4,NA,-11
"35TLF4",15,129,15,114,0,-15,NA,2,1,12,NA,10
"35TLG1",NA,NA,NA,NA,NA,NA,2,22,1,12,-1,-10
"35TLG2",19,126,24,125,5,-1,3,22,1,7,-2,-15
"35TLG3",NA,NA,NA,NA,NA,NA,NA,16,1,20,NA,4
"35TLG4",18,130,23,133,5,3,NA,12,3,13,NA,1
"35TLH1",NA,NA,NA,NA,NA,NA,NA,14,1,16,NA,2
"35TLH2",22,138,25,147,3,9,2,21,2,19,0,-2
"35TLH3",NA,NA,NA,NA,NA,NA,1,14,2,9,1,-5
"35TLH4",20,126,25,128,5,2,1,21,1,19,0,-2
"35TLJ2",NA,NA,NA,NA,NA,NA,NA,3,NA,7,NA,4
"35TLJ3",NA,NA,NA,NA,NA,NA,NA,1,NA,1,NA,0
"35TLJ4",NA,NA,NA,NA,NA,NA,NA,6,NA,8,NA,2
"35TLK1",NA,NA,NA,NA,NA,NA,NA,NA,1,9,NA,NA
"35TLK3",NA,NA,NA,NA,NA,NA,1,2,NA,2,NA,0
"35TLK4",NA,NA,NA,NA,NA,NA,NA,1,NA,3,NA,2
"35TLL1",NA,NA,NA,NA,NA,NA,NA,1,2,13,NA,12
"35TLL2",NA,NA,NA,NA,NA,NA,NA,NA,1,12,NA,NA
"35TLL3",NA,NA,NA,NA,NA,NA,NA,1,1,13,NA,12
"35TLL4",16,88,21,105,5,17,1,1,2,22,1,21
"35TLM1",20,122,21,126,1,4,NA,1,NA,8,NA,7
"35TLM2",NA,NA,NA,NA,NA,NA,NA,NA,NA,8,NA,NA
"35TLM3",19,112,20,114,1,2,NA,3,3,14,NA,11
"35TLM4",21,113,27,125,6,12,NA,NA,5,28,NA,NA
"35TLN1",13,81,15,89,2,8,NA,NA,6,30,NA,NA
"35TLN2",NA,NA,NA,NA,NA,NA,2,13,NA,2,NA,-11
"35TLN3",12,66,16,83,4,17,1,2,3,16,2,14
"35TLN4",14,80,17,86,3,6,NA,2,1,10,NA,8
"35TMF1",14,117,19,123,5,6,NA,15,1,9,NA,-6
"35TMF2",27,154,24,149,-3,-5,NA,NA,1,11,NA,NA
"35TMF3",6,75,10,89,4,14,NA,NA,NA,1,NA,NA
"35TMG1",NA,NA,NA,NA,NA,NA,NA,7,1,10,NA,3
"35TMG2",16,127,21,135,5,8,NA,16,3,18,NA,2
"35TMG3",11,111,15,125,4,14,1,28,1,10,0,-18
"35TMG4",9,94,13,117,4,23,NA,2,NA,4,NA,2
"35TMH1",10,100,16,115,6,15,2,19,NA,5,NA,-14
"35TMH2",19,128,20,139,1,11,2,14,NA,11,NA,-3
"35TMH3",15,125,17,123,2,-2,2,16,NA,5,NA,-11
"35TMH4",16,126,24,141,8,15,2,23,NA,6,NA,-17
"35TMJ1",15,113,20,129,5,16,NA,9,1,10,NA,1
"35TMJ2",23,147,19,132,-4,-15,NA,18,NA,9,NA,-9
"35TMJ3",16,123,23,141,7,18,NA,2,1,4,NA,2
"35TMJ4",7,113,12,110,5,-3,1,20,1,2,0,-18
"35TMK1",NA,NA,NA,NA,NA,NA,NA,NA,NA,6,NA,NA
"35TMK2",9,93,17,109,8,16,NA,5,NA,11,NA,6
"35TMK3",NA,NA,NA,NA,NA,NA,NA,NA,NA,3,NA,NA
"35TMK4",NA,NA,NA,NA,NA,NA,NA,NA,NA,2,NA,NA
"35TML1",14,104,18,110,4,6,NA,1,2,13,NA,12
"35TML2",9,73,16,89,7,16,NA,NA,1,11,NA,NA
"35TML3",15,105,16,91,1,-14,NA,NA,5,11,NA,NA
"35TML4",NA,NA,NA,NA,NA,NA,NA,1,NA,7,NA,6
"35TMM1",12,78,20,89,8,11,NA,NA,NA,4,NA,NA
"35TMM2",NA,NA,NA,NA,NA,NA,NA,NA,1,11,NA,NA
"35TMM3",NA,NA,NA,NA,NA,NA,NA,NA,1,7,NA,NA
"35TMM4",NA,NA,NA,NA,NA,NA,NA,NA,NA,4,NA,NA
"35TMN1",NA,NA,NA,NA,NA,NA,NA,NA,1,4,NA,NA
"35TMN2",13,95,15,99,2,4,NA,NA,NA,7,NA,NA
"35TMN3",11,85,17,107,6,22,NA,NA,NA,9,NA,NA
"35TMN4",NA,NA,NA,NA,NA,NA,NA,NA,NA,3,NA,NA
"35TNG1",24,147,28,144,4,-3,1,19,2,13,1,-6
"35TNG2",NA,NA,NA,NA,NA,NA,NA,8,3,10,NA,2
"35TNG3",22,131,25,146,3,15,1,27,2,29,1,2
"35TNG4",NA,NA,NA,NA,NA,NA,2,13,NA,4,NA,-9
"35TNH1",16,130,17,126,1,-4,1,19,NA,12,NA,-7
"35TNH2",32,156,29,161,-3,5,2,20,1,13,-1,-7
"35TNH3",24,146,23,145,-1,-1,1,16,NA,9,NA,-7
"35TNH4",21,128,22,148,1,20,NA,6,1,4,NA,-2
"35TNJ1",20,134,26,149,6,15,2,29,1,8,-1,-21
"35TNJ2",5,117,9,102,4,-15,1,15,NA,2,NA,-13
"35TNJ3",NA,NA,NA,NA,NA,NA,1,29,2,19,1,-10
"35TNJ4",10,109,15,124,5,15,2,28,NA,5,NA,-23
"35TNK1",10,84,14,99,4,15,NA,NA,NA,2,NA,NA
"35TNK2",NA,NA,NA,NA,NA,NA,NA,NA,1,3,NA,NA
"35TNK3",NA,NA,NA,NA,NA,NA,NA,11,1,11,NA,0
"35TNK4",NA,NA,NA,NA,NA,NA,2,22,2,14,0,-8
"35TNL1",NA,NA,NA,NA,NA,NA,NA,NA,1,11,NA,NA
"35TNL2",NA,NA,NA,NA,NA,NA,NA,NA,1,9,NA,NA
"35TNL3",19,132,21,130,2,-2,NA,2,NA,2,NA,0
"35TNL4",NA,NA,NA,NA,NA,NA,1,24,2,12,1,-12
"35TNM1",7,80,8,94,1,14,NA,NA,NA,NA,NA,NA
"35TNM2",NA,NA,NA,NA,NA,NA,NA,NA,NA,3,NA,NA
"35TNM3",9,95,16,116,7,21,NA,NA,NA,4,NA,NA
"35TNM4",NA,NA,NA,NA,NA,NA,NA,NA,NA,2,NA,NA
"35TNN1",18,125,22,125,4,0,NA,1,NA,2,NA,1
"35TNN2",12,107,22,124,10,17,NA,NA,1,11,NA,NA
"35TNN4",16,120,19,118,3,-2,NA,NA,NA,9,NA,NA
"35TPJ1",NA,NA,NA,NA,NA,NA,3,25,1,15,-2,-10
"35TPJ2",15,129,24,137,9,8,1,19,1,11,0,-8
"35TPK1",21,127,24,132,3,5,5,32,3,18,-2,-14
"35TPK2",NA,NA,NA,NA,NA,NA,2,13,2,22,0,9
"35TPK3",23,113,24,124,1,11,2,27,2,8,0,-19
"35TPK4",NA,NA,NA,NA,NA,NA,NA,NA,NA,6,NA,NA
"35TPL2",18,122,30,139,12,17,2,33,3,19,1,-14
"35TPL4",22,113,28,134,6,21,2,26,1,18,-1,-8
"35TQK1",NA,NA,NA,NA,NA,NA,1,16,1,8,0,-8
"35TQL2",NA,NA,NA,NA,NA,NA,NA,23,1,11,NA,-12
"35ULA1",19,141,26,142,7,1,NA,1,2,20,NA,19
"35ULA2",17,130,25,135,8,5,NA,NA,4,17,NA,NA
"35ULA3",16,126,24,144,8,18,NA,2,5,24,NA,22
"35ULA4",19,132,26,147,7,15,NA,NA,1,12,NA,NA
"35ULB1",14,113,22,124,8,11,NA,NA,1,11,NA,NA
"35ULB2",14,124,19,120,5,-4,NA,NA,NA,9,NA,NA
"35ULB3",16,131,21,130,5,-1,NA,NA,1,12,NA,NA
"35ULB4",16,129,21,128,5,-1,NA,NA,2,15,NA,NA
"35ULP2",16,94,19,101,3,7,2,16,6,33,4,17
"35ULP4",15,99,17,103,2,4,1,4,5,30,4,26
"35ULR1",14,130,21,142,7,12,NA,7,1,7,NA,0
"35ULS2",15,135,18,133,3,-2,2,13,1,26,-1,13
"35ULV1",18,128,26,147,8,19,NA,NA,NA,8,NA,NA
"35ULV3",NA,NA,NA,NA,NA,NA,NA,NA,1,10,NA,NA
"35UMA1",17,128,28,143,11,15,NA,NA,1,12,NA,NA
"35UMA2",NA,NA,NA,NA,NA,NA,NA,NA,NA,3,NA,NA
"35UMA3",21,138,27,147,6,9,NA,NA,NA,8,NA,NA
"35UMB1",17,127,29,143,12,16,NA,1,4,18,NA,17
"35UMB2",19,133,29,153,10,20,NA,1,2,23,NA,22
"35UMB3",17,136,31,151,14,15,NA,NA,NA,8,NA,NA
"35UMB4",17,133,29,156,12,23,NA,NA,1,9,NA,NA
"35UMP2",NA,NA,NA,NA,NA,NA,1,2,1,16,0,14
"35UMP4",18,118,17,126,-1,8,1,4,NA,NA,NA,NA
"35UMV1",NA,NA,NA,NA,NA,NA,NA,NA,2,10,NA,NA
"35UNB1",25,132,31,155,6,23,NA,NA,1,4,NA,NA
"35UNP2",14,118,14,115,0,-3,NA,NA,NA,3,NA,NA
"35VLC1",17,108,23,130,6,22,NA,NA,NA,3,NA,NA
"35VLC2",12,106,21,122,9,16,NA,NA,NA,4,NA,NA
"35VLC3",19,119,25,135,6,16,NA,NA,NA,1,NA,NA
"35VLC4",16,119,25,134,9,15,NA,NA,2,6,NA,NA
"35VLD1",NA,NA,NA,NA,NA,NA,NA,NA,NA,4,NA,NA
"35VLD2",21,133,30,142,9,9,NA,NA,NA,10,NA,NA
"35VLD3",19,122,25,137,6,15,NA,NA,NA,5,NA,NA
"35VLD4",18,124,25,133,7,9,NA,NA,3,10,NA,NA
"35VLE3",31,138,33,148,2,10,9,28,6,33,-3,5
"35VLE4",31,135,31,144,0,9,7,26,6,35,-1,9
"35VLF3",30,140,32,140,2,0,9,26,7,36,-2,10
"35VLF4",19,118,25,128,6,10,8,26,7,36,-1,10
"35VLG3",36,136,42,151,6,15,12,37,11,36,-1,-1
"35VLG4",NA,NA,NA,NA,NA,NA,6,20,6,21,0,1
"35VLH3",30,131,32,144,2,13,10,29,9,27,-1,-2
"35VLH4",30,124,31,146,1,22,11,29,8,28,-3,-1
"35VLJ3",27,114,31,141,4,27,9,15,9,21,0,6
"35VLJ4",28,122,32,140,4,18,8,23,9,23,1,0
"35VLK3",27,116,28,136,1,20,4,7,7,13,3,6
"35VLK4",27,106,31,135,4,29,9,19,9,20,0,1
"35VLL3",25,110,29,135,4,25,3,9,7,12,4,3
"35VLL4",31,116,33,127,2,11,5,1,7,8,2,7
"35VMC1",19,125,24,132,5,7,NA,NA,NA,NA,NA,NA
"35VMC2",NA,NA,NA,NA,NA,NA,NA,1,NA,5,NA,4
"35VMC3",28,141,33,149,5,8,NA,NA,NA,3,NA,NA
"35VMC4",NA,NA,NA,NA,NA,NA,NA,NA,NA,5,NA,NA
"35VMD1",19,121,24,133,5,12,NA,NA,NA,4,NA,NA
"35VMD2",19,111,25,130,6,19,NA,NA,1,1,NA,NA
"35VMD3",20,125,23,129,3,4,7,29,4,22,-3,-7
"35VMD4",22,120,24,140,2,20,NA,NA,1,2,NA,NA
"35VME1",22,130,28,128,6,-2,7,29,6,31,-1,2
"35VME2",21,122,25,135,4,13,7,27,6,33,-1,6
"35VME3",25,140,30,144,5,4,7,29,6,40,-1,11
"35VME4",19,121,26,130,7,9,7,29,6,31,-1,2
"35VMF1",34,131,32,135,-2,4,7,26,7,34,0,8
"35VMF2",20,119,25,119,5,0,6,24,5,33,-1,9
"35VMF3",25,127,33,141,8,14,8,26,8,31,0,5
"35VMF4",23,128,26,137,3,9,9,29,6,33,-3,4
"35VMG1",35,125,41,143,6,18,6,27,8,26,2,-1
"35VMG2",25,122,35,130,10,8,7,26,7,22,0,-4
"35VMG3",30,104,34,123,4,19,3,20,3,15,0,-5
"35VMG4",NA,NA,NA,NA,NA,NA,7,22,3,10,-4,-12
"35VMH1",29,137,30,136,1,-1,9,22,7,25,-2,3
"35VMH2",26,122,30,139,4,17,7,25,9,25,2,0
"35VMH3",27,124,33,141,6,17,7,20,6,19,-1,-1
"35VMH4",31,133,36,150,5,17,5,13,6,23,1,10
"35VMJ1",28,121,33,133,5,12,8,20,8,19,0,-1
"35VMJ2",25,114,27,134,2,20,8,12,7,18,-1,6
"35VMJ3",25,116,29,131,4,15,5,8,5,14,0,6
"35VMJ4",26,109,28,119,2,10,7,13,7,20,0,7
"35VMK1",27,118,32,126,5,8,5,11,8,16,3,5
"35VMK2",30,118,34,133,4,15,6,10,8,20,2,10
"35VMK3",27,122,30,125,3,3,11,20,5,8,-6,-12
"35VMK4",30,121,33,131,3,10,8,19,5,16,-3,-3
"35VML1",26,110,33,132,7,22,6,13,6,9,0,-4
"35VML2",27,113,30,135,3,22,8,9,6,12,-2,3
"35VML3",26,108,30,129,4,21,11,13,8,8,-3,-5
"35VML4",25,111,28,124,3,13,6,8,4,8,-2,0
"35VNC1",16,112,22,136,6,24,NA,NA,NA,4,NA,NA
"35VNC2",11,110,25,130,14,20,NA,NA,NA,5,NA,NA
"35VNC3",NA,NA,NA,NA,NA,NA,NA,NA,1,3,NA,NA
"35VNC4",25,129,31,151,6,22,NA,3,2,12,NA,9
"35VND1",20,119,25,122,5,3,6,25,2,23,-4,-2
"35VND2",15,113,25,135,10,22,NA,NA,1,1,NA,NA
"35VND3",NA,NA,NA,NA,NA,NA,NA,1,NA,3,NA,2
"35VNE1",19,123,27,140,8,17,7,28,5,33,-2,5
"35VNE2",20,132,27,131,7,-1,6,31,6,28,0,-3
"35VNF1",22,128,29,145,7,17,6,27,5,24,-1,-3
"35VNF2",18,123,24,135,6,12,6,24,4,20,-2,-4
"35VNF3",NA,NA,NA,NA,NA,NA,5,17,3,10,-2,-7
"35VNH1",27,114,28,136,1,22,6,12,7,16,1,4
"35VNH2",36,134,42,150,6,16,7,22,5,28,-2,6
"35VNH3",30,130,33,147,3,17,7,21,8,32,1,11
"35VNH4",NA,NA,NA,NA,NA,NA,5,20,4,17,-1,-3
"35VNJ1",27,114,29,134,2,20,6,13,6,19,0,6
"35VNJ2",25,110,32,133,7,23,5,13,8,20,3,7
"35VNJ3",28,115,27,129,-1,14,6,19,3,11,-3,-8
"35VNJ4",25,113,23,121,-2,8,7,6,5,16,-2,10
"35VNK1",26,111,31,131,5,20,14,25,6,18,-8,-7
"35VNK2",28,113,31,137,3,24,13,24,6,18,-7,-6
"35VNK3",27,107,28,129,1,22,10,15,6,15,-4,0
"35VNK4",27,113,24,114,-3,1,8,11,6,16,-2,5
"35VNL1",23,109,29,121,6,12,11,21,10,20,-1,-1
"35VNL2",29,126,32,133,3,7,11,21,9,21,-2,0
"35VNL3",25,100,31,120,6,20,11,13,6,10,-5,-3
"35VNL4",25,110,28,123,3,13,11,16,7,10,-4,-6
"35VPH1",NA,NA,NA,NA,NA,NA,3,15,4,12,1,-3
"35VPJ1",27,117,30,138,3,21,11,18,8,20,-3,2
"35VPJ2",28,128,32,143,4,15,7,10,7,15,0,5
"35VPK1",26,120,33,143,7,23,6,15,8,15,2,0
"35VPK2",29,125,34,141,5,16,6,17,7,23,1,6
"35VPL1",25,105,26,122,1,17,13,16,6,9,-7,-7
"35VPL2",27,112,31,128,4,16,9,8,5,10,-4,2
"35WLM3",39,140,47,149,8,9,7,15,8,13,1,-2
"35WLM4",26,114,36,143,10,29,8,14,8,11,0,-3
"35WLN3",35,116,41,137,6,21,2,10,6,11,4,1
"35WLP3",31,99,34,101,3,2,2,3,4,8,2,5
"35WLP4",30,112,31,132,1,20,6,14,6,14,0,0
"35WLQ4",NA,NA,NA,NA,NA,NA,3,6,4,6,1,0
"35WMM1",36,135,40,153,4,18,7,18,9,18,2,0
"35WMM2",30,114,30,130,0,16,7,15,6,10,-1,-5
"35WMM3",30,113,33,136,3,23,8,18,6,8,-2,-10
"35WMM4",30,114,33,131,3,17,5,9,6,10,1,1
"35WMN1",34,118,42,128,8,10,10,16,4,9,-6,-7
"35WMN2",38,130,48,156,10,26,13,24,9,18,-4,-6
"35WMN3",32,104,27,111,-5,7,6,5,3,4,-3,-1
"35WMN4",29,107,32,122,3,15,7,12,6,7,-1,-5
"35WMP1",29,106,36,128,7,22,12,14,7,13,-5,-1
"35WMP2",30,97,31,120,1,23,9,7,4,6,-5,-1
"35WMP3",28,98,31,116,3,18,11,12,4,7,-7,-5
"35WMP4",32,99,29,104,-3,5,5,7,4,6,-1,-1
"35WMQ1",27,82,30,99,3,17,1,6,3,3,2,-3
"35WMQ2",29,91,28,100,-1,9,5,3,4,4,-1,1
"35WMQ3",29,93,29,105,0,12,8,8,4,5,-4,-3
"35WMQ4",28,90,28,94,0,4,4,3,3,5,-1,2
"35WMR1",27,74,30,89,3,15,1,NA,5,2,4,NA
"35WMR2",28,90,32,103,4,13,9,13,6,6,-3,-7
"35WMR3",30,82,26,86,-4,4,2,NA,5,2,3,NA
"35WMR4",32,89,30,99,-2,10,10,12,4,4,-6,-8
"35WMS1",18,52,20,62,2,10,4,5,4,3,0,-2
"35WMS2",28,77,29,79,1,2,4,2,3,3,-1,1
"35WMS3",30,84,34,84,4,0,6,3,2,4,-4,1
"35WMS4",33,91,36,96,3,5,3,NA,6,4,3,NA
"35WMT1",36,80,37,93,1,13,7,10,10,11,3,1
"35WMT2",27,65,24,66,-3,1,8,8,7,10,-1,2
"35WMT3",23,59,25,68,2,9,4,5,4,4,0,-1
"35WMT4",33,85,34,97,1,12,7,7,9,6,2,-1
"35WMU1",36,52,29,39,-7,-13,4,1,3,2,-1,1
"35WMU2",25,64,25,61,0,-3,8,8,9,10,1,2
"35WMU3",NA,NA,NA,NA,NA,NA,4,3,4,2,0,-1
"35WMU4",NA,NA,NA,NA,NA,NA,4,3,7,5,3,2
"35WNM1",26,101,30,120,4,19,10,11,7,10,-3,-1
"35WNM2",NA,NA,NA,NA,NA,NA,9,12,7,13,-2,1
"35WNM3",25,100,29,119,4,19,11,9,5,6,-6,-3
"35WNM4",26,107,30,129,4,22,13,20,8,15,-5,-5
"35WNN1",31,102,34,118,3,16,11,10,6,7,-5,-3
"35WNN2",32,109,31,109,-1,0,9,4,5,5,-4,1
"35WNN3",NA,NA,NA,NA,NA,NA,8,7,4,8,-4,1
"35WNN4",24,97,32,112,8,15,10,9,4,5,-6,-4
"35WNP1",27,96,28,107,1,11,3,4,4,8,1,4
"35WNP2",30,100,33,104,3,4,13,11,4,8,-9,-3
"35WNP3",27,88,35,108,8,20,7,9,4,5,-3,-4
"35WNP4",NA,NA,NA,NA,NA,NA,10,8,7,11,-3,3
"35WNQ1",27,91,33,99,6,8,5,6,4,6,-1,0
"35WNQ2",28,94,35,114,7,20,9,9,3,9,-6,0
"35WNQ3",27,89,32,101,5,12,10,6,3,2,-7,-4
"35WNQ4",NA,NA,NA,NA,NA,NA,11,12,6,8,-5,-4
"35WNR1",31,89,34,100,3,11,7,5,7,4,0,-1
"35WNR2",31,90,29,89,-2,-1,4,3,3,4,-1,1
"35WNR3",NA,NA,NA,NA,NA,NA,3,NA,1,NA,-2,NA
"35WNR4",28,76,26,82,-2,6,11,7,2,2,-9,-5
"35WNS1",33,88,33,95,0,7,10,9,6,8,-4,-1
"35WNS2",35,103,37,114,2,11,10,9,5,6,-5,-3
"35WNS3",NA,NA,NA,NA,NA,NA,10,12,8,13,-2,1
"35WNS4",NA,NA,NA,NA,NA,NA,3,1,4,1,1,0
"35WNT1",28,76,31,95,3,19,7,7,6,6,-1,-1
"35WNT2",33,76,30,93,-3,17,11,8,5,5,-6,-3
"35WNT3",33,62,38,80,5,18,7,9,8,12,1,3
"35WNT4",35,79,40,103,5,24,7,13,11,12,4,-1
"35WNU1",NA,NA,NA,NA,NA,NA,5,6,6,6,1,0
"35WNU2",24,55,23,62,-1,7,4,5,8,11,4,6
"35WNU3",NA,NA,NA,NA,NA,NA,2,4,3,3,1,-1
"35WNU4",28,55,35,62,7,7,2,4,8,8,6,4
"35WPM1",26,96,27,97,1,1,6,4,5,4,-1,0
"35WPM2",25,101,28,123,3,22,14,19,11,16,-3,-3
"35WPN1",31,103,32,103,1,0,3,2,5,5,2,3
"35WPN2",23,92,30,104,7,12,7,4,3,4,-4,0
"35WPP1",NA,NA,NA,NA,NA,NA,9,11,4,6,-5,-5
"35WPP2",35,116,37,138,2,22,9,14,5,9,-4,-5
"35WPQ1",NA,NA,NA,NA,NA,NA,1,NA,1,1,0,NA
"35WPR2",NA,NA,NA,NA,NA,NA,10,10,3,2,-7,-8
"36VUP3",NA,NA,NA,NA,NA,NA,6,11,6,18,0,7
"36VUP4",NA,NA,NA,NA,NA,NA,5,11,2,10,-3,-1
"36VUQ3",28,117,33,140,5,23,11,23,4,10,-7,-13
"36VUQ4",28,116,32,143,4,27,10,22,6,17,-4,-5
"36VUR3",NA,NA,NA,NA,NA,NA,8,7,4,2,-4,-5
"36VUR4",25,115,33,131,8,16,10,13,5,13,-5,0
"36VVQ1",NA,NA,NA,NA,NA,NA,7,10,3,5,-4,-5
"36VVQ2",NA,NA,NA,NA,NA,NA,1,NA,1,NA,0,NA
"36VVR2",NA,NA,NA,NA,NA,NA,NA,1,1,NA,NA,NA
"36WUS3",NA,NA,NA,NA,NA,NA,4,2,NA,2,NA,0
"36WUS4",NA,NA,NA,NA,NA,NA,7,6,5,6,-2,0
"36WUU4",NA,NA,NA,NA,NA,NA,NA,NA,3,3,NA,NA
"36WVC1",25,46,29,59,4,13,5,4,6,6,1,2
"36WVC2",NA,NA,NA,NA,NA,NA,6,13,7,11,1,-2
"36WVD2",NA,NA,NA,NA,NA,NA,6,5,8,8,2,3
