cell50x50,SR
30TYP2,14
31UES2,9
31TBL3,19
30TYQ1,12
35VME1,11
35VME3,11
35VLE3,10
35VMF3,13
35VNE1,9
35VMF4,10
35VMD3,6
34VFK4,4
35VME4,9
34VFL2,9
34VFK3,9
35VMG2,8
34VFL4,11
35VLF3,12
35VLE4,9
35VLF4,12
35VMF1,13
35VME2,11
35VNF1,9
34VFL3,11
35VNF2,7
35VNE2,11
34VFK1,5
35VMF2,10
33WXR2,2
35VND1,5
34VEK4,3
35VMD1,1
34VFL1,5
35VNF3,2
33TXJ2,4
32UPU4,12
30SVH1,5
30TVK1,7
31TGM2,22
29SMC3,5
31UES3,11
31UES4,9
34UCV2,9
31TCG4,9
32VNH4,10
35ULA3,8
33UUP3,8
32UNC3,19
31UCT3,10
30VVH1,7
34VFN1,12
31UFT2,14
31TEL1,22
32TMS4,16
29SMD3,3
29TNH2,3
34VEN2,10
31TFL1,22
30UVE4,12
33TWN2,13
33UXP2,15
29SPB2,5
34UCA3,4
30SUF3,5
33UXQ4,5
32TMR1,8
31TCJ4,20
35WNS1,5
33UUU4,9
34VFR1,7
30SVF1,3
32UNG1,13
33TTG4,5
33UUT2,7
31UEQ2,18
33TUM4,8
30UXC4,13
32TQN2,6
33UUS1,13
32UMA2,16
35WMP1,7
33UXQ3,10
32UMV3,14
32UNE2,7
31TCH4,18
29TNG1,5
32TNQ2,7
32TPR3,7
29TNF1,3
30UVB3,10
32ULV3,11
30TTP4,7
35VLG3,16
30UXB4,14
31TGL1,22
30UWF4,8
33UWQ4,5
33TXH3,2
32TNT1,14
32UPB4,16
32TLT3,17
32UMV1,16
32TQS2,10
35WNU2,5
30TUK1,9
33UUB3,15
30VVJ4,8
31UDP1,17
33TUG3,5
33UWR3,9
34UDV1,8
32TMT3,15
31TGL2,21
29TNF4,5
33TWM3,11
34UCU4,6
30TTK3,6
32TPT4,7
33UVS1,7
32TPS4,11
30UWV3,11
30SVH2,10
30SXJ1,5
33UWP4,9
30TXP2,16
32TNR3,8
32TLR4,10
32TPT1,9
33TTK3,1
30VVH2,9
33TUL4,2
32TQS1,7
32TMT2,16
29TQE1,4
32UNF1,14
33TVG1,6
30TVL2,4
32ULV1,17
34VEP1,9
32UPC1,14
32ULA3,16
29SPB1,5
33TTL3,5
31VFG1,11
30UWB1,14
33TVK3,4
32UQU1,6
29TPJ4,9
31UFS2,7
31UFS4,16
33VVG2,8
31UES1,8
30TWL4,4
32UPV3,16
29TPH1,7
30UXD3,7
33TWJ3,5
32ULB4,18
31TGH1,13
31UFR4,18
31TBJ4,11
30TUN1,11
32TLS2,20
31TDH4,18
32VPH2,10
35TKF3,1
29TNE1,4
32UPC2,16
34TFN3,3
33TWK1,6
33VVL4,9
32UPU3,6
35VLD2,1
34UDG4,1
32TLQ3,12
31UDQ4,20
31UDQ2,18
30UVU4,13
30TWT1,15
31TGJ2,19
32TKP4,18
31TFJ4,15
31TDK4,20
30UVD1,11
32UMU1,17
32UMB3,11
34UEG2,4
30UXC2,14
32UMD3,8
35WLM4,8
32TPP4,4
32ULA2,16
32UNC4,14
31UER3,12
32UNV2,11
33TVN4,5
32TMT1,16
32UNE4,11
31TCH2,18
33VUL4,6
30UWU3,11
31UFT1,13
32UPE1,10
34UDV3,5
33UVR4,9
32TPN4,7
30TXN2,4
32UMD2,14
32UMA3,17
32TKP3,18
35VMK1,9
32TKR4,16
35VMH4,10
33TXN2,5
33TWN4,9
31TDH1,20
32TNS1,18
32UMC1,15
32VNR4,11
32UNC2,15
31TBH4,15
33UWP2,7
31TDJ4,21
32TLQ1,13
33UVR3,8
32UNU3,9
30UWF2,11
33VXG2,17
34VFP2,12
34WEV1,4
32ULC1,13
31TFJ1,16
32VMP4,7
32UNE3,12
35WNM1,7
32TNS3,16
33UXQ1,8
32TPQ2,4
32TNP3,4
30TYL2,3
35VML3,7
34TCP4,1
31UFU2,12
30TVM3,9
32TNQ1,6
32ULV4,16
31TFL2,20
32UME2,9
31TDF1,4
31UFS1,8
31TEJ1,18
32TMR2,7
33VXF3,16
34UDC3,9
32TNR4,5
30TWN1,7
32TPQ1,5
33UVQ1,3
31TDH2,18
35VLH4,14
32UND1,8
30UVF1,10
33TUL3,3
32ULA1,14
32UNG3,10
33UUQ4,16
31UFR3,12
31TCM4,20
30UXE2,8
31TFJ2,10
34UFF3,8
30TYN2,11
30UXC3,11
32TPP3,7
30SYH1,8
30UXU2,13
30SVJ4,3
33UWP3,9
31UCT1,11
31TEJ3,15
34TEQ4,4
31TDH3,19
30TXN3,20
30TYN1,22
31TFK2,20
31UCQ1,13
31UCP2,14
31UFP2,18
31TEK3,19
31TFK3,20
31TEM1,19
31TFL3,22
31TEK4,18
31TFM4,20
31UFQ1,18
31TDL3,19
31UCQ3,9
31TFL4,19
31TGM1,23
30TXR3,19
31TEL4,16
31TDM3,19
31TFK1,20
31TFK4,16
31TGK2,16
31TFM2,18
32TLR2,19
32TLR1,17
31TEL3,19
31TDL4,19
31TDK3,22
31TEL2,20
31TDM4,17
31UDR3,12
31UEQ1,18
31TCL1,21
31TEM4,17
31UDQ1,18
31UDQ3,19
31UDR2,16
31TEK1,18
30TXS1,13
31TCL3,21
31TGN2,21
31TDM2,20
32TKR3,16
31TGK1,18
31UGP2,16
30UXV4,14
31TEN3,17
31TFN3,17
31TDK1,18
30UXU4,15
31TFM1,18
31UDS2,16
31TDL2,22
30TYT1,14
31UCP3,15
30TXS4,17
31TEM2,17
31UFP1,16
30UXV1,12
32TKQ3,19
31UCP4,17
31UDR4,17
30UXV2,14
34TGT2,4
32TQQ2,4
30TVL3,7
30TUN3,16
32UMA4,16
33TWM1,11
30SVG4,3
30UXB3,18
33UVR2,9
33VUD1,14
31TEG1,10
32TPN3,8
30STF3,4
32TPR2,6
30UYU2,16
34TCT1,9
31TDG1,16
30SYK2,8
31UCS1,13
32UND2,9
32UNA1,14
35WMQ2,3
33UWR1,6
30SUH4,5
33UXQ2,5
30TXL4,1
30SWF1,4
32TMQ4,8
32UNU1,11
32TPP2,7
31UFS3,13
33WWN4,5
31TDG2,13
31UFT3,12
31UER1,13
32VPM2,15
32ULB1,15
30SWG2,6
31UDS4,11
33UVR1,5
31TBF4,9
29TQH1,7
34TFQ2,2
33VVL2,9
30UWD4,12
32ULC4,15
34WCU4,2
32VNM4,12
33TWN3,7
32TNT2,16
31TDJ2,16
35WMS4,5
34UCV3,7
30TUN2,6
31TEJ4,18
32TNR1,6
34VEN4,12
34UCU3,8
32TLP3,19
34UFD1,4
34UDU2,3
33UVT1,6
34UFD4,8
34UFA4,13
32UNC1,16
32TQP1,8
32TMQ2,11
35VNH3,15
31TEJ2,16
30TYS2,19
31UDP3,19
30TXT3,17
31TCK4,18
31TDK2,18
31TCJ3,19
31TEH1,14
31TCH1,20
31TCK3,20
31TCH3,22
31TEH2,9
33VUC2,10
32UMG3,11
32VNJ2,8
32VNH2,11
32VNH1,10
32UMG4,11
32VNH3,10
32UNG2,11
32VNJ4,10
32VMH4,10
31UFQ2,17
30UWD3,13
30UWD1,12
32UNF2,10
32TLT4,16
34UEC1,8
31UCS3,10
33TVF3,5
33VWF3,13
30UVB4,13
30SWJ4,5
33VWC2,15
30SWH2,5
31TCL4,19
32UMU2,13
32TNS4,14
35WMN2,9
33TVM1,11
30VVJ1,7
30SYH2,4
29SNE2,5
29SNB4,2
32UMC3,14
32TPP1,9
34WFA2,4
33UUU3,10
32UMC2,12
32UPB2,5
33TUH2,5
33UVT2,6
33TVM4,4
32ULE4,9
30UXB1,13
30VVH4,8
33TVM2,8
32TPR4,3
36WVD2,4
30TVN1,17
32UND3,11
30UUA3,7
33VUD4,12
32UMV4,9
34TBN4,8
34WDV4,4
31UCT2,10
32UPD1,9
29UNU3,4
31UFQ4,18
32UND4,11
30UXD1,12
33UUS4,11
32UNF4,10
30UXV3,9
32UPE4,6
30UUF2,6
34UDC2,3
31UDP2,14
31UDP4,16
30TXQ4,12
30TXQ2,12
30TXP3,14
30UWU1,13
31TCK2,18
34WCV4,3
33VWF4,14
33VUJ4,11
32VPK4,14
33VUK3,7
33VWG4,17
33VWF2,13
34WEU4,5
33VUC4,16
33VUD2,14
33VVC3,15
33VVF2,12
32VPK3,14
34WDT2,4
33VXF2,13
33UUB4,11
33UVB1,18
33VUE3,9
33WVM3,8
33VVC2,16
33VUE4,10
33VWF1,16
33VVD4,12
33VWE1,15
33VUF4,11
33VWE2,15
33VWD4,18
33VVD2,14
33UVB2,9
33WVM1,7
34WDU3,4
34WDT3,5
33VVK3,7
33VVD1,15
34WDU4,5
34VDR3,12
33VVE2,15
33VVC4,17
33VUC3,15
33VWC3,14
34VDR1,12
33VVD3,12
34VCM4,13
33VVE4,14
33VVE3,13
34WEU2,8
33VVE1,15
33VXD2,10
33VXK2,12
34WDA4,5
33VVF3,15
34WET1,7
33VVF1,13
33VWH4,12
33VWD1,15
34WET3,7
33VWG1,15
33VWE3,13
34WEV2,4
33VXJ1,9
33VUD3,12
33VWD2,13
33VVC1,15
35WLP4,5
33VXG1,16
33VWG2,14
33VXH2,10
33VUG4,12
34WEU3,5
33VXF4,14
33VWH2,14
33VXK1,10
33VWL1,8
32VPL3,14
33VXL2,6
33VWD3,14
33VXF1,13
34WFU1,4
33WXM2,3
34WDB2,9
33VWK4,8
34WEU1,5
34WFU2,4
34VCL3,13
33VWL4,6
33VVF4,13
33VVK2,7
33VWG3,11
33VWE4,14
34WDT1,4
34VCM3,13
33VUF3,9
30TXQ3,16
31TEK2,18
32TLT1,21
30TXQ1,14
30TYS1,20
31TCM2,21
30TWT3,13
31UCR4,17
33TVN3,15
33TVN1,11
33UVP2,12
29TPF3,8
31UER4,18
31UER2,15
31TBK4,15
30TXP4,18
32TLR3,10
29UMU3,4
34WDB3,7
29TPH4,14
34UEA4,9
32VPL1,12
30VWJ3,7
29UPA1,6
30VVH3,8
34UEA3,6
29SND3,4
30SVK2,4
31TFJ3,14
32UPA3,12
35WPP1,3
30UVD4,12
33TWJ4,1
31UFQ3,20
33UVP1,10
30UWB4,14
29TNF2,4
35VLL4,7
29TPH3,11
33TVG2,6
30UVC3,13
31SBC3,3
34UCC4,2
30TYT2,19
34UCA1,7
33UVT3,5
32TPR1,10
32TMP3,2
33UWV1,3
29TNE3,4
30TXN4,7
32UQU2,9
35WMT1,8
32TKQ4,19
30SWH3,4
32TPS2,6
35VLJ3,11
32VNL2,9
35TLL4,6
31TCM1,20
34TFN4,3
32TLQ4,9
35UMB1,4
30SXH4,6
33UWQ1,4
33UUR3,2
33TXL1,2
31UCU3,6
35ULA1,7
30VUJ4,5
31TDJ1,17
30TYR1,19
31UEP1,15
31TCN3,19
31TCN1,19
29TPG4,6
29TQF1,7
30TXR4,17
32TMT4,16
32TPS1,13
32TMS1,19
32TMS3,15
32TMR3,13
32TNS2,12
32TNT4,12
33VVH1,5
33VVH2,8
33VUH3,12
33WXR1,6
33VUJ3,8
34WET2,4
34WDS4,11
34WDA1,6
34WCT3,5
34WDV3,6
33VVJ3,4
33WWP3,5
34WDT4,6
33WWM2,6
34VXH2,7
34VDR2,11
33WWM3,4
34WDS2,7
31UDR1,16
32UMG1,6
32UMF3,9
32VMH3,11
30TWT4,15
31TFN2,21
31TEM3,18
31TEN4,19
31UEP4,17
31TFN1,22
31TEN1,19
31TEN2,19
31UEP2,18
31TFN4,18
31TFM3,20
31TGN1,21
36WVC2,6
32VNQ4,5
32VNL1,10
32VNM1,7
33WVQ3,6
32VMQ3,10
34WEC3,8
32VMN4,9
33VUH4,10
32VNQ2,8
32VNL4,11
32VNR1,7
32VLK4,8
31VFF3,10
32VNM3,13
32VNQ3,8
32VNL3,11
32VNM2,9
31VFG2,8
32VPR1,10
32WNS4,5
34WDC2,7
35WNU4,5
32VPR2,8
33WVP1,7
32VPN1,13
32VLM4,7
32VPM1,14
32VNQ1,7
32VNN2,7
34WDB1,7
32VNN3,12
33WVP3,7
34WDC4,7
32VPN2,8
33WUM4,6
32VML4,6
32VPQ2,7
31VFJ1,6
32VML3,8
32VMQ4,6
31VFH2,10
32VMK3,8
32VNN4,9
32VNP2,9
32VNP3,8
32VMP3,7
32VLP3,8
31VFE3,7
32VPL2,10
32VMK2,10
35WNU1,2
32VNR3,6
32WNS3,2
32VNR2,7
33WVN3,8
30UVU3,16
30TYR2,14
33VXJ2,8
33VWC1,13
33VVJ4,5
33WWM4,7
34WES2,8
33VXL1,4
33VUG3,10
32VPL4,11
33VWK3,7
33VUL3,8
33VVH4,8
33WWN2,6
34VCR4,8
34VCR3,8
33VVH3,10
33VXH1,12
30TXS3,16
31TBL4,18
31TDL1,20
31TDG3,19
29TQG2,10
32ULU3,20
33UXT2,2
30VUH3,6
30UVB2,11
31SBE4,4
30UWE2,11
30VUH1,9
34VEQ3,7
34UEC2,13
33UUP2,14
30UVF4,10
29UPA4,6
33TTL4,1
33UVQ2,7
29SPC1,2
33TUG4,7
30UXD2,13
33TTH3,5
29SQB2,6
30UVA1,9
30UWC2,14
32UPB3,8
33TWL2,9
34VFM1,15
34TFL3,4
33UWS2,5
35VML1,6
35WMR2,5
29TNJ4,7
32TNT3,13
30SVG2,2
30UVG3,8
34UCF1,8
32UMB4,15
34VEP2,10
34WED2,1
29TPG2,3
34VEM3,13
35VMH2,14
31TBJ3,17
30SYJ2,8
33UXU2,7
30TXP1,12
31TCL2,19
31UEP3,16
33UVS3,8
35TLF4,1
34UDA2,10
30TXN1,12
29TNG3,8
35TNG3,5
29TPE1,6
32UMA1,14
29UPU2,4
30UWC1,13
35WNS2,3
32TMQ3,6
32TLS3,18
29TNH3,5
30UXB2,13
34UCF2,12
32TMP1,8
34UFG3,2
34VFP1,13
33TVL1,9
32UNA3,12
33TUJ2,4
32TMR4,4
35TLH1,2
33UVV3,6
34UEB4,4
32TNQ4,6
31TDN1,16
32UMV2,18
32UPC4,9
34UCU2,10
34TFT2,3
30TXM1,3
32TNR2,2
32UMB2,11
34UFG1,3
30UXF2,9
33TVK4,2
32TPQ4,4
31UFT4,13
32ULB2,15
32TLQ2,15
35WNR1,5
33UXT4,3
33UXP3,9
35VNL1,10
30VVJ2,8
34UCB3,4
34UCC3,3
32VMQ1,7
32ULD1,12
33TVL2,6
33UVS2,9
34SDK4,4
34SGG1,2
31TEG2,4
32UNU2,9
30UUG3,7
30TWM1,4
33UUS3,6
35VNJ2,11
30SXJ2,6
32UNB3,15
30SWG4,6
30VVJ3,7
32ULB3,15
32UNA4,13
32TQT1,8
32VMM2,6
33TWM4,5
35VNL3,5
33UVP3,9
33TUG1,6
34UFG2,2
35WNT4,9
35WNT2,2
34TDQ3,1
34UDU4,13
33WWS4,7
30SUF1,6
34UDU1,4
30UWD2,12
34UEB2,5
32UMU4,9
34UDB3,8
29SMD4,4
33UWR2,2
33UVV4,7
32UPV2,9
30VWH1,9
31TCG3,14
32TPN1,4
30UXE4,9
33TWN1,6
30UXE1,8
32UPV1,8
30TWN3,12
33TUH4,6
32TLS1,19
35VLH3,14
33TWM2,3
34UCV4,14
34UGU2,5
34UCD4,4
31TCJ1,13
33UUV2,7
31TDN4,17
30UWG4,8
30TUM4,5
32UPA4,12
35TMK2,1
33UVQ4,5
33TVF1,4
30TUP2,6
31UCS2,11
32UPU1,10
30TWM3,8
33TTJ3,3
33UVU1,10
32TQR1,4
34UEC3,3
30SYJ1,8
35VNH4,7
31UET2,7
32TPT3,10
29TQG1,10
31TCF3,9
34WES1,4
33WWP4,6
33UUQ2,7
30UWG1,7
33TUL2,1
31UCQ4,14
33UWR4,4
31TDG4,10
34WDU1,5
29TNH1,4
30TVM1,6
30SVF3,5
30TVL4,11
34UFU4,8
30UUC4,11
30UVC1,11
32UNE1,10
33TUN1,11
30UWE1,9
34UFF2,6
35ULA2,8
31TBG3,5
33TXM2,3
35VNL2,12
33UUR2,5
35WMP3,3
29SPE4,3
30TXT2,16
33UXS1,6
34UDU3,11
35WNN3,3
30UXC1,12
32ULV2,19
33UUS2,7
31TCJ2,14
35TPJ1,1
34UFE1,5
33TVK1,4
36VUR4,4
35UMB2,4
34UDA4,6
34TCN2,7
33UXP1,8
34VFN2,12
30STK4,3
34UFV2,16
35WNS3,7
34SGJ2,4
30VWJ2,8
30SVG3,4
30UWB2,13
34TDR2,3
34UCD1,4
35VMK2,10
33TUJ4,2
33TXN1,8
35VLJ4,13
33TUM1,6
30TWM2,8
30SWG1,4
35WNP4,7
32TKN3,13
31TCN2,19
30UYU1,15
30UXU3,14
31UCP1,14
31UDS3,8
31TCN4,18
31TDN3,16
31TDN2,19
31TCM3,19
31TCK1,17
32TLT2,20
32ULU2,19
35UMA3,1
34TCP2,12
33UUV4,9
30UWF3,11
34UED2,5
34UDF3,6
34UDV2,7
32TLS4,19
30SXG2,5
29TNF3,7
32VPP1,7
35TLK1,2
33TTG3,6
30TYK1,10
33UUR1,5
34SDJ3,2
32UNF3,10
33UXV3,4
34TFK3,1
29UNT2,5
35ULP2,13
30UVF3,6
29UPA2,7
30UVC2,13
30UWC4,11
30VUH4,7
30UVC4,13
30UWB3,15
30UVB1,9
30UVD2,14
30VWH2,9
30UWF1,9
30UXD4,11
30UUG4,7
30UVG4,8
30UVD3,12
30UUB4,9
30UWC3,13
30UXE3,5
30UWE4,10
30UVG1,8
31UCV2,3
30UUC3,13
30UUD3,4
30UWE3,8
30VVK2,6
29UPA3,7
31UCU2,10
30UUA2,14
30VUJ3,6
30VWJ1,12
31UCU4,8
31UDU2,7
29UNA4,6
35VLG4,10
34VER2,8
36VUP3,8
33VUK4,7
33VWJ1,7
33WXN2,4
34VCQ3,9
33VVK1,6
33VVL1,6
34WCS4,3
33WXS2,7
34WEA2,2
32TLP2,18
32TLP4,12
32TLP1,19
31TGJ1,14
32ULD3,10
31UET4,10
31UET3,13
31UFU4,9
31UFU1,10
32ULC3,15
30TXK1,7
30TVN3,13
32ULC2,14
32ULD2,13
29TPH2,6
31UFU3,10
30STG4,6
32UME4,6
31UFR2,17
31UFV4,8
32ULE2,9
30SWH1,4
33TUM2,10
33TUN3,14
32UPA1,10
33TUN4,11
30TVP2,10
32UMD4,9
32ULA4,14
33TXL2,2
32ULD4,13
32UPC3,8
33UUT1,8
32UNV3,7
33UXR4,6
30TVP4,10
30TXM3,4
32ULU4,19
33UVT4,6
36WVC1,2
32UMU3,10
32TPT2,4
32UPB1,13
30TWN2,5
33UWU2,7
35WLN3,5
29TPG1,6
35TMG2,5
29SQB1,4
34TDL3,5
30UWU4,13
31UEQ4,19
33TUL1,4
33TUM3,8
30TXT1,15
33UVS4,5
32UPD3,11
32UNB2,11
33UUT4,7
33UVU2,13
33TVL4,5
32UPE2,10
30TVK3,4
30TTN3,8
33UUA4,7
32UMB1,12
31TBE3,7
29SND1,5
29SNC3,2
35TLH4,4
29SQE2,4
32UNB1,11
30TVN2,13
33UUP4,11
32UMD1,11
33UVA2,8
29SQA1,6
30TYM2,4
30STJ3,4
29SQA2,3
32UMC4,11
32UNA2,11
32UNV4,9
32TQT2,9
33TUN2,7
33VWH1,6
32VPH1,9
32VMH2,4
35TLN1,14
35ULP4,14
35TLN3,5
30UWG2,7
31UEQ3,18
30TWK3,4
35TLG4,6
30STG3,5
31SBD4,3
35TLH2,5
34TFR2,3
35UMV1,1
32TMS2,17
29TPF4,4
30TUP4,9
34TFR4,1
33VVG3,12
33VWH3,10
33VVK4,5
33WWP2,5
33VVG4,11
34WEV3,3
34WCS3,7
33VWL2,6
33WWN1,5
33VVJ2,4
33VWJ4,6
33VWJ3,8
33WXQ2,4
34WFV2,5
33VWK1,9
33VVG1,7
33WXQ1,4
33VWK2,9
33WVN4,8
34WDS3,8
33WXN1,5
33UXP4,6
30VUH2,7
34TCT3,5
33TVL3,11
35TMN2,1
30TXT4,15
29TPF1,9
34UFB1,2
33UXR2,7
35VMH1,12
34UEU3,2
34TEP2,1
34TEN2,3
29SNE4,5
34UFE3,4
33VVJ1,5
34WDS1,5
33WXM1,5
31UFP4,22
30TYQ2,13
35VPH1,4
36VUP4,1
33WWM1,4
34WDB4,2
34WDV1,6
34WDV2,7
34WDA3,3
34WEA1,2
33WVM4,4
34WDA2,3
34WEV4,2
31TBH3,20
33VWL3,6
33WXP1,2
30TYP1,15
30TWS3,7
30UVU2,15
30TVT3,8
33WXP2,2
34UEA2,6
30SUK4,5
29TNG4,7
30TWN4,7
30SUK2,5
29UPV3,2
33UWV2,5
29SNB1,2
32TPS3,3
33UVP4,11
31TBK3,15
30TXS2,11
30TXR1,11
33WWQ3,2
33WWP1,5
34WCU3,1
33TWK2,4
29UPU3,6
34VER4,9
32UNU4,7
34UCU1,3
34VFQ1,7
33UUV1,10
34UFB3,5
29SPD1,5
35VPJ1,10
35WPP2,4
34UEV2,4
33TUG2,7
34TCM4,3
33VWJ2,4
30SXG3,4
30SVH3,7
35VMD2,1
35WNT3,6
32VNP4,9
32UPD2,7
30TUL4,4
32UMF4,2
32UPV4,11
29TPJ2,4
32VPQ1,8
34TDL4,3
29SPC4,2
30STJ4,3
30SXH2,7
35TNH3,2
34WCT4,4
33VVL3,3
33WVP4,5
32ULU1,16
31UGP1,13
32VLP4,5
32VLL3,6
31VFF4,9
32WPS2,7
32VLK3,5
32VLN3,9
32VLL4,6
32VNP1,7
33WVQ4,8
33WUN3,6
32VMP1,6
31VFF1,7
32VNN1,8
32VMN1,8
33WVP2,5
34WEC1,6
33WWR1,8
32VMK1,10
33WUM3,5
32VML2,5
32VMR4,6
32VLQ4,9
34WEB2,4
33WWR4,3
33WWN3,5
34WEA4,1
33WWQ4,3
34WDU2,3
33UWP1,5
34SEK2,1
35WMP2,3
31TCG2,6
32UME1,3
34VEQ2,10
34VEN1,9
31TDM1,18
31TDJ3,15
30UUU3,9
31UCQ2,11
30TWT2,3
30UVU1,11
30UUU4,4
30UWU2,14
31UFP3,18
31UCR2,9
30UVV4,3
30TVT1,2
33WWQ2,7
34WFV1,5
30UXU1,12
31UFR1,7
32UME3,8
29SPB4,3
34TEL2,5
30TXR2,11
31UCS4,7
35WMQ3,3
35WMQ4,2
35WNM3,4
35WMR3,4
35WNM4,7
35WPM1,5
35WNN2,4
35WNP2,3
35WMP4,3
35WMN4,5
35WNP1,3
35WNN1,5
34VFQ2,8
35WNQ3,2
35WMR4,3
34VEP4,8
34WFA1,4
35WNT1,3
34WEB4,3
35WMN1,4
35VLK4,11
35VPL2,5
35VMG1,12
35WMS3,2
36VUQ4,8
35WNR2,1
35WLP3,3
35VPL1,5
35WMR1,3
34WEB1,4
35WPN1,3
35WLM3,7
35WPR2,2
35WNQ1,3
34VFM2,9
35WMT3,2
35WNR4,1
35WMN3,3
32TLN1,5
30TXM4,3
35ULB1,3
35UMP2,3
34UFC4,7
34TFR1,2
35TLM3,6
34TFP2,1
29UNU2,8
34WEB3,3
35VMJ3,7
35WMM2,5
35VNK3,6
35VNJ1,10
35VMK3,5
35WMM1,8
35VNH2,11
34VEQ4,8
34VFR2,3
35WNM2,8
35VNK1,10
35WNQ2,2
35VNH1,8
34VEN3,10
35VML4,3
35VLK3,6
35VPK2,11
35WPM2,10
35VMJ1,11
33TUH1,4
31UCT4,10
30UUF3,7
29VPC3,3
34UEB1,5
34UEU1,3
35VLD4,5
34TGN1,2
29UPV4,5
34UCA2,4
33UUP1,8
32VMM4,7
32VML1,6
32VMK4,5
31VFJ2,7
32VMN3,7
29UPU1,5
29UPV2,4
29UNT3,4
29UMT3,7
30UVG2,8
30VUJ1,4
30UUF1,6
29UPB4,6
31UCU1,7
29UNA3,4
30VVK3,2
30VUJ2,5
30VVK1,3
30VUK4,5
30UUG1,5
29VPE4,5
30VVK4,2
30UUB3,3
30TXM2,6
30TVM4,6
35VNK4,8
34VEP3,9
35VMK4,8
35VMJ4,12
34VER3,3
35VNJ3,3
34VEQ1,8
35VMH3,11
34WFS2,5
35WNN4,4
35VNK2,9
35VNL4,6
35VMJ2,11
35VMG3,7
36VUR3,5
36VUQ3,4
36VVQ1,3
35VPK1,11
35VPJ2,8
35VNJ4,7
35WPN2,3
30SXJ4,7
30SXK2,9
30SXH3,8
30SXK4,9
30SXJ3,9
30SWJ2,3
34TCR1,3
35TLM4,10
36WUS4,5
30STF4,4
30SVJ3,3
30SWK4,3
30SVJ2,4
33TWK3,3
35WNP3,3
30SWH4,4
34UCA4,6
34TGS1,1
33UUA2,7
34UFE2,8
30SUJ3,3
34TFS4,4
29SQD2,3
30SUF2,3
34WED4,2
32VLM3,6
32VPP2,8
32VMQ2,11
32VMM3,6
31VFF2,3
32VLN4,8
33WVQ2,6
33WWR3,7
32VMM1,3
32VMN2,5
32VMP2,6
29TMH3,4
34TGN2,1
34VEH1,1
34SEJ4,2
33TUH3,2
32TMQ1,5
35WMT2,6
33UXT1,4
33UWU3,5
32UPA2,12
33SWE2,2
35TMH3,2
34UFC1,4
29SND4,4
33UUR4,4
33UWT1,7
34UDF1,3
34TCM1,8
31TCF1,7
29SPD2,2
34UDB4,8
34UEG1,1
31TCF2,5
29UNA2,4
34UDA1,5
33TWL3,4
33UYP1,6
34UDF4,5
29SNB2,4
29SNB3,4
32TNQ3,4
33UVV1,5
35UMA1,4
33WUN4,5
32WPS1,5
31VFH1,6
34WEC4,7
33WWR2,7
33WVN1,6
33WVM2,7
33WVN2,5
33WUP4,3
34WEC2,6
34WDC3,3
33WWQ1,7
31VFK2,4
33WWS3,4
32WPT2,4
32VNK1,4
32VLQ3,2
30SWF3,5
33TVN2,6
35TMN4,1
34UFC3,5
34UDE3,4
34TEM1,2
33TYL2,5
34UFB2,6
34TDQ1,3
29TPE3,2
34UCF4,5
34TFS3,3
34TEK3,2
35WMT4,7
34TDS1,1
33UXS3,8
35VLL3,6
34UDA3,5
31TCG1,9
31TBF3,6
31TDF3,1
31TBG4,2
32UPE3,9
33UUT3,6
33UUU2,9
32UPD4,3
32UPU2,8
35TKF4,1
32UPF2,9
33UVV2,6
33UUV3,7
33UXA2,4
34UDE4,2
34UEE3,3
34UED4,3
34UFA2,4
33UXV4,7
34UDE1,4
33UVU4,6
33UXV2,4
33UXT3,4
33UXS2,6
34UEE2,4
33UWT3,2
33UWS4,8
34UCE2,2
34UFA3,1
33UXR3,5
34UFC2,1
34UEV3,6
34UCC2,1
33UXU4,2
34UED1,1
33UXA1,2
33UXU1,2
34UDC4,4
34UCD3,2
34UEF4,3
34UDC1,5
34UEV4,2
34UFV1,6
34UDB1,2
34UCB4,4
34UCB1,3
34UCC1,1
34UDD4,2
34UED3,5
33UWV4,4
34UDD1,2
34UCD2,5
34UCE4,5
34UFB4,3
34UFE4,2
33UXR1,10
33UWT4,4
34UDE2,2
34UDB2,2
34UEE4,3
34UCE1,5
34UDD2,1
34UEV1,6
34UFA1,3
33UXS4,4
34UFD2,5
34UFD3,6
33UXU3,2
34UEB3,4
34UEE1,2
33UWU1,2
33UWU4,3
34UDF2,2
33UXA3,4
34UCE3,4
33UWT2,2
33UWV3,1
34UCB2,4
33UXV1,3
34UEF2,3
34UEA1,3
33UWS3,3
35VMG4,3
32UNB4,9
32UNV1,7
34TET1,3
30TWP4,1
35TPJ2,1
30TVL1,3
34TCN1,8
30SUG4,6
30TWK1,4
29TPG3,6
30TTM4,4
30TYM1,6
30SVG1,4
34UCV1,9
30STH4,4
30SUH2,2
32TQP2,6
34VFH1,1
34TER4,2
34UEG3,1
30UWV2,1
35VML2,7
35WNQ4,5
35WMM4,5
30TUK3,8
30VUK3,3
29UPV1,4
30TWL3,3
34TFQ3,1
30TUL1,3
35WMU3,2
34TCM3,5
34TBM3,1
34TCN4,10
34TDN2,12
34TCN3,6
34TDN1,1
34TBR4,1
34TFR3,1
34VFH2,2
33TXM3,2
30UUA4,2
35WMU2,7
29UMT2,6
29SPB3,3
29TQJ2,4
30TTL3,3
34TBP3,2
35VNC4,3
30SVH4,4
30TUM3,4
33TVH1,1
35WLQ4,3
30TTN4,8
35ULB4,4
32UPF4,4
33TVG4,3
34TGM2,2
33UVU3,5
29UNV4,4
33TVM3,6
32TQN1,4
30TUM2,4
30TVN4,8
30TXL1,4
30TVM2,6
30SXH1,4
29UMV3,5
29UMT4,4
29UMV4,6
29UNU1,5
29UMT1,4
29UNV2,5
30TTL4,4
35TMF1,2
30UUG2,2
33UWS1,3
35TNJ1,2
32VMH1,2
30TUN4,7
30SVK4,4
30SUG3,5
34TEN1,1
29TNH4,4
30SUH3,4
33UUQ1,3
33TYN2,2
30SUG2,5
30SXG1,4
35TML3,5
30TWM4,3
30TXK3,1
29SNC4,2
36WUU4,3
30TTM3,4
29TMH4,3
35WMS2,2
35WMU4,4
35WMS1,3
34WFB2,2
33WVR4,3
35WMU1,2
30TWP2,1
30TUL3,2
30SVJ1,3
30TXL3,1
35WNS4,2
33TYM2,3
30TYL1,3
35TNG1,3
34VFJ2,1
29SQC2,3
35TLG3,3
35VLC4,3
33UVQ3,2
35TKG3,1
34SEJ1,2
34WEA3,3
34SDJ4,1
30STH3,2
29SQD1,2
29SPC3,2
30SUH1,2
33UWA2,2
34SFH3,1
29TQF2,1
30TXL2,4
29TQH2,5
34TDL1,2
34TGK1,1
35TKG4,2
29TNJ2,1
30TWL1,7
34UEU2,4
33UUQ3,3
30SUG1,3
35TLN4,2
33TXJ4,5
34TEL1,1
34UFF4,4
35TML1,4
34TGT1,4
29TNG2,5
35TNJ4,1
32TPN2,2
36WUS3,1
35TNG2,2
34TDK1,2
34TFP3,1
33UWQ2,5
34TCS2,3
34TFM3,2
34TCS3,2
34UFU1,3
34TDK3,1
35TLF3,1
33TTH4,6
35TLJ2,1
29SPE2,3
34TEN4,2
34UFG4,1
35TNN2,5
35TLN2,1
30SWG3,5
34VEH2,5
30SUJ2,3
29SQC1,2
34TDQ4,1
35TMJ2,2
33SXE2,1
35TPK1,3
34SEJ3,2
34TFL4,3
33TUK3,1
29SPD4,2
34SFJ3,3
30SXF1,1
33UUU1,3
30SWK2,2
30TWL2,3
30SWJ3,3
30SUF4,2
30SUJ4,4
30SWJ1,2
30SUJ1,2
29SPD3,2
30TUL2,1
34SDH3,1
35TLH3,2
34UDV4,2
35WMM3,5
31UDU1,1
34TDT3,2
35ULS2,6
32TQM1,2
35ULB3,2
34TDP3,2
35TNH1,1
29UNU4,6
34TFM4,2
33SWE4,4
35VMD4,1
35WMQ1,2
35ULB2,1
34SFG1,2
33TWL4,2
34TCR2,2
34TFS1,3
34TET3,2
34TEM2,1
35ULV1,1
34TGM1,1
34SFK2,2
35TNN4,1
34TCR4,2
33TUF3,3
35TMM4,1
35TLL1,2
34TCK3,2
33TWJ1,2
33TTK4,2
32TPM3,1
35TLG2,1
35TMH2,2
35TLG1,4
34SFJ4,2
34TGQ2,1
34TEP4,1
34TCS4,2
34TDT1,2
29UNV3,5
29UPB2,4
29SPC2,3
34TER1,1
33TWF2,2
29UNT1,5
33TWF4,1
33TVF4,2
33TUF1,2
34TGL1,4
35UMB3,1
34UEG4,5
35ULV3,2
33UWA4,2
34TGS2,1
34VFJ4,1
33TUJ1,2
34TDM4,2
33TXL4,1
34TEN3,1
34SFG2,1
34TCP1,1
29SND2,2
33TTJ4,5
34TCQ3,1
29SNA3,2
34SFH1,1
33TVH2,1
29SNC1,2
33TWL1,5
35TML2,2
34TFQ1,2
33TWE3,1
33TWK4,1
35TNH4,1
34TDT2,3
34TEL4,2
35TKL3,1
34SEH1,2
34UEF3,1
35TMN1,1
34TCQ4,3
33TWG4,2
35TLL2,1
29TPF2,2
34VEH4,2
33TWF1,1
35WNU3,1
33TYM1,2
33UXA4,2
34SDJ1,2
34TCT2,1
35TMM2,3
33TXN4,1
32TQR2,3
34SEH3,2
29UPT1,4
35TMJ1,3
34TDR4,1
34TDS2,1
33UWQ3,4
35UMB4,1
29SPA1,1
29UNA1,2
33TXN3,1
34TFN2,1
34TGR2,1
33SXD3,1
33SWD3,2
35TMG4,1
33TVG3,2
33TYH2,1
35ULA4,2
35TLL3,2
35TKH4,2
34SGH2,2
34TDM3,1
33SXC1,1
33TXM1,3
34UEU4,1
33TXJ3,2
34TEK1,1
34TES1,1
34TEP3,1
34TDP4,1
33SXD2,2
33TYJ1,1
34TBR3,1
32TPQ3,1
35VND2,1
35TNM3,1
34TFK1,1
33SWC4,2
34TFQ4,1
35UNB1,1
29UMV1,3
34TCP3,1
35TMM3,1
29SNC2,1
34TBQ4,1
34TFT3,2
34SEH4,1
34TEQ3,2
33SXD1,1
34TEQ2,1
34TDL2,1
32TNP1,1
35TKK3,1
34TDP2,1
35TMF3,1
33TWE1,1
32TQQ1,1
33SWD4,1
35VNC3,1
34SGH1,1
34SFH2,1
35SKC4,1
34TCL3,1
35TNJ3,2
35TNG4,1
33TXM4,1
35TPL4,1
33TVF2,1
34TCS1,1
34SFF1,1
34TCQ2,1
33TYH1,1
34UDD3,1
29UNV1,6
29UPU4,4
29UMU4,3
29UMV2,2
29UMA4,2
33TYJ2,1
34TEP1,2
34UEC4,1
34TDM1,1
33TXK3,1
33TYK2,1
34SCK4,1
34TFP1,1
34TEQ1,1
34TDP1,1
29UNB4,2
29UMU2,1
29UMA2,1
35TNK4,2
35TNL4,1
35TPL2,1
35TLF2,1
33TYN1,1
35TLM2,1
30UUE1,2
